"entity_name","entity_id","pitch_hand","active_spin_fourseam","active_spin_sinker","active_spin_cutter","active_spin_changeup","active_spin_splitter","active_spin_curve","active_spin_slider","active_spin_sweeper","active_spin_slurve"
"Bachman, Sam",696147,"R",,"95.4",,"85.9",,,"17.9",,
"Fluharty, Mason",689254,"L",,,"42.2",,,,,"57.4",
"Brown, McCade",685326,"R",,"95.8",,"97.5",,"81.8","19.1",,
"Criswell, Cooper",681867,"R",,"74.4","44.8","87",,,,"74.9",
"Guenther, Sean",674944,"L",,"76.1",,,"98.2",,"69.9",,
"Thomas, Connor",671162,"L",,"73.5","14","81.2",,,,"59.1",
"Whitlock, Garrett",676477,"R",,"99.4",,"86",,,"53.3","54.9",
"Maton, Phil",664208,"R",,"72","60.5",,,"91.8",,"43.7",
"Raley, Brooks",548384,"L",,"77.5","37.6","86.9",,,,"51.9",
"Bernardino, Brennan",657514,"L",,"75.5","25.8","88.9",,"54.4","16.8",,
"Murdock, Noah",668716,"R",,"69.4","23.9","60.3",,,,"55.3",
"Ginn, J.T.",669372,"R",,"74.9","63.5","77.4",,,"22",,
"Fedde, Erick",607200,"R",,"77.1","57.9","71.8",,,,"47.2",
"Ramírez, Erasmo",541640,"R",,"84.9","68.2","92.9",,,,,
"Bautista, Félix",642585,"R",,"99.4",,,"97.3",,"36.4",,
"Topa, Justin",623437,"R",,"89.5","41.9","81.1",,,,"46",
"Rogers, Tyler",643511,"R",,"73.6",,,,,"59.3",,
"Pop, Zach",647315,"R",,"85","51.7",,,,"47.5",,
"Spence, Mitch",687765,"R",,"52.3","27.1","69.4",,"68.7","50.2",,
"Peguero, Elvis",665625,"R",,"91.9",,,,,"27.1",,
"Matz, Steven",571927,"L",,"99.5",,"81.8",,"81.1","37.1",,
"Hagenman, Justin",663795,"R",,"96.2","51.2","94.2",,,"24.5",,
"Dunning, Dane",641540,"R",,"86.3","70.8","99.1",,"99.3","41.6",,
"Misiewicz, Anthony",664948,"L",,,"35.7","79.2",,"74.5",,,
"Young, Danny",664849,"L",,"85.3",,,,,,"57.3",
"Borucki, Ryan",621366,"L",,"95.4",,,"89.9",,"15.7","46.6",
"Tate, Dillon",622253,"R",,"92.2",,"68.4",,,,"35.9",
"Suero, Wander",593833,"R",,,"79.6","92.5",,,,,
"Ferrer, Jose A.",678606,"L",,"99.3",,"93.5",,,"16.3",,
"Funderburk, Kody",681892,"L",,"79.2","63.2","85",,,"27.9","59.2",
"Chavez, Jesse",445926,"R",,"90.1","69.9","95",,"77.1",,,
"Little, Brendon",663893,"L",,"70.7","40.5",,,"76.5",,,
"Nance, Tommy",667297,"R",,"83.6",,,,"78.7","14.6",,
"Garcia, Brandyn",805299,"L",,"85.2",,,,,"20.5","65.7",
"Sánchez, Cristopher",650911,"L",,"92.7",,"84.6",,,"21.6",,
"Doval, Camilo",666808,"R",,"49","55",,,,"40",,
"Effross, Scott",664123,"R",,"98.4",,"96.7",,,,"22.1",
"Burgos, Juan",686228,"R",,"69.3","32.6",,,,,"55",
"Darrell-Hicks, Michael",690382,"R",,"85.1","36.4",,,,,"55.8",
"Backhus, Kyle",679775,"L",,"96",,"98.2",,,,"48.4",
"Burnes, Corbin",669203,"R",,"74","62.1","77.7",,"70.7","37.9",,
"Mayza, Tim",641835,"L",,"87.3",,,,,"15.8",,
"Bird, Jake",656234,"R",,"73.7","54.8",,,"85.5",,"53",
"Alexander, Scott",518397,"L",,"76.3",,"67.4",,,"32.1",,
"McDaniels, Garrett",680729,"L",,"66.4",,,,,"19.5",,
"Hjelle, Sean",663546,"R",,"70.9","44",,,"52.1",,,
"Mederos, Victor",682989,"R",,"90.8",,"97.8",,,"36.9","43.3",
"Leiter Jr., Mark",643410,"R",,"92.9","58.2",,"86.6","97.7","39.3",,
"Mantiply, Joe",573009,"L",,"90.3",,"98.5",,"50.7",,,
"Bruihl, Justin",677865,"L",,"80","29.1",,,,,"65.2",
"Johnson, Ryan",696270,"R",,"67.6","42.5",,"82.4",,"42.9","53",
"Roberts, Ethan",681799,"R",,,"47.9",,,,,"70.4",
"Alvarado, José",621237,"L",,"94.1","40.3",,,"49.4",,,
"Walker, Ryan",676254,"R",,"78",,,,,"52.7",,
"McDonald, Trevor",686790,"R",,"85.6",,"96.8",,"31",,,
"Hader, Josh",623352,"L",,"99.5",,"93.3",,,"18.2",,
"Whisenhunt, Carson",687931,"L",,"98.8",,"93.7",,,"28.8",,
"Clase, Emmanuel",661403,"R",,,"64.3",,,,"40.3",,
"Robertson, David",502085,"R",,"75.7","64.5",,,"66.5","45.8",,
"Rogers, Taylor",573124,"L",,"89.3",,,,,,"67.3",
"Mey, Luis",682825,"R",,"72.3",,,,,"32.2",,
"Jansen, Kenley",445276,"R",,"96.1","81.8",,,,"41.9","43.6",
"Ashcraft, Graham",668933,"R",,,"48.1",,,,"37.7",,
"Saucedo, Tayler",642048,"L",,"87.1",,"95.3",,,"29.2","47.6",
"Santos, Gregory",666619,"R",,"57.2",,,,,"40.4",,
"O'Brien, Riley",676617,"R",,"85",,,,"67.6","23.8",,
"Hoeing, Bryan",663773,"R",,"94.5",,,"86.9",,"32.9",,
"Priester, Quinn",682990,"R",,"81.3","62.4","96.4",,"56","28.6",,
"McFarland, T.J.",519008,"L",,"90.3",,"93",,,,"66.4",
"Mahle, Tyler",641816,"R","99.7",,"46.9",,"91.1",,"28.1",,
"Dreyer, Jack",676263,"L","99.6",,,,,"90.8","23.6",,
"Blubaugh, AJ",805123,"R","99.6",,,"86.3",,"86",,"55.1",
"Moreta, Dauri",664294,"R","99.6",,,,,,"15.8",,
"Miller, Shelby",571946,"R","99.5",,,,"88.8",,,"46.1",
"Yesavage, Trey",702056,"R","99.5",,,,"90.2",,"53.2",,
"Stanek, Ryne",592773,"R","99.5",,,,"94.4",,"21.3","41.4",
"Hernández, Daysbel",678226,"R","99.5",,,,,,"17.9",,
"Paddack, Chris",663978,"R","99.5","98.9","70.1","97.3",,"89.1","40.3",,
"Giolito, Lucas",608337,"R","99.5",,,"99",,"90.2","29.7",,
"Brebbia, John",605154,"R","99.5",,,"95.3",,,"42.9",,
"Myers, Tobias",668964,"R","99.4",,"71.4","98.3","90.9","61.2","42.8",,
"Parker, Mitchell",680730,"L","99.4",,,,"91","51.7","20.5",,
"Heaney, Andrew",571760,"L","99.4","96.5",,"99.6",,"61.5","19.1",,
"Lee, Dylan",669276,"L","99.4",,,"98.6",,,"43.5",,
"Gomber, Austin",596295,"L","99.4",,"60.9","97.8","79.5","79.2","35.2",,
"Garcia, Rico",670329,"R","99.3",,,"98.5",,"54.5","14.8",,
"Gordon, Tanner",685299,"R","99.3",,,"94.3",,"21.9","19.9",,
"Ohl, Pierson",701487,"R","99.3","99.3","44.9","83.8",,"75.5",,,
"Cantillo, Joey",676282,"L","99.3",,,"98.1",,"95.5","39.2",,
"Chivilli, Angel",683409,"R","99.3",,,"93.2",,,"25.7",,
"Imanaga, Shota",684007,"L","99.3","91.5",,,"95.1","80.2",,"35",
"Petty, Chase",695534,"R","99.3","97.2",,"99.1",,,"15.1","36.5",
"Palencia, Daniel",694037,"R","99.2","99.7",,,"90.5",,"23.8",,
"Miller, Bobby",676272,"R","99.2","98.6",,"98.4",,"83.9","33.4",,
"Marinaccio, Ron",676760,"R","99.2",,"46.2","92.8",,,,"45.3",
"Richards, Trevor",670950,"R","99.2",,,"61.3",,,"22.4",,
"Poche, Colin",621363,"L","99.2",,,,,,"44.9",,
"Finnegan, Kyle",640448,"R","99.2",,,,"91.7",,"23.7",,
"Anderson, Tyler",542881,"L","99.2","95.8","62.8","94.5",,,"33.2",,
"Springs, Jeffrey",605488,"L","99.1",,"56.9","95.8",,,"30.3","56.3",
"Orze, Eric",679358,"R","99.1",,,,"75.3",,"40.9",,
"Seabold, Connor",657756,"R","99.1",,,"82",,,"46",,
"Blalock, Bradley",687134,"R","99.1",,"50.5",,"92.8","61.1","34.8",,
"Duran, Jhoan",661395,"R","99.1",,,,"87.7","60.2",,"55.4",
"Molina, Anthony",683627,"R","99",,"81.2","93.3",,"31","58",,
"Harvey, Hunter",640451,"R","99",,,,"86.4","87","27",,
"Yarbrough, Ryan",642232,"L","99","98.6","46.4","92.1",,,,"62",
"Petersen, Michael",656848,"R","99",,"29.2",,,,,,
"Dana, Caden",702674,"R","99",,,"97.4",,"96.5","32.9",,
"Quantrill, Cal",615698,"R","99","98","42.1",,"94.7","47","21.5",,
"Farris, Mitch",815083,"L","99",,,"99.1",,,"15.3",,
"Halvorsen, Seth",678020,"R","99",,,,"91.9",,"32.2",,
"Estévez, Carlos",608032,"R","99",,,"86.5",,,"39.3",,
"Detmers, Reid",672282,"L","99","99",,,,"90.8","30",,
"Fernandez, Ryan",681676,"R","98.9",,"57.7","90.8",,,"20.7",,
"Nelson, Ryne",669194,"R","98.9",,"57.8","99",,"63.5","33.8",,
"Falter, Bailey",663559,"L","98.9","98.4",,,"95.2","38","61.4",,
"Castro, Miguel",612434,"R","98.8","98",,"91.8",,,"48.7",,
"Pepiot, Ryan",686752,"R","98.8","95.7","64.5","80.5",,"82.6","50.6",,
"Ragans, Cole",666142,"L","98.7",,"38.2","99.5",,"92","26",,
"Estrada, Jeremiah",669093,"R","98.7",,,,"97.5",,"41.6",,
"Sheehan, Emmet",686218,"R","98.7",,,"98.5",,"85","26.4",,
"Morgan, Eli",669212,"R","98.7",,,"92.5",,,"17.2",,
"Gordon, Colton",676467,"L","98.6","97.9",,"91.3",,"59.6",,"40.4",
"De los Santos, Yerry",660787,"R","98.6","97.6",,"88.4",,,"22.9",,
"Tong, Jonah",804636,"R","98.6",,,"98.9",,"80.5","35.8",,
"Loutos, Ryan",702795,"R","98.6","97.7",,"90.5",,,"38","43.1",
"Klein, Will",694361,"R","98.6",,"43.6",,,"82.8",,"38.2",
"Harrison, Kyle",690986,"L","98.5",,"25","93.8",,,,,"41.1"
"Herget, Kevin",643361,"R","98.5",,"40.4","99.1",,,,,
"Brzykcy, Zach",694350,"R","98.4",,,"99.3",,"60",,,
"Mattson, Isaac",676755,"R","98.4",,,"94.9",,,"40.5",,
"Wacha, Michael",608379,"R","98.4","96.5","61.6","78.2",,"86.8","29.9",,
"Harris, Hogan",663687,"L","98.3",,"68.5","99.2",,"95.9","34.5","70.1",
"Peralta, Luis",678821,"L","98.3",,,"98",,"59.1",,,
"Yoho, Craig",684974,"R","98.3",,"54.6","88.7",,,,"95.3",
"Estrada, Lazaro",681751,"R","98.3",,,,,"84.7","34.5",,
"Vesia, Alex",681911,"L","98.2",,,"99.6",,,"43.1",,
"Blanco, Ronel",669854,"R","98.2",,,"96.9",,"45","34.8",,
"Lara, Andry",691251,"R","98.2","98.6",,,"96.2",,"23.1",,
"Gausman, Kevin",592332,"R","98.2",,,,"85",,"18.9",,
"Maxwell, Zach",687209,"R","98.2",,"58.3",,,,"31.4",,
"Lodolo, Nick",666157,"L","98.2","98.8",,"96",,"41.2",,,
"Dodd, Dylan",689266,"L","98.2",,"48.2","62.2",,,"13.9",,
"Anderson, Nick",623433,"R","98.2",,,"99",,"21.2",,,
"Mize, Casey",663554,"R","98.1","96.8",,,"94.7",,"42.3",,"32.5"
"Lord, Brad",695418,"R","98.1","98.6",,"98.7",,,"13.8",,
"Rangel, Alan",660604,"R","98.1",,,"93.6",,"98.4","44.1",,
"Bednar, David",670280,"R","98",,,,"74.2","65",,,
"Ureña, José",570632,"R","98","96.3",,"99.1","85",,"50.1",,
"Montgomery, Mason",682254,"L","98",,,,,,"14.6",,
"Latz, Jacob",656641,"L","98",,,"97",,"76.7","31.3",,
"Strahm, Matt",621381,"L","98","98.5","50.1",,,,"19.3",,
"Henderson, Logan",701656,"R","97.9",,"58.2","94.5",,,"20.7",,
"Alvarado, Elvis",665660,"R","97.9","96.9",,"99.1",,,"26.9",,
"Bowden, Ben",641386,"L","97.9",,,"98.9",,,"26.2",,
"Erceg, Lucas",668674,"R","97.9","98.1",,"95.6",,,"20.2",,
"Sabrowski, Erik",681870,"L","97.9",,,,,"79.5","28.6",,
"Darnell, Dugan",699911,"R","97.8",,,,"97.7",,"20.3",,
"Maldonado, Anthony",687424,"R","97.8",,,,,,"21.3",,
"Rodón, Carlos",607074,"L","97.8","80.7",,"79.3",,"72.1","20.1",,
"Cortes, Nestor",641482,"L","97.7",,"58.5","92.8",,,,"40.9",
"Kremer, Dean",665152,"R","97.7","92.3","45.5",,"96.3","63.5",,,
"Sears, JP",676664,"L","97.7","97.1",,"95.6",,"40.4","31.8","38.9",
"Romano, Jordan",605447,"R","97.6",,,,,,"18.5",,
"Hoffman, Jeff",656546,"R","97.6","98.6",,,"95",,"19.6",,
"Curvelo, Luis",681168,"R","97.6","97.7",,"99.6",,,"24.8",,
"Anderson, Ian",666120,"R","97.5",,,"94.1",,"48.6",,,
"Walker, Taijuan",592836,"R","97.5","96.2","57.3",,"79.9","68.1","31",,
"Beck, Tristan",663941,"R","97.5",,,,,"85.5","42.6","63.6",
"Hoffmann, Andrew",694851,"R","97.5",,,"95.6",,,"38.6",,
"Smith-Shawver, AJ",700363,"R","97.5",,,,"85.2","78.4","54.5",,
"Kowar, Jackson",663804,"R","97.4",,,"84.3",,,"29.9",,
"Swanson, Erik",657024,"R","97.3",,,,"85.8",,"34.5",,
"Lively, Ben",594902,"R","97.3","96.1","48.8","98.4",,"72.3","46.1","51.7",
"Gonsolin, Tony",664062,"R","97.3",,,,"86.4","65.7","32.7",,
"Harrington, Thomas",802419,"R","97.3",,"41.4",,"92.1",,,"48.8",
"Kerkering, Orion",689147,"R","97.3","91.9",,,,,,"45.8",
"Reynolds, Sean",669308,"R","97.2",,,"98.5",,,"30.6","58.1",
"Hendriks, Liam",521230,"R","97.1",,,,,"80.3","22.9",,
"Williams, Devin",642207,"R","97.1",,,"87.1",,,,,
"Skenes, Paul",694973,"R","97.1","96.3",,"97.9","90","43.2","28.9","36.8",
"Agnos, Zach",688642,"R","97.1",,"61.8",,"90.6",,,"61.5",
"Sulser, Cole",642121,"R","97.1",,"44.8","83.3",,,,,
"Daniel, Davis",669721,"R","97",,,,"95.9",,"38.5","36.9",
"Jarvis, Bryce",686826,"R","97","94.7","27.6","95",,"81","31.2",,
"Alcantara, Sandy",645261,"R","97","96.3",,"94",,"23","24.5",,
"Fuentes, Didier",800311,"R","97",,,,,"79.6",,"50.9",
"Ort, Kaleb",672391,"R","96.9",,"60.8","96.2",,,,"51",
"Bradley, Taj",671737,"R","96.9","97.3","46.3",,"93","78.9",,,
"Ryan, Joe",657746,"R","96.9","95.4",,,"80.4","72.8","33.4","63.2",
"Manaea, Sean",640455,"L","96.9",,,"91.7",,,,"46.3",
"Otañez, Michel",671305,"R","96.9","97.4",,,,,"13.9",,
"Devenski, Chris",606965,"R","96.9",,"36.2","90.4",,,,"49.6",
"Legumina, Casey",668984,"R","96.9","96",,"89.5",,,,"44.8",
"Greene, Hunter",668881,"R","96.9",,,,"87.5",,"42",,
"Gilbert, Logan",669302,"R","96.8","98.6",,,"57.2","66","16.9",,
"Pérez, Martín",527048,"L","96.8","96.3","65.9","99.5",,"35.8",,,
"Holman, Grant",680880,"R","96.8",,,,"77.6",,"10.1",,
"Headrick, Brent",687396,"L","96.8",,,,"97.8",,"21.7",,
"Brogdon, Connor",641401,"R","96.7",,"40","97.4",,,,,
"Strider, Spencer",675911,"R","96.7",,,"78.3",,"58.7","32.2",,
"Liberatore, Matthew",669461,"L","96.6","93.2","51.1","96.1",,"94.4","22.6",,
"Hiraldo, Yaramil",682274,"R","96.6",,,"73.5",,,"33",,
"Poulin, PJ",676571,"L","96.6","95.5",,"98.7",,,,"30.1",
"Smith, Cade",671922,"R","96.5",,,,"93.1",,,"38.9",
"Hill, Tim",657612,"L","96.5","93",,,,,"53.1",,
"Márquez, Germán",608566,"R","96.5","93.7",,"96.9",,"19.3","34.4",,
"López, Jorge",605347,"R","96.4","95",,"99",,"76.4","30.9",,
"Verlander, Justin",434378,"R","96.4",,,"94.1",,"67.5","34","48.3",
"Woods Richardson, Simeon",680573,"R","96.3",,,"86.2","92.1","82.7","46",,
"Gray, Jon",592351,"R","96.3",,,"99.3",,,"31.9",,
"Enright, Nic",663671,"R","96.3",,,,,"47.6","21",,
"Taylor, Troy",700187,"R","96.3","93.9",,,,,,"61.4",
"Curtiss, John",595928,"R","96.3",,"46.9","78.2",,,"26.4",,
"Pérez, Eury",691587,"R","96.2","95",,"99.1",,"59.3","25.2","37.3",
"Warren, Austin",681810,"R","96.1","96.6","24.4",,,,,"49.2",
"Knack, Landon",689017,"R","96.1",,,"88.6",,"84.6","26.7",,
"Arias, Luarbert",678215,"R","96.1",,,,"83.4",,"30.2",,
"Enns, Dietrich",608650,"L","96","96.3","22.3","98.4",,"78.5",,,
"Weaver, Luke",596133,"R","96",,"67.6","88.4",,,"53.3",,
"McDermott, Chayce",694646,"R","95.9",,"37.7",,"73.6",,"34.6",,
"DeSclafani, Anthony",543101,"R","95.9","95.3",,,"72.4","63","36.4",,
"Banda, Anthony",607455,"L","95.9","94.3",,"99.1",,,"27.3",,
"Matthews, Zebby",805673,"R","95.8","95.4","52.7","98.9",,"49.3","17.8",,
"Ray, Robbie",592662,"L","95.8",,,"94.3",,"42.6","50.3","60.7",
"Littell, Zack",641793,"R","95.8","94.5",,,"77.3",,"50.3","50.5",
"Nicolas, Kyle",693312,"R","95.8",,,,,"72.8","27.7",,
"Booser, Cam",592155,"L","95.8",,"21.6","92",,,,"54.9",
"Williams, Gavin",668909,"R","95.8","98.7","59",,,"87.3",,"52",
"Bieber, Shane",669456,"R","95.8",,"33.9","89.6",,"81.6","13.1",,
"Scott, Tayler",605463,"R","95.8","95.9",,,"77.5",,"21.9","43.5",
"Baker, Bryan",641329,"R","95.7",,,"87.5",,,"44.8",,
"Gaddis, Hunter",683769,"R","95.7",,,"96.5",,,"50",,
"Zulueta, Yosver",691172,"R","95.7","94.1",,"97.8",,,"20.8",,
"Sterner, Justin",686993,"R","95.7",,"31.7",,,,,"49.1",
"Akin, Keegan",669211,"L","95.7",,,"98.1",,,"25.6",,
"Leasure, Jordan",673929,"R","95.6","96",,,"93.3",,"35.7",,
"Stephenson, Robert",596112,"R","95.6",,"16.5",,"96",,"13.9",,
"Eisert, Brandon",685126,"L","95.6","92.8",,"88.1",,,"41.8",,
"Yates, Kirby",489446,"R","95.6",,,,"98.1",,,,
"Sasaki, Roki",808963,"R","95.6",,,,"91.6",,"43.4",,
"Contreras, Roansy",672710,"R","95.6","96.4",,"99.4",,"61.3","27.2",,
"Gibaut, Ian",664139,"R","95.6",,"58.3","97.4",,,"40.8","55.3",
"Wilson, Justin",458677,"L","95.6",,"63.7",,"89.3",,"24.6",,
"Brown, Ben",676962,"R","95.5",,,"92",,"26.3",,,
"Kimbrel, Craig",518886,"R","95.5",,,"93.7",,"65.1",,"57.6",
"Martinez, Justin",679885,"R","95.5","94.7",,,"88.6",,"44.5",,
"Pilkington, Konnor",663455,"L","95.5",,,"88.5",,,"12.2",,
"Perkins, Jack",678022,"R","95.5",,"52.3","96",,,,"37.6",
"Rodríguez, Elvin",660730,"R","95.5",,"49.7","97.5",,"79",,"36.1",
"Chafin, Andrew",605177,"L","95.4","93.5",,,,,"30.2",,
"Milner, Hoby",571948,"L","95.4","92.2",,"95",,,,"63",
"Johnson, Seth",686751,"R","95.4",,,,"67.5","91","32.4",,
"Henriquez, Edgardo",683618,"R","95.3","95.6","57.2",,,"66.2","31.8",,
"Lorenzen, Michael",547179,"R","95.3","91","50","97.3",,"65","20.6","35.4",
"Alcala, Jorge",660896,"R","95.3","92.4",,"94.5",,"43.1","31.4",,
"Whitley, Forrest",666215,"R","95.3","94.3","37.9",,,"86.8",,,"63.4"
"Cecconi, Slade",677944,"R","95.3","96.4","40","89.7",,"82","30.5",,
"Kriske, Brooks",621139,"R","95.2",,"28.2",,"51.6",,,,
"Young, Brandon",687064,"R","95.2",,"45.8","99.2","81","88.5","29.1",,
"Peralta, Wandy",593974,"L","95.2","94.8",,"84.1",,,"27.9",,
"Mears, Nick",683232,"R","95.2",,,,,"77.7","19",,
"Johnson, Pierce",572955,"R","95.2",,"56.4",,,"41.5",,,
"Henry, Cole",669371,"R","95.1","93.9","29.8","93.9",,"53.7",,,
"Rock, Joe",697812,"L","95.1","92.6",,,,,"19.4",,
"Guerrero, Luis",692285,"R","95.1",,,"89.3",,,"33.3","47.8",
"Luzardo, Jesús",666200,"L","95.1","94.9",,"99.5",,,"19.5","37.5",
"Altavilla, Dan",656186,"R","95.1","91.3",,"89.2",,,"37.2",,
"Nola, Aaron",605400,"R","95.1","92.9","47.3","99.5",,"82",,,
"McKenzie, Triston",663474,"R","95.1",,,,,"67.6",,,
"Fermin, José",820862,"R","95","92",,,,,"9.6",,
"Leiter, Jack",683004,"R","95","95.1",,"79.6",,"62.5","27.4",,
"Hill, Jaden",677955,"R","95","96.4",,"99.6",,,"28",,
"Povich, Cade",700249,"L","95","93.9","77.2","74.9",,"83",,"43.3",
"Abbott, Andrew",671096,"L","95",,"41","95",,"46.2",,"33.8",
"Rainey, Tanner",663432,"R","95",,,,,,"23.8",,
"Bergert, Ryan",686701,"R","94.9","96.9",,"96.4",,,"28.4","44.6",
"Arrighetti, Spencer",681293,"R","94.9","94.1","44.8","95.5",,"76.9",,"56.5",
"Thompson, Mason",666168,"R","94.9","92.4",,,,"85.7","33.1",,
"Chandler, Bubba",696149,"R","94.9",,,"97.5",,"33.3","20.3",,
"Hernández, Carlos",672578,"R","94.9","95.8",,,"91.8","55.3","25.1",,
"Pivetta, Nick",601713,"R","94.9","96.3","65.5",,,"82.3",,"42.2",
"Brown, Hunter",686613,"R","94.8","88.1","52.2","96.5",,"81.1","41.1",,
"McGough, Scott",543518,"R","94.8","97.4",,,"80.6",,"30.3",,
"Díaz, Edwin",621242,"R","94.8",,,,,,"23.4",,
"Scholtens, Jesse",669947,"R","94.7",,,,,,"36.4","46.5",
"Boyd, Matthew",571510,"L","94.6","95",,"90.4",,"74.7","23.4",,
"Matsui, Yuki",673513,"L","94.5","91.4",,,"74.8",,"36.4","38.6",
"Sale, Chris",519242,"L","94.4","92.9",,"99",,,"55.3",,
"Trivino, Lou",642152,"R","94.4","90","57.6","98.8",,"82.4",,"57.8",
"Civale, Aaron",650644,"R","94.4","91.6","55.9",,"91.6","79.3","45.1",,
"Suarez, Robert",663158,"R","94.4","94.9",,"93.4",,,,,
"Cruz, Steven",674444,"R","94.4",,"63.2",,,,"49.8",,
"Jackson, Luke",592426,"R","94.4",,,,,"68.8","37.6",,
"Evans, Logan",688138,"R","94.4","94.2","16.1","91.6",,"68.8",,"43",
"Baz, Shane",669358,"R","94.4",,"49","95.7",,"71.5","23.5",,
"Fisher, Braydon",680755,"R","94.4",,"66.6",,,"77.2","18.7",,
"Eovaldi, Nathan",543135,"R","94.3","93.8","64.6",,"83.1","79.6","40",,
"Pagán, Emilio",641941,"R","94.3",,"34.6",,"79.4",,,,
"Dollander, Chase",801403,"R","94.3","86","36.8","97.3",,"77.4",,,
"Jobe, Jackson",695549,"R","94.3","88.4",,"98.1",,"70.4","29.6",,
"Birdsong, Hayden",806185,"R","94.2",,,"88.8",,"67.2","34.5",,"32.5"
"Rodriguez, Bradgley",699134,"R","94.1","90.5","44.3","98.3",,,,,
"Lopez, Jacob",682052,"L","94.1","93.6","59","97.2",,,"50.2",,
"Seymour, Ian",693855,"L","94","93.1","53.8","97.5",,"86.8",,"29.3",
"Pearson, Nate",663878,"R","94",,,,,"71.1","36.1",,
"Lynch IV, Daniel",663738,"L","94","90.4",,"93.8",,"31.5","17",,
"Kopech, Michael",656629,"R","93.9",,"35.3",,,,,,
"Taillon, Jameson",592791,"R","93.9","92.6","49.3","86.8",,"71.6",,"53.4",
"Beeks, Jalen",656222,"L","93.9",,"19.6","91.8",,,,,
"Eder, Jake",671109,"L","93.9",,,"86.3",,,"35.6","37.5",
"Miller, Erik",669062,"L","93.9","96.2",,"99.5",,,"17",,
"Graceffo, Gordon",700669,"R","93.9","94.9",,"95.1",,"76.8","20.7",,
"Berríos, José",621244,"R","93.8","98.6","55.3","98.4",,,,,"55.7"
"Gillispie, Connor",687362,"R","93.8",,"36.5","83.8",,,,"56.1",
"Hoglund, Gunnar",680684,"R","93.8","94.9",,"85.3",,,"67.4","40.2",
"Kelly, Zack",677161,"R","93.7","94.8","56.5","94.7",,,,"56.9",
"Bowlan, Jonathan",680742,"R","93.7","93",,"69.6",,"65","25.4",,
"Gervase, Paul",801434,"R","93.6",,"58.2",,,,"39.9",,
"Cox, Austin",680735,"L","93.6",,"60.4",,"88","56.1","33.3",,
"Speier, Gabe",642100,"L","93.6","92.8",,,,,"33.9",,
"Lauer, Eric",641778,"L","93.6",,"38.6","96.9",,"69.7","27.3",,
"Hanifee, Brenan",669724,"R","93.6","92.6",,"96.2",,,"18.8",,
"Merryweather, Julian",657240,"R","93.5",,,,,,"22.6",,
"Palmquist, Carson",687223,"L","93.5",,"44.1","89.3",,,,"49.5",
"Canning, Griffin",656288,"R","93.5",,"39.2","85.9",,"50.3","28.5",,
"Miller, Bryce",682243,"R","93.4","90.2","64.5",,"68","69.1","26","62.4",
"Kahnle, Tommy",592454,"R","93.4",,,"98.6",,,,,
"Weathers, Ryan",677960,"L","93.4","91.7",,"69.6",,,"26.1","33.3",
"Megill, Trevor",656730,"R","93.4",,,,,"40.5",,,
"Cabrera, Génesis",650893,"L","93.4","92.1","54.9",,"76.9","65",,,
"Richardson, Lyon",680689,"R","93.3","88.8",,"92.8",,"54.8",,,
"Brazobán, Huascar",623211,"R","93.3","91.3","42.7","83.2",,,,,
"Allard, Kolby",663465,"L","93.2","94.4","49.5","99.4",,"95.1",,,
"Santillan, Tony",663574,"R","93.2",,,,,,"30.1",,"38.3"
"Estes, Joey",683155,"R","93.1","93.2",,"98.7",,,"32.8","50.8",
"Suarez, José",660761,"L","93.1","91.2",,"86.1",,,"30.2",,
"Shuster, Jared",694363,"L","93","95.8",,"76.5",,,"24.7",,
"Scherzer, Max",453286,"R","93",,"43.2","99.1",,"66.4","28.5",,
"Tidwell, Blade",694918,"R","93","93.5",,"87.3",,,"34","46.3",
"Ruiz, José",614179,"R","93","90.9",,"90.3",,"45.5",,,
"Okert, Steven",595345,"L","92.8",,,,,,"38.6",,
"Miller, Mason",695243,"R","92.8",,,"90.6",,,"48.4",,
"Hamilton, Ian",641656,"R","92.7","87.5",,,,,"37",,
"Tonkin, Michael",543859,"R","92.7","90.1",,,,,"11.2","44.7",
"Messick, Parker",800048,"L","92.6","87.3",,"77.4",,"57.5","46.4",,
"Burke, Brock",656271,"L","92.6","87.8",,"77.7",,,"45",,
"Sproat, Brandon",687075,"R","92.6","85.5",,"98.2",,"82.7","41.4","49.9",
"Severino, Luis",622663,"R","92.5","91.3","62.7","98.1",,,"42.6","61",
"Burrows, Mike",681347,"R","92.4","93.7",,"97.4",,"85.7","30.4",,
"Morillo, Juan",666661,"R","92.4","91.2",,"97.5",,,"40.1",,
"González, Wikelman",682790,"R","92.4",,,"98.6",,,"35.3",,"78.3"
"Francis, Bowden",670102,"R","92.3","94.1",,,"93","83.7","29.6",,
"Varland, Louis",686973,"R","92.3","94.1",,"85.2",,"51.1","40",,
"Bido, Osvaldo",674370,"R","92.2","89.9","16.1","95.1",,,"26.3",,
"Mena, Cristian",691441,"R","92.2","84.6",,"78.5",,"15.1",,"23.4",
"Santana, Dennis",642701,"R","92.2","89.1","49.8","87.1",,,"21.4",,
"Bigge, Hunter",685801,"R","92.2",,,,,"91.2","31.4",,
"Green, Chad",643338,"R","92.2","89",,,,,"25.9",,
"Winn, Cole",668390,"R","92.2","86.6","48",,"92.9",,"34.3",,
"Selby, Colin",681882,"R","92.2","88.1",,,,"83.5","26.9",,
"Alexander, Jason",669920,"R","92.2","92.2","37.7","98.1",,,,"66.7",
"Snell, Blake",605483,"L","92",,,"98.5",,"60","55.2",,
"Gore, MacKenzie",669022,"L","91.9",,"51.1","92.1",,"74.8","11.9",,
"Smith, Dylan",681916,"R","91.9","97.7",,,"88.2",,,"35",
"Bazardo, Eduard",660825,"R","91.9","92.1",,,"88.2",,"59",,
"Long, Sam",669674,"L","91.9","84",,,"77.6","74.6","15.9",,
"Wilson, Steven",621051,"R","91.9",,"60.1","98.8",,,,"50.9",
"Cabrera, Edward",665795,"R","91.8","87.9",,"92.9",,"76.6","22",,
"Lucas, Easton",687922,"L","91.7",,"55.3","96.3",,,"24.9","36.3",
"Wentz, Joey",666214,"L","91.7",,"33.1","94.6",,"59.2","24.6",,
"Houser, Adrian",605288,"R","91.7","88.9",,"88.7",,"96.4","32.7",,
"Thielbar, Caleb",573204,"L","91.6",,,,,"81.5","46.7","44.9",
"Hicks, Jordan",663855,"R","91.6","86.8",,,"94.3",,"41.9","49.5",
"Ogasawara, Shinnosuke",829272,"L","91.5","96",,"96",,"99.5","21.6",,
"Patrick, Chad",694477,"R","91.5","85.7","37.5","73.1",,,"39.8",,"45.2"
"Buehler, Walker",621111,"R","91.5","89.3","58.3","94.8",,"93.8","45.1","62.8",
"Martin, Chris",455119,"R","91.5","82.5","54.2",,"75.6",,,"58",
"VanWey, Logan",701121,"R","91.5","84.8",,"93.5",,,,"41.6",
"Sims, Lucas",608371,"R","91.4",,,,,"62.2",,"45.5",
"Martinez, Nick",607259,"R","91.4","90.2","58.9","77.1",,"82.1","12.2",,
"Englert, Mason",669438,"R","91.4","83.7","19.9","60.8",,"84.2",,,
"Mlodzinski, Carmen",669387,"R","91.4","90.6",,,"65.5","75.1","18.5","29.8",
"Gillaspie, Logan",670810,"R","91.4",,"65.9","97.8",,"63.4","32.3",,
"Cleavinger, Garrett",664076,"L","91.3","84.9","31.1",,,,"35.5","68.7",
"Cruz, Fernando",518585,"R","91.3","91.6",,,"39.2",,"43.1",,
"Schultz, Paxton",687606,"R","91.3",,"56.9","45.8",,,"41.8",,
"Tolle, Payton",801139,"L","91.3",,"47.1","67.1",,"45.1","26.5",,
"Castillo, Luis",622491,"R","91.2","92.6",,"91.9",,,"13.1",,
"Kikuchi, Yusei",579328,"L","91.2","89.1",,"91.5",,"49.3","28.7",,
"Rasmussen, Drew",656876,"R","91.1","89.2","30","87.4",,"68.6",,"47.3",
"Shugart, Chase",663767,"R","91.1","91","36.9","93.4",,,,"62.3",
"Clarke, Taylor",664199,"R","91.1","88.4",,"87.2",,,"30",,
"Tinoco, Jesus",622786,"R","91","87.8",,"98.4",,,"35.5",,
"Zerpa, Angel",672582,"L","91","84.7",,"92.8",,,"59",,
"Davis, Noah",663562,"R","91","92.8","31.4",,,,,"68.4",
"Puk, A.J.",640462,"L","91",,,,,,"21.3",,
"Wells, Tyler",669330,"R","90.9",,"69.8","93.8",,"59.7","43.4",,
"Yamamoto, Yoshinobu",808967,"R","90.9","87.4","45.8",,"78.4","94.9","38",,
"Henry, Tommy",674072,"L","90.9",,,"86.5",,"84","35.5",,
"Burns, Chase",695505,"R","90.8",,,"92.7",,,"24.2",,
"Winn, Keaton",676775,"R","90.8","84.1",,,"87.2",,,,
"Dubin, Shawn",681869,"R","90.8","91","42.4","87.2",,"87.5",,"56.1",
"Mikolas, Miles",571945,"R","90.7","85.3",,"92.6",,"81.3","38","45.4",
"Muñoz, Andrés",662253,"R","90.7","88.3",,"86.6",,,"39.2",,
"Rutledge, Jackson",671131,"R","90.6","95.5","37.7",,"85.1",,"14.8",,
"Woo, Bryan",693433,"R","90.6","84.9",,"87.7",,,"27.5","35.6",
"deGrom, Jacob",594798,"R","90.6",,,"87.9",,"60.1","32.5",,
"Brasier, Ryan",518489,"R","90.5","90.6","53.4",,,,"35.2",,
"Hancock, Emerson",676106,"R","90.5","91.6",,"98.3",,,"36","61.7",
"Newcomb, Sean",656794,"L","90.4","82.5","40.5","84.2",,"88.5",,,"68"
"Ober, Bailey",641927,"R","90.4","94.8",,"99.4",,"72.6","46.4","45.9",
"Gusto, Ryan",687473,"R","90.4","83.5","47.1","98.2",,"87.2","34.7","44.3",
"Chapman, Aroldis",547973,"L","90.3","88",,,"40.6",,"44.2",,
"Basso, Brady",669620,"L","90.3","90.5","50.4","83.2",,"70.5",,,
"Alexander, Tyler",641302,"L","90.3","90.4","49","87.4",,,,"45.2",
"Granillo, Andre",701552,"R","90.3",,,"85.3",,,"24",,
"Misiorowski, Jacob",694819,"R","90.3",,,"99",,"70.4","45.5",,
"Brieske, Beau",689225,"R","90.3","88.3",,"80.7",,,"19.8",,
"Bachar, Lake",669199,"R","90.1",,,,"96.1",,"19.1","41.6",
"Sauer, Matt",669422,"R","90.1","92.9","46.2",,"80",,"50.9",,
"Skubal, Tarik",669373,"L","90.1","86.8",,"79.3",,"53.8","32.6",,
"Allen, Logan",671106,"L","90.1","90.4","43.6","87.7",,,,"54.8",
"Phillips, Connor",683175,"R","90",,,,,"63.2",,"54.2",
"Hall, DL",669084,"L","89.9","88","57.3","96.3",,"70.8","40",,
"Adam, Jason",592094,"R","89.9",,,"78.3",,,"20.2","54.9",
"Soto, Gregory",642397,"L","89.8","91.9",,,,,"19.8","27.3",
"Crismatt, Nabil",622503,"R","89.8","87.6",,"74.2",,"97","30.4",,
"Salazar, Eduardo",674285,"R","89.8","84.2",,,,,"24.2",,
"Mazur, Adam",800049,"R","89.7","82",,"88.8",,"57.6","23.4","54.4",
"Ginkel, Kevin",656464,"R","89.7","90.7",,,,,"34",,
"Javier, Cristian",664299,"R","89.7","93.1",,"78",,"71.2",,"50.3",
"Flexen, Chris",623167,"R","89.7",,"53.4","97.1",,"89.1","64.3",,"83.1"
"Winans, Allan",642216,"R","89.7","85.1",,"80.3",,,,"55.3",
"Ortiz, Luis",682847,"R","89.6","81.4","47.8","96.2",,,"23.5",,
"Melton, Troy",675512,"R","89.6","88.2","45.3",,"70.7","87.9","54.5",,
"Zuber, Tyler",676604,"R","89.6","88",,"93",,,"40.5","57.7",
"Kirby, George",669923,"R","89.5","87.2",,"96","90.3","80.9","52.2",,
"Graveman, Kendall",608665,"R","89.5","94.1",,"84.8",,,"29.1",,
"Roupp, Landen",694738,"R","89.5","87.2","49.1","88.4",,"79.7",,,
"Lawrence, Casey",596271,"R","89.5","88.7",,"94.9",,,"22.3","33.7",
"Wilson, Bryse",669060,"R","89.4","86.7","49.7","91.3",,"53.2",,,
"Miley, Wade",489119,"L","89.4","88.5","58.9","90.4",,,,,
"Gómez, Yoendrys",672782,"R","89.4","90","63.6","95.9",,"73","42.4","53.3",
"Montero, Rafael",606160,"R","89.4","86.5",,,"78.2",,"32.9",,
"Rocker, Kumar",677958,"R","89.3","90.7","31.2","98.9",,"76","19.4",,
"Bivens, Spencer",702352,"R","89.3","84.8","58.7","66.3",,,,"39.6","55.1"
"May, Dustin",669160,"R","89.2","84.7","37.3","98.8",,,,"64",
"Beeter, Clayton",690925,"R","89.2",,,,,,"43.9",,
"Vodnik, Victor",680767,"R","89.2",,"31.5","87.1",,,"33.7",,
"Freeland, Kyle",607536,"L","89","83.1","33","96.9",,"52.6",,"43.7",
"Helsley, Ryan",664854,"R","89",,"55.4",,,"67","22.3",,
"Cease, Dylan",656302,"R","88.9","84.6",,"92.6",,"75.7","24.8","60",
"Assad, Javier",665871,"R","88.8","88.3","59.3","82.6",,"69.4",,"52.5",
"Matzek, Tyler",554431,"L","88.7",,,,,,"46",,
"Fairbanks, Pete",664126,"R","88.7",,"29.6","71.1",,,"48.6",,
"Vest, Will",676684,"R","88.7","86.7",,"90.3",,,"19.2",,
"Walter, Brandon",687888,"L","88.7","89.5","40.5","94.2",,,,"69.7",
"Cameron, Noah",702070,"L","88.7",,"43.4","98.3",,"69.6","24.8",,
"Schlittler, Cam",693645,"R","88.6","83.1","48.9",,,"82.1",,"49.2",
"Loáisiga, Jonathan",642528,"R","88.5","89.4","33.2","96.8",,"36.1",,,
"Henriquez, Ronny",678692,"R","88.4","88.1",,"95.6",,,"27.7","39.8",
"Rashi, Taylor",688497,"R","88.4",,,,"84.2","81.5","38.2",,
"De Los Santos, Enyel",660853,"R","88.4",,,"96.2",,,"33.5",,
"Garrett, Reed",657585,"R","88.3","83.5","37.2",,"81.2",,,"45.5",
"Murphy, Chris",669684,"L","88.3","81.7",,"98.1",,"91.5","37","61.7",
"Gipson-Long, Sawyer",687830,"R","88.3","82.9","42","98.8",,,"41.6",,
"Svanson, Matt",694335,"R","88.2","86.6","38.3",,,,,"34",
"Kolek, Stephen",663568,"R","88.1","75.7","40","72.1",,,"24.8","45",
"Junk, Janson",676083,"R","88.1",,,"88.8",,"64.3","42.5","45.1",
"Burke, Sean",680732,"R","88","94.2",,"99",,"82.7","33",,
"Jacob, Alek",689690,"R","87.9","90.2",,"97.1",,,,"66.4",
"Silseth, Chase",681217,"R","87.9","87.3",,,"79.5",,,"37.4",
"Senga, Kodai",673540,"R","87.9","86.3","52.5",,"73.3","64.9","18.1","29.7",
"Rogers, Trevor",669432,"L","87.9","89.1",,"87.4",,,"27.4","32.8",
"Brubaker, JT",664141,"R","87.8","86",,"84.6",,"49.7","13",,
"Fulmer, Carson",608334,"R","87.8","80.1",,"92.1",,"59.4","26.2",,
"Hart, Kyle",606996,"L","87.7","86.3",,"99","71.3",,"49.1","44.3",
"Olson, Reese",681857,"R","87.6","89.1",,"74.2",,"82.2","32.2",,
"Hendricks, Kyle",543294,"R","87.6","79.7",,"76.8",,"78.2",,,
"Vásquez, Randy",681190,"R","87.6","86.4","56.1","93",,"58.1","37.5","48.7",
"Webb, Jacob",657097,"R","87.5",,,"99.4",,,,"52.6",
"Winckowski, Josh",670174,"R","87.4","87.7","28.5","92.2",,,"36",,
"Ashcraft, Braxton",677952,"R","87.3","83.8",,"83.1",,"72.3","38.7",,
"Quintana, Jose",500779,"L","87.3","85.5",,"89.1",,"55.3",,,"53.4"
"Neris, Héctor",593576,"R","87.3","90.5",,"83","71.7",,"41.3",,
"Rodríguez, Randy",678495,"R","87.3",,,,,,"42.5",,
"Morton, Charlie",450203,"R","87.2","88.4","26.5","76.5",,"74.1",,,
"Veneziano, Anthony",685107,"L","87.2","90.1",,"98.2",,,"19.6","34.8",
"Woodruff, Brandon",605540,"R","87.2","87.4","64.8","83.9",,"53.7",,"32.4",
"Cano, Yennier",666974,"R","87.2","86.7","38.7","98.8","92.1",,"35.1",,
"Ramírez, Yohan",670990,"R","87.1","87.9","34.5",,,"77.6","34.3","61.2",
"Herget, Jimmy",623474,"R","87.1","87.6",,"83.6",,"56.8","22.3",,
"Rea, Colin",607067,"R","87.1","79.6","50.9",,"90.6","73","31.5","54",
"Brash, Matt",666374,"R","87.1","90.5",,"78.9",,,"50.7",,
"Morejon, Adrian",670970,"L","87.1","81.4","55.8","95",,,"41.3",,
"Wrobleski, Justin",680736,"L","87.1","87.5","51.4","72.5",,"66.9","28.5",,
"Garcia, Robert",676395,"L","87.1",,,"89.5",,,"25.9",,
"Darvish, Yu",506433,"R","87.1","88","56.8",,"52.4","86.8","30.2","43.3",
"Ribalta, Orlando",687377,"R","87","87",,"85.9",,,"25.5",,
"Rodriguez, Carlos",692230,"R","86.9","94","54.5","98.8",,"74","46.3",,
"Abreu, Bryan",650556,"R","86.9","88.4",,,,,"58",,
"Festa, David",701581,"R","86.9","92.5",,"81.2",,,"23",,
"Uceta, Edwin",670955,"R","86.9","86.4","50","75.9",,,,"46.8",
"De León, José",592254,"R","86.9",,,"99.5",,,"46.3",,"78.2"
"Flaherty, Jack",656427,"R","86.8","81.7",,"84",,"77.7","41.8",,
"Gibson, Kyle",502043,"R","86.7","78.5","42.6","76.1",,"70.8",,"48.9",
"Bellozo, Valente",678368,"R","86.7",,"44.9","86.1","41.6","66.8",,"55.8",
"Suárez, Albert",544150,"R","86.6",,"52.4","96.4",,"50.8",,,"33.9"
"Zeferjahn, Ryan",666171,"R","86.6",,"40.3",,,,"36.9","55.4","59.4"
"Early, Connelly",813349,"L","86.6","91.1",,"87.3",,"70.4","31.8","36.2",
"Peguero, Joel",666711,"R","86.5","81",,,,,"38.2",,
"Sugano, Tomoyuki",608372,"R","86.5","83.2","39.7",,"78.3","68.7",,"37.9",
"Kranick, Max",668820,"R","86.4",,,,,"70.2","55.9","51",
"McLean, Nolan",690997,"R","86.4","77.2","30.2","79.9",,"96.7",,"58.6",
"Corbin, Patrick",571578,"L","86.4","84.4","40.3","97.1",,"31","19.3",,
"Iglesias, Raisel",628452,"R","86.3","89.5",,"83.9",,,"31.3",,
"Morales, Luis",806960,"R","86.3",,,"90.5",,,"42.7","67.3",
"Cannon, Jonathan",686563,"R","86.3","83.9","55.9","75.1",,,,"43.2",
"Slaten, Justin",686580,"R","86.3",,"52.1",,,"77.8",,"48.8",
"Holderman, Colin",670059,"R","86.2","86.5","36.7",,"89.2",,,"46.1",
"Bibee, Tanner",676440,"R","86.2","86.7","31.8","82.3",,"73.1",,"55.4",
"Wheeler, Zack",554430,"R","86.2","86.4","46.7",,"85.3","68.4",,"45.9",
"Crochet, Garrett",676979,"L","86.2","86.1","39.1","81",,,,"55.7",
"Clevinger, Mike",605182,"R","86.1",,"46","95.6",,,,"63.7",
"Horn, Bailey",690544,"L","86.1","81.1","23.3",,,,,"33",
"Gallen, Zac",668678,"R","86","85.6","49.4","86.8",,"68.1","36",,
"McGreevy, Michael",700241,"R","85.9","76.8","40.5","75.2",,"78.6","39.6","49.2",
"Leahy, Kyle",681517,"R","85.9","84.1",,"79.9",,"84.2","43.5","47.6",
"Holton, Tyler",663947,"L","85.8","87.5","49.3","96.5",,"82.9",,"48.2",
"Pérez, Cionel",672335,"L","85.8","80.6",,,,,"21.3",,"56.2"
"Irvin, Jake",663623,"R","85.8","80.7","44.7","79.2",,"75.3","41.2",,
"Hernandez, Nick",663321,"R","85.8",,,,"65.7",,"20.8",,
"Montero, Keider",672456,"R","85.8","82.9",,"87.4",,"73.1","37.8",,
"Soroka, Michael",647336,"R","85.7","85.8",,"94",,,,,"67.2"
"Aldegheri, Sam",691951,"L","85.7",,,"94.8",,"84.1","32.3",,
"Peralta, Freddy",642547,"R","85.7",,,"87.9",,"54.2","30.3",,
"Sands, Cole",663485,"R","85.6","80.9","37.2",,"86.2","68.1",,,
"Fitts, Richard",690916,"R","85.5","85.2",,"69.1",,"59","30.1","38.4",
"Taylor, Grant",691799,"R","85.4",,"48",,,"79.2","33.4",,
"Ellard, Fraser",686642,"L","85.4","76.6",,"73.7",,,"45.4",,
"Robert, Daniel",642016,"R","85.3","78.9","40.1",,,,,"53.5",
"McGee, Easton",668834,"R","85.2","85.8","44.8",,,"77.2",,,
"Gibson, Cade",806188,"L","85.1","83.4",,"76.9",,"85.4","22.4","50.8",
"Megill, Tylor",656731,"R","85.1","80.4",,"86.3",,"90.4","47.2",,
"Gilbert, Tyler",656457,"L","85.1","84.4","55.5",,"98.7",,,"39.5",
"Keller, Mitch",656605,"R","85","73.5",,"71.6",,"93.7","27.8","61.6",
"Spiers, Carson",686730,"R","85","79.8","48.3","93.4",,,,"57.7",
"Díaz, Alexis",664747,"R","84.9",,,,,,"30.5",,
"Casparius, Ben",676508,"R","84.9","77.7","43",,,"77.7",,"53",
"Barnett, Mason",686930,"R","84.9",,,"66.2",,"82.5",,"44.4",
"King, Michael",650633,"R","84.8","77.3",,"96.7",,,"31.8","52.6",
"Ferguson, Caleb",657571,"L","84.8","82.7","27.3",,,,,,"64.9"
"Lugo, Seth",607625,"R","84.8","83.1","60.2","87","82.2","80.6","30.9","45.1","66.2"
"Sousa, Bennett",656986,"L","84.7",,,,,,"23.9",,
"Hartlieb, Geoff",664129,"R","84.7","85.3",,,,,"9.1",,
"Bubic, Kris",663460,"L","84.6","83.1",,"74.2",,,"18.5","48.8",
"Ferguson, Tyler",621053,"R","84.5","83","33","93.3",,,,"36.2",
"Blewett, Scott",656240,"R","84.5",,,,"65.5",,"26.7",,
"Minter, A.J.",621345,"L","84.4",,"32.6","94.4",,,,,
"Kelly, Merrill",518876,"R","84.4","82.5","67","79.9",,"62","21.2",,
"Seymour, Carson",693313,"R","84.3","75.6","44.2",,,"67.5","56.5",,
"Martin, Davis",663436,"R","84.1","83.5","28.1","70.4",,"75.7","37.3",,
"Abel, Mick",690953,"R","84","78.1",,"68.2",,"70.3","15.3","54.9",
"Kershaw, Clayton",477132,"L","84","72.5",,,"89.5","82.5","48.3",,
"Romero, JoJo",668941,"L","84","83.5",,"94.1",,,"41.4",,"37.5"
"Tarnok, Freddy",676206,"R","83.9",,,"80.8",,"79.1","25.9",,
"Bender, Anthony",669622,"R","83.9","83.3",,"86.1",,,"31.1","55.4",
"Senzatela, Antonio",622608,"R","83.8","85.4",,"67.5",,"51.4","36.8",,
"Castillo, Luis F.",622379,"R","83.7","89.7",,"97.2",,,,"58.3",
"Barnes, Jacob",606930,"R","83.7",,"36.4",,,,,,
"Sandlin, Nick",680704,"R","83.6","85.4",,,"76.2",,"53.3",,
"Soriano, George",666277,"R","83.6","79.9",,"73.1",,,"21.9",,
"Boushley, Caleb",676961,"R","83.5","85.6","57.7","90.6",,"69.9","34.3",,
"Montas, Frankie",593423,"R","83.4","80.5","61.5",,"85",,"33","39.5",
"Sanders, Cam",676742,"R","83.3",,,"75.7",,,"19.7","55",
"Domínguez, Seranthony",622554,"R","83.2","82.1",,,"94.7","75.9",,"40.4",
"Martin, Corbin",656686,"R","83.1",,,"63.5",,"41.6","42.5",,
"García, Luis",472610,"R","83","85.2",,,"82",,,"52.4",
"Núñez, Dedniel",673380,"R","82.7",,,,,,"12.1",,
"Eflin, Zach",621107,"R","82.7","75.1","48.3","92.1",,"70.7",,"57.4",
"Campbell, Isaiah",663462,"R","82.6","72.8",,,,"64","36.1","45.9",
"Lucchesi, Joey",664192,"L","82.5","80.4",,,,"41.8",,,
"Lazar, Max",676661,"R","82.4",,"41.6",,"86.5","87.4",,,
"Murray, Jayden",681151,"R","82.4","83.3","48.5",,,,,"62",
"Soriano, José",667755,"R","82.2","82",,,"76.5","70.8","17.8",,
"Morgan, David",688158,"R","82.2","87.7",,,,"69.8","25.7",,
"Schwellenbach, Spencer",680885,"R","82","76.8","60.1",,"74","69.3","26",,
"Woodford, Jake",663765,"R","82","84.8","48.9","72.4",,,,"50.8",
"Hill, Rich",448179,"L","81.9","78.9","45.7",,,"94.1",,"87.8",
"Jax, Griffin",643377,"R","81.9","79.4","40.3","76.2",,,,"48.1",
"Anderson, Grant",681982,"R","81.9","81.4",,"90.5",,,,"62.8",
"Wesneski, Hayden",669713,"R","81.8","84.3","37.8","80.7",,"76.3",,"54.9",
"Koenig, Jared",657649,"L","81.7","80.4","48.1","92.7",,"80.8",,,
"Kochanowicz, Jack",686799,"R","81.7","77",,"63.2",,,"18.2","49",
"Elder, Bryce",693821,"R","81.6","76.2",,"63.9",,,"23",,
"Strickland, Hunter",519326,"R","81.4","87",,"89.9",,,"34.3","54.8",
"Holmes, Grant",656550,"R","81.4",,"54.8","75.3",,"52.2","29.6",,
"Hatch, Thomas",641672,"R","81.4","83.7","52","82.8",,,"30","38.3",
"Kelly, Kevin",687330,"R","81.3","83.5","50.8",,,,,"74.3",
"Kelly, Michael",547184,"R","81.2","78.6","34","72.2",,,"30.7","65.4",
"Waldrep, Hurston",694462,"R","81.2","81.5","54.5",,"83.6","81.7","21.3",,
"Scott, Tanner",656945,"L","81.2",,,,,,"27.8",,
"Cavalli, Cade",676917,"R","81.1","82.1","53","94.5",,"83.5",,,
"García, Yimi",554340,"R","81.1","81.5",,"87",,"49.5",,"45.8",
"Muñoz, Roddery",682610,"R","81.1","79.1","40.3",,,,"42.5",,
"Gage, Matt",657424,"L","80.9","85.9",,"87.4",,,"29.6","55",
"Bello, Brayan",678394,"R","80.8","87.5","13.2","95.8",,,,"50.2",
"Oviedo, Johan",670912,"R","80.8","75.5",,"93.4",,"59.6","36.3",,
"Stratton, Chris",608717,"R","80.8","77.9",,"78.6",,"67.9","30.3",,
"Wolfram, Grant",664991,"L","80.8","81.7",,,,"55.3","19","62.3",
"Armstrong, Shawn",542888,"R","80.7","87.1","54.1",,,,,"44.9",
"Fried, Max",608331,"L","80.6","65.1","54.2","78.4",,"87.2","34","61.9",
"Adams, Travis",701519,"R","80.4","82.7","46.5","89.8",,"72.3","34.6",,
"Garabito, Gerson",642520,"R","80.3","74.9",,"80.6",,"53.5","31.6",,
"Strowd, Kade",669704,"R","80.2","80.5","41.3",,,"80.6",,"61.8",
"Rodriguez, Eduardo",593958,"L","80.2","78","60.5","86.9",,"56.4","32.9",,
"Blackburn, Paul",621112,"R","80.2","83.6","44.6","75.1",,"87.2",,"67.2",
"Smith, Shane",681343,"R","80.1","86.5",,"85.1",,"80.6","30.8",,
"Suárez, Ranger",624133,"L","79.9","72.6","37.9","70.5",,"87.1","37",,
"Schreiber, John",670167,"R","79.8","78.4","28.7","81.9",,,,"65.2",
"Rodríguez, Manuel",655889,"R","79.7","88.3",,,,,"27.7",,
"Simpson, Josh",681006,"L","79.6","74.4",,"75.4",,"67.9","16.6","52",
"Peralta, Sammy",671111,"L","79.6","83.6",,"98.9",,,"28.5",,
"Hodge, Porter",687863,"R","79.6",,,,,,"44","59.1",
"Boyle, Joe",671212,"R","79.6",,,,"88.4",,"26.4",,
"Lawrence, Justin",664875,"R","79.4","78.7",,,,,,"54.3",
"Van Belle, Brian",687003,"R","79.4","84.5",,"91.1",,,"38.3","67.5",
"Faucher, Calvin",676534,"R","79.4","79.6","21.2",,,"72.9",,"49.1",
"Treinen, Blake",595014,"R","79.1","82.2","37.5",,,,,"49.1",
"Kinley, Tyler",641755,"R","79",,,"98.6",,"51.4","22",,
"Sewald, Paul",623149,"R","78.7",,,,,,,"35.4",
"Banks, Tanner",621383,"L","78.7","79.2",,"68.8",,,"33.8","35.9",
"Leclerc, José",600917,"R","78.7","77.5","42.4","78.4",,,"45.3",,
"Hudson, Bryan",663542,"L","78.6","72.1","35",,,,,"81.3",
"Stratton, Hunter",676702,"R","78.6",,"59.2",,,,"47.9",,
"Ohtani, Shohei",660271,"R","78.4","77.7","39.4",,"77.9","82.4","27.6","48.1",
"Vasil, Mike",678024,"R","78.3","68.6","19.9","89.1",,"89.8",,"64",
"Wicks, Jordan",696136,"L","78.2","87.3",,"95",,,"23.9","51.8",
"Vargas, Carlos",672841,"R","78.2","74.7","51.7","78.7",,,"26.5",,
"Teng, Kai-Wei",678906,"R","77.8","76.4",,"87.2",,"72.4",,"43.9",
"Contreras, Luis",664351,"R","77.8",,,"63.8",,,"49.3","55.2",
"Meyer, Max",676974,"R","77.8","77.1",,"86.2",,,"22","41.6",
"Bradish, Kyle",680694,"R","77.7","77.6",,,,"72.3","41.1",,
"López, Pablo",641154,"R","77.7","78.8",,"79.1",,"71.8",,"44.4",
"Castillo, José",620454,"L","77.6","74.7",,"57.7",,,"38.1",,
"Lao, Sauryn",666659,"R","77.5","79.1",,"82.2",,,"34.6",,
"Holmes, Clay",605280,"R","77.3","68.4","27.7","86.5",,,"32.5","59.9",
"Maeda, Kenta",628317,"R","77.2","68.8",,,"69",,"21.9","33.2",
"Ashby, Aaron",676879,"L","77","81.5",,"77.6",,"88","53.5",,
"Gil, Luis",661563,"R","76.8",,,"84.7",,,"34.4",,
"Dobbins, Hunter",690928,"R","76.8","82.8",,,"85.9","65.9","39.1","48.3",
"Martinez, Seth",661527,"R","76.4","76.3","37.1","67.2",,,,"57.4",
"Ross, Joe",605452,"R","76.3","78.9",,"92.3",,"46.2","31.2",,
"Warren, Will",701542,"R","76.2","72.6",,"86.2",,"70.4",,"61.9",
"Buttó, José",676130,"R","76.1","81.7",,"72",,,"17.3","56.3",
"Webb, Logan",657277,"R","75.8","78","48.2","76.7",,,,"48.2",
"Pfaadt, Brandon",694297,"R","75.7","79.1","34.1","86.5",,"69.1",,"36.6",
"Rodríguez, Yariel",684320,"R","75.7","86.3",,,"94.4",,"23.8",,
"Carrasco, Carlos",471911,"R","75.7","72.1",,"61.8",,"58","24.8",,
"Hollowell, Gavin",668970,"R","75.6","84.6",,,,,,"53.1",
"Glasnow, Tyler",607192,"R","75.4","73.6",,,,"81.6","22.9",,
"Junis, Jakob",596001,"R","75.4","71.1",,"70",,,"43.9",,
"King, Bryan",687911,"L","75.3","76.5",,"86.4",,,,"65.1",
"Bowman, Matt",621199,"R","75.1","90.3","46.4",,"84.8",,,"42.3",
"Waddell, Brandon",663399,"L","75.1","73.9",,"93.4",,,"29.9","48.6",
"Bummer, Aaron",607481,"L","74.7","75.1",,,,"76.2",,"68.2",
"Keller, Brad",641745,"R","74.6","77.8",,"84.5",,,"47","46.3",
"Weissert, Greg",669711,"R","74.6","78.2",,"93.7",,"79","38.6","68.4",
"Thornton, Trent",663423,"R","74.4","72.2","31.6",,"82.8","64.6",,"52.7",
"Kittredge, Andrew",552640,"R","74.4","82.6",,,,,"34.4",,
"Payamps, Joel",606303,"R","74.4","75.8",,,,,"52.1",,
"Horton, Cade",690990,"R","74.3","71.3",,"77.5",,"51.5",,"48.1",
"Bassitt, Chris",605135,"R","74.2","76.2","46.2","94.9","94.9","96","37.6","87.1",
"Sisk, Evan",681895,"L","74.1","72.6","44.7",,,"78.4",,"59.4",
"Houck, Tanner",656557,"R","73.7","78.4",,,"80.3",,,"64.5",
"Zastryzny, Rob",642239,"L","73.5",,"36.6","84.5","68",,,"42.5",
"Singer, Brady",663903,"R","73.2","83.1","44",,,,"35.9","39.8",
"McCullers Jr., Lance",621121,"R","73.2","69.6","34.7","82.3",,"76.9","53.5",,
"Thompson, Ryan",657044,"R","73.2","75.1",,,,,"72.7",,
"Stewart, Brock",592779,"R","73.1","77.4","48.8","85.7",,,,"52.7",
"Phillips, Tyler",663969,"R","72.9","90.9",,,"91.2","58.7",,"31.3",
"Núñez, Eduarniel",674384,"R","72.5",,,,,,"37.8",,
"Mejia, Juan",675848,"R","72.3",,,,,,"63.7",,
"Hurter, Brant",676428,"L","71.9","78.4",,"89.4",,,,"50.4",
"Peterson, David",656849,"L","71.7","75.3",,"91.5",,"69.3","17.6",,
"Pomeranz, Drew",519141,"L","71.7",,,,,"68.1",,,
"Feltner, Ryan",663372,"R","71.6","64.9",,"63.2",,"71.5","36.8","47.9",
"Avila, Luinder",679883,"R","71.5","71.4",,,,"60.6",,,
"Pressly, Ryan",519151,"R","71.3","72.1",,"57.1",,"70.7","29.3",,
"Schmidt, Clarke",657376,"R","71.3","63.2","48",,,"67.8","41.8","58.7",
"Coulombe, Danny",543056,"L","70.9","69.6","29.8",,,"93.2",,"46.3",
"Alvarez, Andrew",674841,"L","70.9","63.1",,"81.9",,"61.1","32.8",,
"Uribe, Abner",682842,"R","70.9","70.5",,,,,"36.5",,
"Anderson, Shaun",641312,"R","70.8",,,"78.8",,,"40.6","55.9",
"Suter, Brent",608718,"L","70.5","88.3",,"94.2",,,"47.5",,
"King, John",667463,"L","70.2","73.3",,"83.3",,"77.1","32.5",,
"Herrin, Tim",682120,"L","70.1","70.4",,,,"53.1","12.7",,
"Moll, Sam",594580,"L","69.5","75.5",,"83.9",,,,"49.4",
"Lovelady, Richard",663992,"L","69.3","68.6",,,,,"29.8","44.5",
"Pallante, Andre",669467,"R","68.7","78.6",,,,"79","32.3",,
"Roycroft, Chris",688297,"R","68.2","93.1","31.5",,,,,,
"Rolison, Ryan",669020,"L","67.4",,,"63.3",,"76.6","34.6",,
"Steele, Justin",657006,"L","66","72.4",,,,"66.7","48",,
"Barlow, Scott",605130,"R","66","69.4",,,,"86.2","45.2","54.7",
"Stroman, Marcus",573186,"R","64.2","61.1","38",,"77.9","73.5","34.2",,"61.6"
"Williams, Trevor",592866,"R","61.8","68.4",,"90.1",,,"37.1","50",
"Festa, Matt",670036,"R","60.4","61.4","50.5",,,,,"53.3",
"Gray, Sonny",543243,"R","58.3","57","31.7","75.1",,"89.7","34.4","56.6",
"Valdez, Framber",664285,"L","57.3","76",,"77.5",,"82.3","29.3",,
"Turnbull, Spencer",605513,"R","52.7",,,"90.4",,"88.2",,"42.5",
"Kent, Zak",687849,"R","51.7","68",,,,"81.4","47.5",,
"Saalfrank, Andrew",685314,"L","47.1","54.2",,,,"73",,,
"Murfee, Penn",682171,"R","36.9","60.9",,,,,,"75.8",
"Lee, Chase",695445,"R","36.6","38.9",,"75.2",,,,"71",
"Snider, Collin",676092,"R","34.5","42.6","33.7",,,,,"62.3","50.7"