"player","player_id","team_abbrev","year","type","avg_hr_trot","doubters","mostly_gone","no_doubters","no_doubter_per","hr_total","xhr","xhr_diff"
"Irvin, Jake","663623","WSH","2025","adj_xhr","23.83",18,24,19,"50","38",37.5,"0.5"
"Littell, Zack","641793","CIN","2025","adj_xhr","23.16",9,26,13,"36.1","36",32.6,"3.4"
"Imanaga, Shota","684007","CHC","2025","adj_xhr","23.92",17,19,20,"58.8","34",35.3,"-1.3"
"Sugano, Tomoyuki","608372","BAL","2025","adj_xhr","23.83",15,21,14,"42.4","33",31.3,"1.7"
"Gallen, Zac","668678","AZ","2025","adj_xhr","23.38",16,25,12,"38.7","31",31.1,"-0.1"
"Paddack, Chris","663978","DET","2025","adj_xhr","23.17",13,17,16,"51.6","31",29.1,"1.9"
"Sears, JP","676664","SD","2025","adj_xhr","23.68",11,19,13,"43.3","30",27.2,"2.8"
"Ober, Bailey","641927","MIN","2025","adj_xhr","23.62",8,16,22,"73.3","30",33.7,"-3.7"
"Mikolas, Miles","571945","STL","2025","adj_xhr","23.78",13,22,16,"55.2","29",31.7,"-2.7"
"Springs, Jeffrey","605488","ATH","2025","adj_xhr","22.77",7,17,13,"46.4","28",24.6,"3.4"
"Anderson, Tyler","542881","LAA","2025","adj_xhr","24.31",13,13,17,"60.7","28",26.8,"1.2"
"Bibee, Tanner","676440","CLE","2025","adj_xhr","24.36",12,21,8,"29.6","27",23,"4.0"
"Lugo, Seth","607625","KC","2025","adj_xhr","24.27",6,17,13,"48.1","27",25.9,"1.1"
"deGrom, Jacob","594798","TEX","2025","adj_xhr","24.35",9,15,13,"50","26",25.7,"0.3"
"Pepiot, Ryan","686752","TB","2025","adj_xhr","23.53",8,18,9,"34.6","26",21.2,"4.8"
"Ryan, Joe","657746","MIN","2025","adj_xhr","24.06",13,20,11,"42.3","26",24.1,"1.9"
"Berríos, José","621244","TOR","2025","adj_xhr","23.64",8,18,12,"46.2","26",25.1,"0.9"
"Woo, Bryan","693433","SEA","2025","adj_xhr","23.93",9,22,7,"26.9","26",22.9,"3.1"
"Peralta, Freddy","642547","MIL","2025","adj_xhr","22.87",6,14,12,"46.2","26",22.1,"3.9"
"Baz, Shane","669358","TB","2025","adj_xhr","24.29",10,13,13,"50","26",21.6,"4.4"
"Warren, Will","701542","NYY","2025","adj_xhr","23.42",14,17,11,"42.3","26",24.2,"1.8"
"Pfaadt, Brandon","694297","AZ","2025","adj_xhr","23.89",12,17,18,"69.2","26",30.1,"-4.1"
"Parker, Mitchell","680730","WSH","2025","adj_xhr","23.97",10,18,14,"56","25",27.7,"-2.7"
"Gray, Sonny","543243","STL","2025","adj_xhr","23.97",10,19,13,"52","25",27.2,"-2.2"
"Hendricks, Kyle","543294","LAA","2025","adj_xhr","23.79",9,19,11,"44","25",25.8,"-0.8"
"Crochet, Garrett","676979","BOS","2025","adj_xhr","23.78",15,16,8,"32","25",19.9,"5.1"
"Gausman, Kevin","592332","TOR","2025","adj_xhr","23.19",14,21,8,"32","25",22.3,"2.7"
"Heaney, Andrew","571760","LAD","2025","adj_xhr","24.09",4,13,16,"64","25",24.1,"0.9"
"Lorenzen, Michael","547179","KC","2025","adj_xhr","23.77",5,17,12,"48","25",24,"1.0"
"Rodriguez, Eduardo","593958","AZ","2025","adj_xhr","24.29",7,15,14,"56","25",26,"-1.0"
"Rodón, Carlos","607074","NYY","2025","adj_xhr","23.22",7,23,9,"37.5","24",22.6,"1.4"
"Flaherty, Jack","656427","DET","2025","adj_xhr","24.44",9,16,14,"58.3","24",25.5,"-1.5"
"Elder, Bryce","693821","ATL","2025","adj_xhr","23.57",7,18,9,"37.5","24",22.2,"1.8"
"Kikuchi, Yusei","579328","LAA","2025","adj_xhr","23.91",11,9,16,"66.7","24",22.1,"1.9"
"Castillo, Luis","622491","SEA","2025","adj_xhr","22.66",13,22,5,"20.8","24",22.3,"1.7"
"Pivetta, Nick","601713","SD","2025","adj_xhr","24.08",10,16,14,"58.3","24",25.8,"-1.8"
"Taillon, Jameson","592791","CHC","2025","adj_xhr","24.22",7,13,12,"50","24",21.4,"2.6"
"Cecconi, Slade","677944","CLE","2025","adj_xhr","23.58",8,27,8,"33.3","24",26.1,"-2.1"
"Kelly, Merrill","518876","TEX","2025","adj_xhr","23.85",10,15,11,"47.8","23",23.2,"-0.2"
"Morton, Charlie","450203","ATL","2025","adj_xhr","23.95",10,10,12,"52.2","23",21.1,"1.9"
"Burke, Sean","680732","CWS","2025","adj_xhr","23.79",5,23,10,"43.5","23",24.9,"-1.9"
"Williams, Gavin","668909","CLE","2025","adj_xhr","25.13",12,13,12,"52.2","23",20.5,"2.5"
"Márquez, Germán","608566","COL","2025","adj_xhr","23.25",13,16,8,"34.8","23",21.8,"1.2"
"Senzatela, Antonio","622608","COL","2025","adj_xhr","23.98",13,21,11,"50","22",25,"-3.0"
"Buehler, Walker","621111","PHI","2025","adj_xhr","24.14",8,11,11,"50","22",20.1,"1.9"
"Scherzer, Max","453286","TOR","2025","adj_xhr","23.53",5,14,11,"50","22",22,"0.0"
"Gilbert, Logan","669302","SEA","2025","adj_xhr","22.96",6,12,12,"54.5","22",22.3,"-0.3"
"Alcantara, Sandy","645261","MIA","2025","adj_xhr","24.76",7,17,11,"50","22",22.5,"-0.5"
"Bassitt, Chris","605135","TOR","2025","adj_xhr","22.67",6,20,8,"36.4","22",21.5,"0.5"
"Mize, Casey","663554","DET","2025","adj_xhr","23.12",11,13,14,"63.6","22",22.1,"-0.1"
"Quantrill, Cal","615698","ATL","2025","adj_xhr","24.53",13,14,13,"59.1","22",24,"-2.0"
"Kremer, Dean","665152","BAL","2025","adj_xhr","23.36",14,19,7,"31.8","22",22.4,"-0.4"
"Ray, Robbie","592662","SF","2025","adj_xhr","23.26",17,16,7,"31.8","22",20.8,"1.2"
"Freeland, Kyle","607536","COL","2025","adj_xhr","22.87",8,20,9,"40.9","22",22.3,"-0.3"
"Lodolo, Nick","666157","CIN","2025","adj_xhr","23.32",9,16,8,"36.4","22",18.2,"3.8"
"Martinez, Nick","607259","CIN","2025","adj_xhr","23.54",10,10,13,"59.1","22",21.9,"0.1"
"Rea, Colin","607067","CHC","2025","adj_xhr","23.93",10,25,7,"33.3","21",25.5,"-4.5"
"Kochanowicz, Jack","686799","LAA","2025","adj_xhr","24.63",8,12,8,"38.1","21",18.1,"2.9"
"Corbin, Patrick","571578","TEX","2025","adj_xhr","23.94",7,15,10,"47.6","21",21.4,"-0.4"
"Pallante, Andre","669467","STL","2025","adj_xhr","22.62",7,15,10,"47.6","21",21,"0.0"
"May, Dustin","669160","BOS","2025","adj_xhr","23.88",7,15,10,"47.6","21",20.7,"0.3"
"Walker, Taijuan","592836","PHI","2025","adj_xhr","23.95",9,15,6,"28.6","21",16.4,"4.6"
"Gordon, Colton","676467","HOU","2025","adj_xhr","23.88",7,16,7,"33.3","21",18.2,"2.8"
"Keller, Mitch","656605","PIT","2025","adj_xhr","23.62",7,18,6,"28.6","21",20.7,"0.3"
"Cease, Dylan","656302","SD","2025","adj_xhr","24.31",4,21,6,"28.6","21",20.9,"0.1"
"Martin, Davis","663436","CWS","2025","adj_xhr","24.11",9,10,11,"55","20",19.2,"0.8"
"Gore, MacKenzie","669022","WSH","2025","adj_xhr","24.39",15,18,6,"30","20",19.2,"0.8"
"Skubal, Tarik","669373","DET","2025","adj_xhr","23.54",8,14,14,"70","20",22.7,"-2.7"
"Strider, Spencer","675911","ATL","2025","adj_xhr","23.88",5,14,9,"45","20",18.1,"1.9"
"Singer, Brady","663903","CIN","2025","adj_xhr","23.73",12,14,7,"36.8","19",17.4,"1.6"
"Wheeler, Zack","554430","PHI","2025","adj_xhr","23.59",7,13,6,"31.6","19",15.5,"3.5"
"Falter, Bailey","663559","KC","2025","adj_xhr","24.19",9,18,8,"42.1","19",20.8,"-1.8"
"Quintana, Jose","500779","MIL","2025","adj_xhr","24.02",11,13,6,"31.6","19",17,"2.0"
"Fedde, Erick","607200","MIL","2025","adj_xhr","23.56",7,16,8,"42.1","19",19.9,"-0.9"
"Abbott, Andrew","671096","CIN","2025","adj_xhr","24.19",9,14,7,"36.8","19",18.1,"0.9"
"Francis, Bowden","670102","TOR","2025","adj_xhr","23.15",9,13,5,"26.3","19",16,"3.0"
"Bradley, Taj","671737","MIN","2025","adj_xhr","24.19",6,9,12,"63.2","19",18.1,"0.9"
"Cannon, Jonathan","686563","CWS","2025","adj_xhr","23.95",8,15,8,"42.1","19",18.2,"0.8"
"Priester, Quinn","682990","MIL","2025","adj_xhr","22.44",6,14,6,"31.6","19",14.7,"4.3"
"Boyd, Matthew","571510","CHC","2025","adj_xhr","24.15",15,17,6,"31.6","19",19.7,"-0.7"
"Kirby, George","669923","SEA","2025","adj_xhr","24.32",9,8,9,"47.4","19",15,"4.0"
"Liberatore, Matthew","669461","STL","2025","adj_xhr","24.9",11,9,12,"63.2","19",19.3,"-0.3"
"Bido, Osvaldo","674370","ATH","2025","adj_xhr","23.49",2,16,7,"36.8","19",17.3,"1.7"
"Greene, Hunter","668881","CIN","2025","adj_xhr","23.3",2,11,8,"44.4","18",16.5,"1.5"
"Rasmussen, Drew","656876","TB","2025","adj_xhr","23.61",3,16,5,"27.8","18",16.2,"1.8"
"Allen, Logan","671106","CLE","2025","adj_xhr","23.03",8,13,7,"38.9","18",17.1,"0.9"
"Dollander, Chase","801403","COL","2025","adj_xhr","24.22",0,15,6,"33.3","18",17,"1.0"
"Leiter, Jack","683004","TEX","2025","adj_xhr","23.65",13,16,9,"50","18",21.6,"-3.6"
"Brown, Ben","676962","CHC","2025","adj_xhr","23.26",6,14,7,"38.9","18",16.4,"1.6"
"Eflin, Zach","621107","BAL","2025","adj_xhr","23.54",8,11,8,"44.4","18",14.5,"3.5"
"Nola, Aaron","605400","PHI","2025","adj_xhr","23.36",6,18,1,"5.6","18",13.6,"4.4"
"Cameron, Noah","702070","KC","2025","adj_xhr","22.78",5,8,11,"61.1","18",17.9,"0.1"
"Miller, Bryce","682243","SEA","2025","adj_xhr","23.59",2,11,10,"55.6","18",17.1,"0.9"
"Smith, Shane","681343","CWS","2025","adj_xhr","24.48",5,13,8,"47.1","17",17.9,"-0.9"
"Bello, Brayan","678394","BOS","2025","adj_xhr","23.53",4,12,10,"58.8","17",17.5,"-0.5"
"Ginn, J.T.","669372","ATH","2025","adj_xhr","23.19",2,7,9,"52.9","17",13.8,"3.2"
"Brown, Hunter","686613","HOU","2025","adj_xhr","24.98",7,14,5,"29.4","17",15.6,"1.4"
"Woods Richardson, Simeon","680573","MIN","2025","adj_xhr","23.59",9,12,10,"58.8","17",19.1,"-2.1"
"Nelson, Ryne","669194","AZ","2025","adj_xhr","23.75",9,14,10,"58.8","17",19.9,"-2.9"
"Gusto, Ryan","687473","MIA","2025","adj_xhr","23.55",5,13,7,"41.2","17",16.1,"0.9"
"Blalock, Bradley","687134","COL","2025","adj_xhr","24.26",3,7,10,"58.8","17",15,"2.0"
"Povich, Cade","700249","BAL","2025","adj_xhr","23.98",4,13,9,"52.9","17",17.9,"-0.9"
"Cabrera, Edward","665795","MIA","2025","adj_xhr","24.4",8,16,6,"35.3","17",17.6,"-0.6"
"Lord, Brad","695418","WSH","2025","adj_xhr","24.82",5,16,7,"41.2","17",20.6,"-3.6"
"Giolito, Lucas","608337","BOS","2025","adj_xhr","25.37",6,12,10,"58.8","17",18.8,"-1.8"
"Gomber, Austin","596295","COL","2025","adj_xhr","23.79",6,5,9,"56.3","16",13.8,"2.2"
"Luzardo, Jesús","666200","PHI","2025","adj_xhr","23.61",7,12,6,"37.5","16",14.8,"1.2"
"Severino, Luis","622663","ATH","2025","adj_xhr","24.2",7,14,6,"37.5","16",15.6,"0.4"
"Yamamoto, Yoshinobu","808967","LAD","2025","adj_xhr","23.69",4,12,5,"31.3","16",12.2,"3.8"
"Verlander, Justin","434378","SF","2025","adj_xhr","23.58",14,14,5,"31.3","16",14.7,"1.3"
"Rutledge, Jackson","671131","WSH","2025","adj_xhr","25.26",3,15,5,"31.3","16",14.1,"1.9"
"Civale, Aaron","650644","CHC","2025","adj_xhr","25.55",3,16,7,"43.8","16",17.9,"-1.9"
"Montero, Keider","672456","DET","2025","adj_xhr","23.55",2,12,7,"43.8","16",16,"0.0"
"Hoffman, Jeff","656546","TOR","2025","adj_xhr","23.58",4,10,7,"43.8","16",15.2,"0.8"
"Holmes, Grant","656550","ATL","2025","adj_xhr","23.63",9,10,7,"43.8","16",14.6,"1.4"
"Spence, Mitch","687765","ATH","2025","adj_xhr","24.74",7,8,9,"56.3","16",13.9,"2.1"
"Gordon, Tanner","685299","COL","2025","adj_xhr","23.97",7,5,10,"62.5","16",13.6,"2.4"
"Vásquez, Randy","681190","SD","2025","adj_xhr","23.15",10,14,7,"43.8","16",16.9,"-0.9"
"Alexander, Jason","669920","HOU","2025","adj_xhr","23.9",3,12,3,"20","15",10.8,"4.2"
"Suárez, Ranger","624133","PHI","2025","adj_xhr","23.17",6,7,8,"53.3","15",14.2,"0.8"
"Hancock, Emerson","676106","SEA","2025","adj_xhr","22.73",5,13,3,"20","15",11.6,"3.4"
"Wacha, Michael","608379","KC","2025","adj_xhr","24.42",6,19,6,"40","15",18.9,"-3.9"
"Lauer, Eric","641778","TOR","2025","adj_xhr","22.94",4,15,6,"40","15",16.2,"-1.2"
"Valdez, Framber","664285","HOU","2025","adj_xhr","22.93",8,10,6,"40","15",13.9,"1.1"
"Bellozo, Valente","678368","MIA","2025","adj_xhr","23.92",9,11,7,"46.7","15",14.7,"0.3"
"Lopez, Jacob","682052","ATH","2025","adj_xhr","23.59",2,8,10,"66.7","15",16,"-1.0"
"Patrick, Chad","694477","MIL","2025","adj_xhr","23.47",5,12,7,"46.7","15",14.8,"0.2"
"Fried, Max","608331","NYY","2025","adj_xhr","23.11",10,12,6,"40","15",14,"1.0"
"Holton, Tyler","663947","DET","2025","adj_xhr","23.07",4,8,7,"46.7","15",13.7,"1.3"
"Green, Chad","643338","TOR","2025","adj_xhr","23.76",0,9,7,"50","14",13.7,"0.3"
"Darvish, Yu","506433","SD","2025","adj_xhr","24.35",5,7,10,"71.4","14",14.7,"-0.7"
"Holmes, Clay","605280","NYM","2025","adj_xhr","22.03",7,11,6,"42.9","14",12.4,"1.6"
"Webb, Logan","657277","SF","2025","adj_xhr","23.42",9,12,4,"28.6","14",14,"0.0"
"Chivilli, Angel","683409","COL","2025","adj_xhr","24.95",4,10,5,"38.5","13",13,"0.0"
"Evans, Logan","688138","SEA","2025","adj_xhr","24.84",7,8,5,"38.5","13",11.1,"1.9"
"Baker, Bryan","641329","TB","2025","adj_xhr","24.69",7,8,6,"46.2","13",11,"2.0"
"Burrows, Mike","681347","PIT","2025","adj_xhr","24.11",7,7,7,"53.8","13",12.3,"0.7"
"Manaea, Sean","640455","NYM","2025","adj_xhr","23.52",1,10,4,"30.8","13",10.1,"2.9"
"Cortes, Nestor","641482","SD","2025","adj_xhr","22.39",2,11,5,"38.5","13",12.3,"0.7"
"Lee, Dylan","669276","ATL","2025","adj_xhr","24.41",5,7,4,"30.8","13",9.3,"3.7"
"Schwellenbach, Spencer","680885","ATL","2025","adj_xhr","24.61",4,6,6,"46.2","13",10.7,"2.3"
"Yarbrough, Ryan","642232","NYY","2025","adj_xhr","23.97",1,6,8,"61.5","13",11.8,"1.2"
"Alcala, Jorge","660896","STL","2025","adj_xhr","24.58",2,5,6,"46.2","13",10.4,"2.6"
"Estrada, Jeremiah","669093","SD","2025","adj_xhr","24.24",3,8,3,"25","12",9.5,"2.5"
"McGreevy, Michael","700241","STL","2025","adj_xhr","23.2",5,14,2,"16.7","12",12.2,"-0.2"
"Eisert, Brandon","685126","CWS","2025","adj_xhr","24.35",6,12,3,"25","12",11.9,"0.1"
"Pérez, Eury","691587","MIA","2025","adj_xhr","23.95",5,12,5,"41.7","12",13.2,"-1.2"
"Soriano, José","667755","LAA","2025","adj_xhr","23.57",7,9,5,"41.7","12",11.8,"0.2"
"Gómez, Yoendrys","672782","CWS","2025","adj_xhr","24.85",2,10,5,"41.7","12",12.5,"-0.5"
"Zeferjahn, Ryan","666171","LAA","2025","adj_xhr","23.99",5,7,5,"41.7","12",9.9,"2.1"
"Meyer, Max","676974","MIA","2025","adj_xhr","23.11",6,8,3,"25","12",9.3,"2.7"
"Matthews, Zebby","805673","MIN","2025","adj_xhr","24.45",10,15,2,"16.7","12",12.6,"-0.6"
"Molina, Anthony","683627","COL","2025","adj_xhr","23.98",4,12,3,"25","12",11.6,"0.4"
"Sánchez, Cristopher","650911","PHI","2025","adj_xhr","23.32",7,12,5,"41.7","12",13,"-1.0"
"Senga, Kodai","673540","NYM","2025","adj_xhr","23.65",7,12,5,"41.7","12",12.4,"-0.4"
"Bazardo, Eduard","660825","SEA","2025","adj_xhr","23.71",4,7,5,"41.7","12",9.5,"2.5"
"Young, Brandon","687064","BAL","2025","adj_xhr","24.14",3,8,5,"41.7","12",11.7,"0.3"
"Leasure, Jordan","673929","CWS","2025","adj_xhr","23.64",4,8,6,"50","12",12.5,"-0.5"
"Cabrera, Génesis","650893","MIN","2025","adj_xhr","22.74",1,11,2,"16.7","12",10,"2.0"
"King, Michael","650633","SD","2025","adj_xhr","24.83",1,8,5,"41.7","12",11.1,"0.9"
"Soroka, Michael","647336","CHC","2025","adj_xhr","23.12",6,11,4,"33.3","12",12.4,"-0.4"
"Ortiz, Luis","682847","CLE","2025","adj_xhr","25.01",5,13,3,"25","12",13.9,"-1.9"
"DeSclafani, Anthony","543101","AZ","2025","adj_xhr","24.16",2,7,5,"45.5","11",10.5,"0.5"
"Peterson, David","656849","NYM","2025","adj_xhr","24.2",6,10,7,"63.6","11",13.5,"-2.5"
"Williams, Trevor","592866","WSH","2025","adj_xhr","23.71",9,8,3,"27.3","11",9,"2.0"
"Sale, Chris","519242","ATL","2025","adj_xhr","22.7",5,9,4,"36.4","11",11.3,"-0.3"
"Rolison, Ryan","669020","COL","2025","adj_xhr","23.69",2,3,7,"63.6","11",9.4,"1.6"
"Scott, Tanner","656945","LAD","2025","adj_xhr","24.23",3,4,5,"45.5","11",8.2,"2.8"
"Wentz, Joey","666214","ATL","2025","adj_xhr","24.91",8,9,4,"36.4","11",11.7,"-0.7"
"Fitts, Richard","690916","BOS","2025","adj_xhr","23.39",3,7,5,"45.5","11",10,"1.0"
"Skenes, Paul","694973","PIT","2025","adj_xhr","22.12",12,11,6,"54.5","11",12.9,"-1.9"
"Uceta, Edwin","670955","TB","2025","adj_xhr","25.41",3,7,7,"63.6","11",11.3,"-0.3"
"Roupp, Landen","694738","SF","2025","adj_xhr","23.41",6,9,4,"36.4","11",10.8,"0.2"
"Cantillo, Joey","676282","CLE","2025","adj_xhr","23.66",2,7,5,"45.5","11",10.1,"0.9"
"Bieber, Shane","669456","TOR","2025","adj_xhr","23.43",3,11,3,"27.3","11",10.9,"0.1"
"Kelly, Kevin","687330","TB","2025","adj_xhr","22.42",3,8,5,"45.5","11",10.5,"0.5"
"Suter, Brent","608718","CIN","2025","adj_xhr","24.16",3,8,5,"45.5","11",10.7,"0.3"
"Wilson, Bryse","669060","CWS","2025","adj_xhr","23.73",2,7,7,"63.6","11",10.9,"0.1"
"Vargas, Carlos","672841","SEA","2025","adj_xhr","24.69",4,7,3,"27.3","11",7.5,"3.5"
"Brogdon, Connor","641401","LAA","2025","adj_xhr","23.24",4,8,3,"27.3","11",8,"3.0"
"Rocker, Kumar","677958","TEX","2025","adj_xhr","25.03",5,10,3,"27.3","11",10.3,"0.7"
"Glasnow, Tyler","607192","LAD","2025","adj_xhr","23.36",6,4,7,"63.6","11",9.7,"1.3"
"Webb, Jacob","657097","TEX","2025","adj_xhr","23.46",3,9,4,"40","10",10.2,"-0.2"
"Akin, Keegan","669211","BAL","2025","adj_xhr","23.99",4,10,2,"20","10",10.2,"-0.2"
"Eovaldi, Nathan","543135","TEX","2025","adj_xhr","25.61",9,7,7,"70","10",11.5,"-1.5"
"Houser, Adrian","605288","TB","2025","adj_xhr","23.34",6,13,2,"20","10",11.5,"-1.5"
"Varland, Louis","686973","TOR","2025","adj_xhr","23.41",5,8,4,"40","10",10.2,"-0.2"
"Rodríguez, Yariel","684320","TOR","2025","adj_xhr","24.08",4,7,4,"40","10",8.8,"1.2"
"Romano, Jordan","605447","PHI","2025","adj_xhr","23.49",2,10,3,"30","10",8.9,"1.1"
"Hoglund, Gunnar","680684","ATH","2025","adj_xhr","23.14",0,7,4,"40","10",9.4,"0.6"
"Houck, Tanner","656557","BOS","2025","adj_xhr","23.55",2,3,6,"60","10",8.7,"1.3"
"Soriano, George","666277","MIA","2025","adj_xhr","25.86",2,4,5,"50","10",7.5,"2.5"
"Sterner, Justin","686993","ATH","2025","adj_xhr","23.04",3,5,4,"40","10",8.3,"1.7"
"Birdsong, Hayden","806185","SF","2025","adj_xhr","25.44",8,5,6,"60","10",10.3,"-0.3"
"Festa, David","701581","MIN","2025","adj_xhr","23.91",3,6,8,"80","10",11.3,"-1.3"
"Weaver, Luke","596133","NYY","2025","adj_xhr","22.6",5,4,4,"40","10",7.6,"2.4"
"Banda, Anthony","607455","LAD","2025","adj_xhr","24.57",3,7,3,"30","10",8.3,"1.7"
"Pagán, Emilio","641941","CIN","2025","adj_xhr","26.29",6,5,5,"50","10",8.6,"1.4"
"Bachar, Lake","669199","MIA","2025","adj_xhr","24.79",4,11,5,"50","10",12.6,"-2.6"
"Walter, Brandon","687888","HOU","2025","adj_xhr","24.15",1,8,4,"40","10",9.3,"0.7"
"Schreiber, John","670167","KC","2025","adj_xhr","22.7",3,10,3,"30","10",10,"0.0"
"Knack, Landon","689017","LAD","2025","adj_xhr","23.68",6,4,5,"50","10",8.6,"1.4"
"Kershaw, Clayton","477132","LAD","2025","adj_xhr","23.44",3,7,6,"60","10",10.8,"-0.8"
"Matsui, Yuki","673513","SD","2025","adj_xhr","24.74",6,9,4,"40","10",10.3,"-0.3"
"Palmquist, Carson","687223","COL","2025","adj_xhr","24.25",4,6,4,"40","10",8.9,"1.1"
"Carrasco, Carlos","471911","ATL","2025","adj_xhr","23.63",5,9,3,"30","10",9,"1.0"
"McCullers Jr., Lance","621121","HOU","2025","adj_xhr","22.63",6,8,2,"20","10",7.5,"2.5"
"King, Bryan","687911","HOU","2025","adj_xhr","22.87",0,5,5,"50","10",7.8,"2.2"
"Horton, Cade","690990","CHC","2025","adj_xhr","23.19",7,10,4,"40","10",9.9,"0.1"
"Cleavinger, Garrett","664076","TB","2025","adj_xhr","24.24",5,5,2,"22.2","9",6.6,"2.4"
"Kittredge, Andrew","552640","CHC","2025","adj_xhr","22.67",3,7,3,"33.3","9",7.7,"1.3"
"Woodruff, Brandon","605540","MIL","2025","adj_xhr","24.09",3,5,5,"55.6","9",8.5,"0.5"
"Alexander, Tyler","641302","CWS","2025","adj_xhr","22.93",3,11,2,"22.2","9",9.8,"-0.8"
"Dana, Caden","702674","LAA","2025","adj_xhr","23.57",1,6,2,"22.2","9",6.1,"2.9"
"Gonsolin, Tony","664062","LAD","2025","adj_xhr","23.66",2,9,3,"33.3","9",8.4,"0.6"
"Misiorowski, Jacob","694819","MIL","2025","adj_xhr","24.04",4,9,1,"11.1","9",8.3,"0.7"
"Vesia, Alex","681911","LAD","2025","adj_xhr","23.6",2,1,8,"88.9","9",8.5,"0.5"
"Cox, Austin","680735","ATL","2025","adj_xhr","25.51",1,8,2,"22.2","9",7.5,"1.5"
"Melton, Troy","675512","DET","2025","adj_xhr","23.18",6,8,3,"33.3","9",9.7,"-0.7"
"Blewett, Scott","656240","BAL","2025","adj_xhr","24.84",2,11,2,"22.2","9",9.3,"-0.3"
"Banks, Tanner","621383","PHI","2025","adj_xhr","24.18",2,11,2,"22.2","9",8.7,"0.3"
"Kolek, Stephen","663568","KC","2025","adj_xhr","24.37",4,8,3,"33.3","9",7.9,"1.1"
"Ogasawara, Shinnosuke","829272","WSH","2025","adj_xhr","23.63",0,5,5,"55.6","9",8.6,"0.4"
"Hart, Kyle","606996","SD","2025","adj_xhr","23.82",1,6,3,"33.3","9",7.9,"1.1"
"Hodge, Porter","687863","CHC","2025","adj_xhr","24.44",1,6,3,"33.3","9",6.9,"2.1"
"Rodríguez, Elvin","660730","BAL","2025","adj_xhr","23.31",4,7,1,"11.1","9",7.5,"1.5"
"Schmidt, Clarke","657376","NYY","2025","adj_xhr","24.07",2,5,5,"55.6","9",8.4,"0.6"
"Seymour, Carson","693313","SF","2025","adj_xhr","23.62",3,3,6,"66.7","9",8.5,"0.5"
"Yates, Kirby","489446","LAD","2025","adj_xhr","22.85",3,6,3,"33.3","9",7.4,"1.6"
"Kahnle, Tommy","592454","DET","2025","adj_xhr","25.45",4,2,6,"75","8",7.8,"0.2"
"Bergert, Ryan","686701","KC","2025","adj_xhr","24.76",3,10,4,"50","8",10.7,"-2.7"
"Hill, Tim","657612","NYY","2025","adj_xhr","24.04",2,5,3,"37.5","8",7.9,"0.1"
"Lynch IV, Daniel","663738","KC","2025","adj_xhr","24.03",5,7,2,"25","8",7.6,"0.4"
"Gaddis, Hunter","683769","CLE","2025","adj_xhr","24.42",1,7,5,"62.5","8",9.6,"-1.6"
"Barlow, Scott","605130","CIN","2025","adj_xhr","23.31",0,3,6,"75","8",8.3,"-0.3"
"Clarke, Taylor","664199","KC","2025","adj_xhr","25.58",1,6,2,"25","8",7.6,"0.4"
"Booser, Cam","592155","CWS","2025","adj_xhr","24.43",1,3,5,"62.5","8",7.5,"0.5"
"Johnson, Pierce","572955","ATL","2025","adj_xhr","23.62",1,6,2,"25","8",7.5,"0.5"
"Gipson-Long, Sawyer","687830","DET","2025","adj_xhr","25.45",2,3,4,"50","8",6.6,"1.4"
"Faucher, Calvin","676534","MIA","2025","adj_xhr","23.92",2,3,4,"50","8",6.5,"1.5"
"Helsley, Ryan","664854","NYM","2025","adj_xhr","25.77",1,4,4,"50","8",5.9,"2.1"
"Mlodzinski, Carmen","669387","PIT","2025","adj_xhr","24.91",3,5,5,"62.5","8",9.2,"-1.2"
"Garcia, Robert","676395","TEX","2025","adj_xhr","26.12",2,7,4,"50","8",8.9,"-0.9"
"Ureña, José","570632","LAA","2025","adj_xhr","23.72",7,7,5,"62.5","8",10.3,"-2.3"
"Matz, Steven","571927","BOS","2025","adj_xhr","25.23",5,5,6,"75","8",9,"-1.0"
"Canning, Griffin","656288","NYM","2025","adj_xhr","22.58",6,7,2,"25","8",6.7,"1.3"
"Jansen, Kenley","445276","LAA","2025","adj_xhr","23.9",5,5,5,"62.5","8",9.5,"-1.5"
"Casparius, Ben","676508","LAD","2025","adj_xhr","24.36",8,7,3,"37.5","8",7.6,"0.4"
"Junk, Janson","676083","MIA","2025","adj_xhr","24.38",2,11,5,"62.5","8",11,"-3.0"
"King, John","667463","STL","2025","adj_xhr","23.53",4,5,4,"50","8",7.5,"0.5"
"Montas, Frankie","593423","NYM","2025","adj_xhr","24.29",4,6,3,"37.5","8",6.6,"1.4"
"Hader, Josh","623352","HOU","2025","adj_xhr","24.19",4,4,2,"25","8",4.6,"3.4"
"Henriquez, Ronny","678692","MIA","2025","adj_xhr","25.93",6,4,4,"50","8",7.7,"0.3"
"Vasil, Mike","678024","CWS","2025","adj_xhr","23.47",6,9,1,"12.5","8",8.6,"-0.6"
"Ross, Joe","605452","PHI","2025","adj_xhr","26.32",5,6,5,"62.5","8",8.7,"-0.7"
"Iglesias, Raisel","628452","ATL","2025","adj_xhr","24.58",4,5,5,"62.5","8",8.2,"-0.2"
"Burke, Brock","656271","LAA","2025","adj_xhr","23.68",5,3,3,"37.5","8",5.8,"2.2"
"Abel, Mick","690953","MIN","2025","adj_xhr","23.06",2,6,3,"37.5","8",6.7,"1.3"
"Fermin, José","820862","LAA","2025","adj_xhr","25.85",2,5,4,"50","8",7.2,"0.8"
"Schlittler, Cam","693645","NYY","2025","adj_xhr","26.2",3,3,5,"62.5","8",7.3,"0.7"
"Ort, Kaleb","672391","HOU","2025","adj_xhr","23.77",3,5,2,"25","8",5,"3.0"
"Morales, Luis","806960","ATH","2025","adj_xhr","25.19",2,6,3,"37.5","8",7.9,"0.1"
"Phillips, Tyler","663969","MIA","2025","adj_xhr","23.7",1,7,3,"37.5","8",8.5,"-0.5"
"Anderson, Grant","681982","MIL","2025","adj_xhr","23.96",3,4,3,"37.5","8",5.8,"2.2"
"Sands, Cole","663485","MIN","2025","adj_xhr","24.2",5,7,4,"57.1","7",7.9,"-0.9"
"Santillan, Tony","663574","CIN","2025","adj_xhr","26.9",3,2,4,"57.1","7",5.1,"1.9"
"Henry, Cole","669371","WSH","2025","adj_xhr","24.93",2,3,4,"57.1","7",6.5,"0.5"
"Blackburn, Paul","621112","NYY","2025","adj_xhr","25.65",1,5,3,"42.9","7",6.8,"0.2"
"Hatch, Thomas","641672","MIN","2025","adj_xhr","24.02",1,3,5,"71.4","7",6.9,"0.1"
"Lazar, Max","676661","PHI","2025","adj_xhr","24.45",1,5,3,"42.9","7",7.1,"-0.1"
"Domínguez, Seranthony","622554","TOR","2025","adj_xhr","23.8",3,9,1,"14.3","7",6.3,"0.7"
"Rogers, Taylor","573124","CHC","2025","adj_xhr","23.43",5,5,3,"42.9","7",6.7,"0.3"
"Gil, Luis","661563","NYY","2025","adj_xhr","24.59",5,4,4,"57.1","7",7.4,"-0.4"
"Sheehan, Emmet","686218","LAD","2025","adj_xhr","23.55",4,5,4,"57.1","7",7.7,"-0.7"
"Loáisiga, Jonathan","642528","NYY","2025","adj_xhr","24.51",2,2,4,"57.1","7",5,"2.0"
"Long, Sam","669674","KC","2025","adj_xhr","22.49",1,4,3,"42.9","7",5.7,"1.3"
"Cavalli, Cade","676917","WSH","2025","adj_xhr","24.46",1,4,3,"42.9","7",5.8,"1.2"
"Cano, Yennier","666974","BAL","2025","adj_xhr","24.09",1,5,2,"28.6","7",6,"1.0"
"Gibson, Kyle","502043","BAL","2025","adj_xhr","22.14",1,2,5,"71.4","7",6.8,"0.2"
"Ragans, Cole","666142","KC","2025","adj_xhr","24.17",2,4,5,"71.4","7",8.5,"-1.5"
"Lee, Chase","695445","DET","2025","adj_xhr","26.97",2,4,5,"71.4","7",7.6,"-0.6"
"Koenig, Jared","657649","MIL","2025","adj_xhr","23.45",4,2,5,"71.4","7",7.3,"-0.3"
"Wesneski, Hayden","669713","HOU","2025","adj_xhr","24.39",3,5,3,"42.9","7",6.9,"0.1"
"Bird, Jake","656234","NYY","2025","adj_xhr","24.2",4,3,4,"57.1","7",6.6,"0.4"
"Flexen, Chris","623167","CHC","2025","adj_xhr","24.56",4,4,3,"42.9","7",6.4,"0.6"
"Blanco, Ronel","669854","HOU","2025","adj_xhr","24.26",4,6,1,"14.3","7",6.2,"0.8"
"Weathers, Ryan","677960","MIA","2025","adj_xhr","24.04",3,4,3,"42.9","7",5.8,"1.2"
"Halvorsen, Seth","678020","COL","2025","adj_xhr","23.88",3,3,4,"57.1","7",6,"1.0"
"Jax, Griffin","643377","TB","2025","adj_xhr","24.8",3,5,2,"28.6","7",6.2,"0.8"
"Legumina, Casey","668984","SEA","2025","adj_xhr","24.96",3,3,4,"57.1","7",6.2,"0.8"
"Burnes, Corbin","669203","AZ","2025","adj_xhr","23.64",3,4,3,"42.9","7",6.3,"0.7"
"Jobe, Jackson","695549","DET","2025","adj_xhr","23.56",2,6,2,"28.6","7",6.5,"0.5"
"Stanek, Ryne","592773","NYM","2025","adj_xhr","24.69",2,5,3,"42.9","7",6.7,"0.3"
"Salazar, Eduardo","674285","WSH","2025","adj_xhr","23.76",2,5,3,"42.9","7",7,"0.0"
"Fluharty, Mason","689254","TOR","2025","adj_xhr","23.83",2,5,3,"42.9","7",7.1,"-0.1"
"Fairbanks, Pete","664126","TB","2025","adj_xhr","24.06",2,4,4,"57.1","7",7.6,"-0.6"
"De Los Santos, Enyel","660853","HOU","2025","adj_xhr","25.22",5,1,6,"85.7","7",6.8,"0.2"
"Wilson, Steven","621051","CWS","2025","adj_xhr","23.83",5,4,3,"42.9","7",7.1,"-0.1"
"Beck, Tristan","663941","SF","2025","adj_xhr","24.27",2,8,2,"28.6","7",7.8,"-0.8"
"Pilkington, Konnor","663455","WSH","2025","adj_xhr","24.23",2,5,5,"71.4","7",8.1,"-1.1"
"Latz, Jacob","656641","TEX","2025","adj_xhr","22.54",8,8,3,"42.9","7",8.1,"-1.1"
"Suarez, Robert","663158","SD","2025","adj_xhr","24.35",5,7,3,"42.9","7",7.2,"-0.2"
"Davis, Noah","663562","MIN","2025","adj_xhr","24.79",1,3,3,"42.9","7",5.3,"1.7"
"Zerpa, Angel","672582","KC","2025","adj_xhr","23.89",7,4,3,"42.9","7",6.8,"0.2"
"Speier, Gabe","642100","SEA","2025","adj_xhr","23.89",6,5,3,"42.9","7",6.8,"0.2"
"Mears, Nick","683232","MIL","2025","adj_xhr","24.73",6,3,5,"71.4","7",7.7,"-0.7"
"Bowlan, Jonathan","680742","KC","2025","adj_xhr","24.97",0,3,4,"66.7","6",6.7,"-0.7"
"Pérez, Martín","527048","CWS","2025","adj_xhr","23.26",10,8,4,"66.7","6",10.2,"-4.2"
"Herget, Jimmy","623474","COL","2025","adj_xhr","24",9,3,2,"33.3","6",5.7,"0.3"
"Sasaki, Roki","808963","LAD","2025","adj_xhr","24",5,8,1,"16.7","6",6.4,"-0.4"
"Lively, Ben","594902","CLE","2025","adj_xhr","24.67",5,5,4,"66.7","6",7.8,"-1.8"
"Bivens, Spencer","702352","SF","2025","adj_xhr","24.31",5,3,5,"83.3","6",7.7,"-1.7"
"López, Pablo","641154","MIN","2025","adj_xhr","25.64",3,4,4,"66.7","6",7.2,"-1.2"
"Oviedo, Johan","670912","PIT","2025","adj_xhr","25.82",2,2,5,"83.3","6",6.5,"-0.5"
"Hicks, Jordan","663855","BOS","2025","adj_xhr","24.49",1,5,3,"50","6",6.1,"-0.1"
"Scott, Tayler","605463","HOU","2025","adj_xhr","23.17",2,4,3,"50","6",6.1,"-0.1"
"Jacob, Alek","689690","SD","2025","adj_xhr","23.98",1,6,2,"33.3","6",5.7,"0.3"
"Arrighetti, Spencer","681293","HOU","2025","adj_xhr","24.22",3,3,3,"50","6",5.3,"0.7"
"Stroman, Marcus","573186","NYY","2025","adj_xhr","24.77",3,5,3,"50","6",6.7,"-0.7"
"Fernandez, Ryan","681676","STL","2025","adj_xhr","23.17",3,5,3,"50","6",6.4,"-0.4"
"Shugart, Chase","663767","PIT","2025","adj_xhr","23.77",5,3,3,"50","6",6.2,"-0.2"
"Kerkering, Orion","689147","PHI","2025","adj_xhr","22.89",3,4,1,"16.7","6",4.3,"1.7"
"Alvarado, Elvis","665660","ATH","2025","adj_xhr","26.44",2,5,1,"16.7","6",4.4,"1.6"
"Wrobleski, Justin","680736","LAD","2025","adj_xhr","24.28",3,3,2,"33.3","6",4.4,"1.6"
"Brazobán, Huascar","623211","NYM","2025","adj_xhr","22.86",3,2,3,"50","6",4.7,"1.3"
"Enns, Dietrich","608650","BAL","2025","adj_xhr","23.58",1,5,2,"33.3","6",5.3,"0.7"
"Pomeranz, Drew","519141","CHC","2025","adj_xhr","24.82",2,1,5,"83.3","6",5.6,"0.4"
"Crismatt, Nabil","622503","AZ","2025","adj_xhr","22.77",2,4,2,"33.3","6",5.6,"0.4"
"Strahm, Matt","621381","PHI","2025","adj_xhr","23.9",1,3,4,"66.7","6",5.9,"0.1"
"Montgomery, Mason","682254","TB","2025","adj_xhr","23.94",0,5,3,"50","6",6.1,"-0.1"
"Hurter, Brant","676428","DET","2025","adj_xhr","24.68",1,4,3,"50","6",6.8,"-0.8"
"Thornton, Trent","663423","SEA","2025","adj_xhr","22.96",1,5,1,"16.7","6",4.1,"1.9"
"Martin, Chris","455119","TEX","2025","adj_xhr","24.35",2,2,3,"50","6",4.2,"1.8"
"Mejia, Juan","675848","COL","2025","adj_xhr","23.1",2,3,2,"33.3","6",4.4,"1.6"
"Dobbins, Hunter","690928","BOS","2025","adj_xhr","23.54",4,3,5,"83.3","6",6.8,"-0.8"
"Snell, Blake","605483","LAD","2025","adj_xhr","25.55",6,2,2,"33.3","6",4.3,"1.7"
"Trivino, Lou","642152","PHI","2025","adj_xhr","23.63",3,4,3,"50","6",5.5,"0.5"
"Boyle, Joe","671212","TB","2025","adj_xhr","23.47",3,5,2,"33.3","6",5.6,"0.4"
"Bubic, Kris","663460","KC","2025","adj_xhr","24.78",3,4,3,"50","6",6.3,"-0.3"
"Pressly, Ryan","519151","CHC","2025","adj_xhr","23.8",3,5,2,"33.3","6",6.4,"-0.4"
"Weissert, Greg","669711","BOS","2025","adj_xhr","25.34",2,6,2,"33.3","6",6.5,"-0.5"
"Megill, Tylor","656731","NYM","2025","adj_xhr","24.09",2,4,4,"66.7","6",7.5,"-1.5"
"Fisher, Braydon","680755","TOR","2025","adj_xhr","22.88",3,4,2,"33.3","6",5.1,"0.9"
"Detmers, Reid","672282","LAA","2025","adj_xhr","25.41",3,4,2,"33.3","6",5,"1.0"
"Kinley, Tyler","641755","ATL","2025","adj_xhr","25.9",4,5,3,"50","6",6.5,"-0.5"
"Ribalta, Orlando","687377","WSH","2025","adj_xhr","24.55",4,2,3,"50","6",5,"1.0"
"Gillispie, Connor","687362","MIA","2025","adj_xhr","27.28",4,1,4,"66.7","6",4.8,"1.2"
"Okert, Steven","595345","HOU","2025","adj_xhr","26.49",5,3,3,"50","6",6.1,"-0.1"
"Beeks, Jalen","656222","AZ","2025","adj_xhr","23.3",2,7,2,"33.3","6",5.7,"0.3"
"Dubin, Shawn","681869","BAL","2025","adj_xhr","25.24",5,5,1,"16.7","6",4.3,"1.7"
"Díaz, Alexis","664747","ATL","2025","adj_xhr","22.88",1,5,0,"0","6",3.8,"2.2"
"Neris, Héctor","593576","HOU","2025","adj_xhr","22.09",0,6,1,"16.7","6",5,"1.0"
"Blubaugh, AJ","805123","HOU","2025","adj_xhr","23.82",2,2,3,"50","6",5.1,"0.9"
"Anderson, Shaun","641312","LAA","2025","adj_xhr","22.25",0,6,0,"0","6",4.7,"1.3"
"Fuentes, Didier","800311","ATL","2025","adj_xhr","24.02",1,3,2,"33.3","6",4.8,"1.2"
"Brzykcy, Zach","694350","WSH","2025","adj_xhr","24.34",1,3,3,"50","6",5.2,"0.8"
"Sauer, Matt","669422","LAD","2025","adj_xhr","23.39",0,4,3,"50","6",5.8,"0.2"
"Adams, Travis","701519","MIN","2025","adj_xhr","23.57",0,4,3,"50","6",5.9,"0.1"
"Rogers, Trevor","669432","BAL","2025","adj_xhr","24.86",8,7,3,"50","6",9.3,"-3.3"
"Whisenhunt, Carson","687931","SF","2025","adj_xhr","22.79",0,4,3,"50","6",5.9,"0.1"
"Peralta, Luis","678821","COL","2025","adj_xhr","25.91",1,2,4,"66.7","6",5.9,"0.1"
"Palencia, Daniel","694037","CHC","2025","adj_xhr","22.47",4,4,1,"16.7","6",3.5,"2.5"
"Brown, McCade","685326","COL","2025","adj_xhr","23.94",0,5,2,"33.3","6",6.3,"-0.3"
"Jackson, Luke","592426","SEA","2025","adj_xhr","25.88",2,2,4,"80","5",5.3,"-0.3"
"Allard, Kolby","663465","CLE","2025","adj_xhr","24.93",0,6,2,"40","5",6.3,"-1.3"
"Milner, Hoby","571948","TEX","2025","adj_xhr","25.43",6,5,2,"40","5",5.7,"-0.7"
"Seymour, Ian","693855","TB","2025","adj_xhr","25.58",5,6,2,"40","5",6.4,"-1.4"
"Leahy, Kyle","681517","STL","2025","adj_xhr","24.93",9,6,2,"40","5",6.4,"-1.4"
"Mahle, Tyler","641816","TEX","2025","adj_xhr","23.22",4,10,3,"60","5",7.5,"-2.5"
"Santana, Dennis","642701","PIT","2025","adj_xhr","22.76",7,6,2,"40","5",6.4,"-1.4"
"Olson, Reese","681857","DET","2025","adj_xhr","23.67",3,4,4,"80","5",6.8,"-1.8"
"Steele, Justin","657006","CHC","2025","adj_xhr","23.32",1,0,4,"80","5",4,"1.0"
"Junis, Jakob","596001","CLE","2025","adj_xhr","23.65",5,3,2,"40","5",3.8,"1.2"
"Ohtani, Shohei","660271","LAD","2025","adj_xhr","26.61",5,2,3,"60","5",4.3,"0.7"
"Myers, Tobias","668964","MIL","2025","adj_xhr","24.56",4,4,2,"40","5",4.5,"0.5"
"Gilbert, Tyler","656457","CWS","2025","adj_xhr","24.2",3,5,2,"40","5",5.7,"-0.7"
"Cruz, Fernando","518585","NYY","2025","adj_xhr","21.59",6,5,1,"20","5",5.1,"-0.1"
"Estévez, Carlos","608032","KC","2025","adj_xhr","21.99",5,6,1,"20","5",5.9,"-0.9"
"Williams, Devin","642207","NYY","2025","adj_xhr","26.57",5,4,3,"60","5",6.1,"-1.1"
"Kranick, Max","668820","NYM","2025","adj_xhr","23.59",0,2,4,"80","5",5.2,"-0.2"
"Herrin, Tim","682120","CLE","2025","adj_xhr","23.42",0,5,1,"20","5",4.9,"0.1"
"Phillips, Connor","683175","CIN","2025","adj_xhr","24.19",1,1,4,"80","5",4.8,"0.2"
"Dodd, Dylan","689266","ATL","2025","adj_xhr","25.46",1,3,2,"40","5",4.4,"0.6"
"Cruz, Steven","674444","KC","2025","adj_xhr","23.22",3,4,0,"0","5",3.1,"1.9"
"Boushley, Caleb","676961","TEX","2025","adj_xhr","24.78",3,2,2,"40","5",3.5,"1.5"
"Harris, Hogan","663687","ATH","2025","adj_xhr","23.13",3,3,1,"20","5",3.7,"1.3"
"Curtiss, John","595928","AZ","2025","adj_xhr","25.57",2,2,3,"60","5",4.5,"0.5"
"Mantiply, Joe","573009","AZ","2025","adj_xhr","22.43",2,3,2,"40","5",4.6,"0.4"
"Garrett, Reed","657585","NYM","2025","adj_xhr","23.9",2,4,1,"20","5",4.6,"0.4"
"Garcia, Rico","670329","BAL","2025","adj_xhr","24.09",1,4,2,"40","5",4.7,"0.3"
"Peralta, Wandy","593974","SD","2025","adj_xhr","23.2",2,5,0,"0","5",4.7,"0.3"
"Gray, Jon","592351","TEX","2025","adj_xhr","23.67",0,5,2,"40","5",5,"0.0"
"Lucas, Easton","687922","TOR","2025","adj_xhr","22.44",0,3,4,"80","5",5.1,"-0.1"
"Brebbia, John","605154","ATL","2025","adj_xhr","25.3",0,4,3,"60","5",5.2,"-0.2"
"Simpson, Josh","681006","MIA","2025","adj_xhr","25.64",1,3,3,"60","5",5.3,"-0.3"
"Montero, Rafael","606160","DET","2025","adj_xhr","25.55",1,3,3,"60","5",5.4,"-0.4"
"Brieske, Beau","689225","DET","2025","adj_xhr","21.71",1,3,2,"40","5",4.3,"0.7"
"Miller, Shelby","571946","MIL","2025","adj_xhr","25.2",2,2,2,"40","5",4.1,"0.9"
"Tolle, Payton","801139","BOS","2025","adj_xhr","24.67",2,3,1,"20","5",3.1,"1.9"
"Miller, Mason","695243","SD","2025","adj_xhr","23.47",4,2,3,"60","5",4.6,"0.4"
"Burns, Chase","695505","CIN","2025","adj_xhr","23.94",4,2,3,"60","5",4.9,"0.1"
"Thielbar, Caleb","573204","CHC","2025","adj_xhr","25.03",3,4,2,"40","5",5.1,"-0.1"
"Armstrong, Shawn","542888","TEX","2025","adj_xhr","25.32",3,2,4,"80","5",5.3,"-0.3"
"Alexander, Scott","518397","SF","2025","adj_xhr","23.94",4,3,1,"20","5",2.6,"2.4"
"Kelly, Michael","547184","ATH","2025","adj_xhr","23.67",4,2,2,"40","5",4,"1.0"
"Newcomb, Sean","656794","ATH","2025","adj_xhr","25.87",3,3,2,"40","5",4.2,"0.8"
"Ferrer, Jose A.","678606","WSH","2025","adj_xhr","22.11",2,4,2,"40","5",4.5,"0.5"
"Ohl, Pierson","701487","MIN","2025","adj_xhr","22.21",2,5,1,"20","5",4.6,"0.4"
"Hamilton, Ian","641656","NYY","2025","adj_xhr","24.14",3,3,2,"40","5",4.7,"0.3"
"Fulmer, Carson","608334","LAA","2025","adj_xhr","25.94",1,7,0,"0","5",4.8,"0.2"
"Leiter Jr., Mark","643410","NYY","2025","adj_xhr","25.6",2,3,3,"60","5",4.8,"0.2"
"Agnos, Zach","688642","COL","2025","adj_xhr","23.28",2,2,4,"80","5",5.2,"-0.2"
"Keller, Brad","641745","CHC","2025","adj_xhr","23.63",2,3,3,"60","5",5.4,"-0.4"
"Hagenman, Justin","663795","NYM","2025","adj_xhr","23.28",1,2,3,"75","4",4,"0.0"
"Muñoz, Roddery","682610","STL","2025","adj_xhr","21.3",0,3,1,"25","4",3.8,"0.2"
"Yesavage, Trey","702056","TOR","2025","adj_xhr","26.05",2,1,3,"75","4",4.2,"-0.2"
"Loutos, Ryan","702795","WSH","2025","adj_xhr","24.84",0,1,3,"75","4",3.7,"0.3"
"Hiraldo, Yaramil","682274","BAL","2025","adj_xhr","23.21",0,2,2,"50","4",3.6,"0.4"
"Lucchesi, Joey","664192","SF","2025","adj_xhr","24.35",0,4,2,"50","4",4.4,"-0.4"
"McLean, Nolan","690997","NYM","2025","adj_xhr","23.33",0,4,2,"50","4",4.5,"-0.5"
"Englert, Mason","669438","TB","2025","adj_xhr","23.7",1,4,1,"25","4",4.5,"-0.5"
"Thompson, Ryan","657044","AZ","2025","adj_xhr","22.8",4,3,1,"25","4",3.2,"0.8"
"Brash, Matt","666374","SEA","2025","adj_xhr","24.01",4,2,2,"50","4",3.7,"0.3"
"Mazur, Adam","800049","MIA","2025","adj_xhr","25.5",3,2,3,"75","4",4,"0.0"
"Orze, Eric","679358","TB","2025","adj_xhr","22.94",2,5,1,"25","4",4,"0.0"
"Vest, Will","676684","DET","2025","adj_xhr","23.2",2,4,2,"50","4",4.1,"-0.1"
"Adam, Jason","592094","SD","2025","adj_xhr","24.49",0,3,3,"75","4",5.3,"-1.3"
"Bednar, David","670280","NYY","2025","adj_xhr","24.78",2,4,2,"50","4",4.4,"-0.4"
"Hernández, Carlos","672578","CLE","2025","adj_xhr","24.94",3,2,3,"75","4",4.4,"-0.4"
"Sousa, Bennett","656986","HOU","2025","adj_xhr","22.92",3,5,1,"25","4",3.6,"0.4"
"Mederos, Victor","682989","LAA","2025","adj_xhr","22.89",3,3,2,"50","4",4.5,"-0.5"
"Schultz, Paxton","687606","TOR","2025","adj_xhr","23.7",3,3,2,"50","4",4.7,"-0.7"
"Wells, Tyler","669330","BAL","2025","adj_xhr","25.05",2,5,1,"25","4",4.8,"-0.8"
"Bowman, Matt","621199","BAL","2025","adj_xhr","22.96",2,3,3,"75","4",4.8,"-0.8"
"Harrison, Kyle","690986","BOS","2025","adj_xhr","22.04",5,3,1,"25","4",4.1,"-0.1"
"Ashby, Aaron","676879","MIL","2025","adj_xhr","24.27",0,5,1,"25","4",5,"-1.0"
"Vodnik, Victor","680767","COL","2025","adj_xhr","24.75",4,7,1,"25","4",5.4,"-1.4"
"Smith-Shawver, AJ","700363","ATL","2025","adj_xhr","22.63",5,6,1,"25","4",4.8,"-0.8"
"Hanifee, Brenan","669724","DET","2025","adj_xhr","22.78",6,5,1,"25","4",4.6,"-0.6"
"Finnegan, Kyle","640448","DET","2025","adj_xhr","24.79",3,6,1,"25","4",4.3,"-0.3"
"Little, Brendon","663893","TOR","2025","adj_xhr","24.18",3,5,2,"50","4",4.8,"-0.8"
"Megill, Trevor","656730","MIL","2025","adj_xhr","24.2",5,2,3,"75","4",4.9,"-0.9"
"Erceg, Lucas","668674","KC","2025","adj_xhr","25.65",2,7,1,"25","4",5.7,"-1.7"
"Smith, Cade","671922","CLE","2025","adj_xhr","23.91",5,1,3,"75","4",4.3,"-0.3"
"Ramírez, Yohan","670990","PIT","2025","adj_xhr","22.6",2,7,0,"0","4",4.6,"-0.6"
"Payamps, Joel","606303","ATL","2025","adj_xhr","25.59",3,3,3,"75","4",5.3,"-1.3"
"Ferguson, Tyler","621053","ATH","2025","adj_xhr","24.84",2,2,3,"75","4",4.5,"-0.5"
"Walker, Ryan","676254","SF","2025","adj_xhr","24.34",1,5,1,"25","4",4.4,"-0.4"
"McGough, Scott","543518","ATH","2025","adj_xhr","25.9",3,3,1,"25","4",3.6,"0.4"
"Abreu, Bryan","650556","HOU","2025","adj_xhr","24.31",3,2,2,"50","4",3.6,"0.4"
"Waddell, Brandon","663399","NYM","2025","adj_xhr","22.91",3,2,2,"50","4",3.4,"0.6"
"Rodríguez, Randy","678495","SF","2025","adj_xhr","28.78",1,5,1,"25","4",4.6,"-0.6"
"Martin, Corbin","656686","BAL","2025","adj_xhr","25.87",0,1,4,"100","4",4.5,"-0.5"
"Tidwell, Blade","694918","NYM","2025","adj_xhr","23.42",0,3,2,"50","4",4.3,"-0.3"
"Festa, Matt","670036","CLE","2025","adj_xhr","24.54",0,2,3,"75","4",4.2,"-0.2"
"Farris, Mitch","815083","LAA","2025","adj_xhr","25.56",2,2,2,"50","4",3.4,"0.6"
"Messick, Parker","800048","CLE","2025","adj_xhr","22.4",1,0,4,"100","4",4.1,"-0.1"
"Moll, Sam","594580","CIN","2025","adj_xhr","24.71",0,4,1,"25","4",4,"0.0"
"Bigge, Hunter","685801","TB","2025","adj_xhr","23.93",3,3,0,"0","4",2.6,"1.4"
"Dreyer, Jack","676263","LAD","2025","adj_xhr","24.37",7,7,0,"0","4",4.7,"-0.7"
"Estes, Joey","683155","ATH","2025","adj_xhr","21.26",2,4,0,"0","4",2,"2.0"
"Uribe, Abner","682842","MIL","2025","adj_xhr","25.27",0,1,3,"75","4",3.6,"0.4"
"Sewald, Paul","623149","DET","2025","adj_xhr","25.17",2,3,1,"25","4",3.4,"0.6"
"Pop, Zach","647315","NYM","2025","adj_xhr","23.56",1,0,4,"100","4",4,"0.0"
"Robertson, David","502085","PHI","2025","adj_xhr","24.88",1,2,2,"50","4",3.6,"0.4"
"Veneziano, Anthony","685107","STL","2025","adj_xhr","22.98",1,4,2,"50","4",4.9,"-0.9"
"Stratton, Chris","608717","LAD","2025","adj_xhr","24.03",2,1,4,"100","4",5,"-1.0"
"Murphy, Chris","669684","BOS","2025","adj_xhr","23.41",1,2,4,"100","4",5.3,"-1.3"
"Borucki, Ryan","621366","TOR","2025","adj_xhr","23.69",1,2,4,"100","4",5.3,"-1.3"
"Treinen, Blake","595014","LAD","2025","adj_xhr","22.21",2,4,0,"0","4",3.4,"0.6"
"Alvarado, José","621237","PHI","2025","adj_xhr","23.51",2,3,1,"25","4",3.5,"0.5"
"Soto, Gregory","642397","NYM","2025","adj_xhr","23.77",2,2,2,"50","4",3.6,"0.4"
"Díaz, Edwin","621242","NYM","2025","adj_xhr","24.57",7,5,1,"25","4",5.1,"-1.1"
"Johnson, Ryan","696270","LAA","2025","adj_xhr","23.69",2,2,2,"50","4",3.9,"0.1"
"Kowar, Jackson","663804","SEA","2025","adj_xhr","24.81",0,2,2,"50","4",3.5,"0.5"
"Castillo, José","620454","BAL","2025","adj_xhr","21.31",0,2,2,"50","4",3.4,"0.6"
"La Sorsa, Joe","686747","CIN","2025","adj_xhr","21.56",0,2,2,"50","4",3.3,"0.7"
"Chavez, Jesse","445926","ATL","2025","adj_xhr","24.26",0,2,2,"50","4",3.3,"0.7"
"Holderman, Colin","670059","PIT","2025","adj_xhr","24.19",1,0,3,"75","4",3.2,"0.8"
"Buttó, José","676130","SF","2025","adj_xhr","22.42",2,8,1,"25","4",6,"-2.0"
"Carrillo, Alex","692024","NYM","2025","adj_xhr","20.55",0,3,1,"25","4",2.8,"1.2"
"Morgan, David","688158","SD","2025","adj_xhr","23.54",0,3,1,"25","4",2.6,"1.4"
"Rogers, Tyler","643511","NYM","2025","adj_xhr","21.09",0,3,1,"25","4",2.5,"1.5"
"Mattson, Isaac","676755","PIT","2025","adj_xhr","21.04",1,4,1,"25","4",3.9,"0.1"
"Reynolds, Sean","669308","SD","2025","adj_xhr","21.92",2,2,2,"50","4",3.9,"0.1"
"Altavilla, Dan","656186","CWS","2025","adj_xhr","22.03",1,3,1,"25","4",3.3,"0.7"
"Feltner, Ryan","663372","COL","2025","adj_xhr","23.72",2,1,3,"75","4",4,"0.0"
"Perkins, Jack","678022","ATH","2025","adj_xhr","24.17",1,3,1,"25","4",2.4,"1.6"
"Headrick, Brent","687396","NYY","2025","adj_xhr","24.57",2,1,3,"75","4",4.1,"-0.1"
"Doval, Camilo","666808","NYY","2025","adj_xhr","23.67",2,2,2,"50","4",4.1,"-0.1"
"Sanoja, Javier","691594","MIA","2025","adj_xhr","25.37",1,3,2,"50","4",4.1,"-0.1"
"Dunning, Dane","641540","ATL","2025","adj_xhr","24.53",0,2,2,"50","4",3.9,"0.1"
"Johnson, Seth","686751","PHI","2025","adj_xhr","25.63",1,1,1,"33.3","3",1.6,"1.4"
"Henderson, Logan","701656","MIL","2025","adj_xhr","25.38",0,3,1,"33.3","3",2.6,"0.4"
"Ruiz, José","614179","ATL","2025","adj_xhr","23.95",2,1,0,"0","3",1.1,"1.9"
"Miley, Wade","489119","CIN","2025","adj_xhr","22.85",1,3,0,"0","3",2.6,"0.4"
"Barnett, Mason","686930","ATH","2025","adj_xhr","22.19",3,0,0,"0","3",0.2,"2.8"
"Morgan, Eli","669212","CHC","2025","adj_xhr","25.74",1,2,1,"33.3","3",2.6,"0.4"
"Lovelady, Richard","663992","NYM","2025","adj_xhr","22.63",0,3,1,"33.3","3",2.5,"0.5"
"Bruihl, Justin","677865","TOR","2025","adj_xhr","23.85",1,2,1,"33.3","3",2.2,"0.8"
"Backhus, Kyle","679775","AZ","2025","adj_xhr","26.57",1,3,0,"0","3",2.2,"0.8"
"Stratton, Hunter","676702","ATL","2025","adj_xhr","22.7",1,3,1,"33.3","3",2.5,"0.5"
"Maxwell, Zach","687209","CIN","2025","adj_xhr","24.77",2,2,0,"0","3",1.5,"1.5"
"Anderson, Nick","623433","COL","2025","adj_xhr","22.37",4,1,1,"33.3","3",2.2,"0.8"
"Henry, Tommy","674072","AZ","2025","adj_xhr","23.37",0,3,0,"0","3",2.6,"0.4"
"Gervase, Paul","801434","LAD","2025","adj_xhr","22.26",0,1,2,"66.7","3",2.5,"0.5"
"Leclerc, José","600917","ATH","2025","adj_xhr","26.66",1,1,1,"33.3","3",1.9,"1.1"
"Ferguson, Caleb","657571","SEA","2025","adj_xhr","24.83",4,2,2,"66.7","3",3.2,"-0.2"
"Wilson, Justin","458677","BOS","2025","adj_xhr","24.78",3,5,0,"0","3",3.7,"-0.7"
"Chapman, Aroldis","547973","BOS","2025","adj_xhr","21.6",3,2,1,"33.3","3",2.8,"0.2"
"Tonkin, Michael","543859","MIN","2025","adj_xhr","25.2",1,4,3,"100","3",4.5,"-1.5"
"Zuber, Tyler","676604","MIA","2025","adj_xhr","25.6",2,3,1,"33.3","3",3,"0.0"
"Pérez, Cionel","672335","BAL","2025","adj_xhr","23.51",0,2,1,"33.3","3",2.3,"0.7"
"Snider, Collin","676092","SEA","2025","adj_xhr","25.04",1,4,2,"66.7","3",4.4,"-1.4"
"Maton, Phil","664208","TEX","2025","adj_xhr","26.36",2,3,1,"33.3","3",3.4,"-0.4"
"Stewart, Brock","592779","LAD","2025","adj_xhr","24.57",1,4,1,"33.3","3",3.5,"-0.5"
"Woodford, Jake","663765","AZ","2025","adj_xhr","22.03",1,4,1,"33.3","3",3.7,"-0.7"
"Petersen, Michael","656848","MIA","2025","adj_xhr","25.42",3,2,2,"66.7","3",3.7,"-0.7"
"Assad, Javier","665871","CHC","2025","adj_xhr","25.61",0,6,0,"0","3",3.8,"-0.8"
"Bautista, Félix","642585","BAL","2025","adj_xhr","23.13",3,1,1,"33.3","3",2.3,"0.7"
"Duran, Jhoan","661395","PHI","2025","adj_xhr","22.62",3,2,2,"66.7","3",3.2,"-0.2"
"Javier, Cristian","664299","HOU","2025","adj_xhr","22.07",2,5,0,"0","3",2.7,"0.3"
"Nicolas, Kyle","693312","PIT","2025","adj_xhr","20.9",3,3,1,"33.3","3",2.6,"0.4"
"Bradish, Kyle","680694","BAL","2025","adj_xhr","21.28",1,1,1,"33.3","3",1.7,"1.3"
"Thomas, Connor","671162","MIL","2025","adj_xhr","23.51",0,0,3,"100","3",3,"0.0"
"Heuer, Codi","676051","DET","2025","adj_xhr","26.08",0,1,2,"66.7","3",3,"0.0"
"Gasser, Robert","688107","MIL","2025","adj_xhr","23.91",0,2,1,"33.3","3",2.9,"0.1"
"Petty, Chase","695534","CIN","2025","adj_xhr","25.55",0,2,1,"33.3","3",2.9,"0.1"
"Criswell, Cooper","681867","BOS","2025","adj_xhr","23.25",1,1,1,"33.3","3",2.1,"0.9"
"Bender, Anthony","669622","MIA","2025","adj_xhr","23.21",5,4,1,"33.3","3",4.1,"-1.1"
"Winn, Cole","668390","TEX","2025","adj_xhr","23.89",5,3,2,"66.7","3",4.1,"-1.1"
"Maldonado, Anthony","687424","ATH","2025","adj_xhr","24.75",0,2,1,"33.3","3",2.9,"0.1"
"Contreras, Roansy","672710","COL","2025","adj_xhr","26.02",0,2,1,"33.3","3",2.8,"0.2"
"Murfee, Penn","682171","CWS","2025","adj_xhr","23.34",1,1,3,"100","3",3.8,"-0.8"
"Rojas, Miguel","500743","LAD","2025","adj_xhr","21.97",1,1,1,"33.3","3",2,"1.0"
"Granillo, Andre","701552","STL","2025","adj_xhr","24.66",0,2,1,"33.3","3",2.7,"0.3"
"Svanson, Matt","694335","STL","2025","adj_xhr","23.9",6,4,1,"33.3","3",4.1,"-1.1"
"Waldrep, Hurston","694462","ATL","2025","adj_xhr","24.5",0,4,1,"33.3","3",3.8,"-0.8"
"Holman, Grant","680880","ATH","2025","adj_xhr","24.01",1,3,1,"33.3","3",3.6,"-0.6"
"Coulombe, Danny","543056","TEX","2025","adj_xhr","25.79",2,1,2,"66.7","3",3.3,"-0.3"
"Hernández, Daysbel","678226","ATL","2025","adj_xhr","27.09",1,2,2,"66.7","3",3.3,"-0.3"
"Bummer, Aaron","607481","ATL","2025","adj_xhr","22.71",2,0,3,"100","3",3.2,"-0.2"
"Harrington, Thomas","802419","PIT","2025","adj_xhr","25.74",2,0,3,"100","3",3.1,"-0.1"
"Suero, Wander","593833","ATL","2025","adj_xhr","24.73",2,1,2,"66.7","3",3,"0.0"
"Enright, Nic","663671","CLE","2025","adj_xhr","23.98",1,3,1,"33.3","3",2.8,"0.2"
"Hernandez, Nick","663321","HOU","2025","adj_xhr","23.25",1,3,1,"33.3","3",2.8,"0.2"
"Eder, Jake","671109","LAA","2025","adj_xhr","24.16",2,2,1,"33.3","3",2.8,"0.2"
"Gibaut, Ian","664139","CIN","2025","adj_xhr","25.47",2,1,2,"66.7","3",2.7,"0.3"
"Spiers, Carson","686730","CIN","2025","adj_xhr","21.67",2,1,2,"66.7","3",2.7,"0.3"
"Curvelo, Luis","681168","TEX","2025","adj_xhr","23.53",2,2,1,"33.3","3",2.6,"0.4"
"Aldegheri, Sam","691951","LAA","2025","adj_xhr","22.82",0,3,1,"33.3","3",3.5,"-0.5"
"Whitley, Forrest","666215","TB","2025","adj_xhr","27.06",0,2,2,"66.7","3",3,"0.0"
"Mey, Luis","682825","CIN","2025","adj_xhr","23.14",1,2,1,"33.3","3",3,"0.0"
"Roberts, Ethan","681799","CHC","2025","adj_xhr","23.14",1,2,1,"33.3","3",2.9,"0.1"
"Gibson, Cade","806188","MIA","2025","adj_xhr","23.82",0,3,1,"33.3","3",2.9,"0.1"
"Jarvis, Bryce","686826","AZ","2025","adj_xhr","22.49",1,2,1,"33.3","3",2.9,"0.1"
"Beeter, Clayton","690925","WSH","2025","adj_xhr","23.91",0,4,0,"0","3",2.9,"0.1"
"Kelly, Zack","677161","BOS","2025","adj_xhr","23.64",0,2,1,"33.3","3",2.7,"0.3"
"Tong, Jonah","804636","NYM","2025","adj_xhr","22.46",1,1,1,"33.3","3",2,"1.0"
"Ashcraft, Braxton","677952","PIT","2025","adj_xhr","21.67",4,7,0,"0","3",5.3,"-2.3"
"McDermott, Chayce","694646","BAL","2025","adj_xhr","23.38",1,1,2,"66.7","3",2.9,"0.1"
"Zastryzny, Rob","642239","MIL","2025","adj_xhr","27.92",1,1,2,"66.7","3",2.8,"0.2"
"Slaten, Justin","686580","BOS","2025","adj_xhr","26.3",1,2,1,"33.3","3",2.7,"0.3"
"McDaniels, Garrett","680729","LAA","2025","adj_xhr","24.29",0,3,0,"0","2",1.6,"0.4"
"Anderson, Ian","666120","LAA","2025","adj_xhr","27.42",2,1,0,"0","2",0.5,"1.5"
"Wolfram, Grant","664991","BAL","2025","adj_xhr","31.32",2,1,0,"0","2",0.6,"1.4"
"Estrada, Lazaro","681751","TOR","2025","adj_xhr","23.1",2,1,0,"0","2",1,"1.0"
"Swanson, Erik","657024","TOR","2025","adj_xhr","20.78",1,2,0,"0","2",1.1,"0.9"
"Arias, Luarbert","678215","MIA","2025","adj_xhr","22.88",1,2,0,"0","2",1.4,"0.6"
"Sims, Lucas","608371","WSH","2025","adj_xhr","25.49",1,2,0,"0","2",1.5,"0.5"
"Clase, Emmanuel","661403","CLE","2025","adj_xhr","24.82",1,1,1,"50","2",1.5,"0.5"
"Wicks, Jordan","696136","CHC","2025","adj_xhr","28.26",1,1,1,"50","2",1.6,"0.4"
"Ramírez, Erasmo","541640","MIN","2025","adj_xhr","23.09",1,2,0,"0","2",1.7,"0.3"
"Hill, Jaden","677955","COL","2025","adj_xhr","27.23",1,1,1,"50","2",1.8,"0.2"
"Taylor, Troy","700187","SEA","2025","adj_xhr","23.82",1,1,1,"50","2",1.9,"0.1"
"Poulin, PJ","676571","WSH","2025","adj_xhr","24.33",1,1,1,"50","2",1.9,"0.1"
"Misiewicz, Anthony","664948","MIN","2025","adj_xhr","21.9",1,2,0,"0","2",1.9,"0.1"
"Black, Mason","696131","SF","2025","adj_xhr","23.73",1,1,1,"50","2",2,"0.0"
"Martinez, Seth","661527","MIA","2025","adj_xhr","24.09",1,0,2,"100","2",2,"0.0"
"Saucedo, Tayler","642048","SEA","2025","adj_xhr","22.59",1,1,1,"50","2",2,"0.0"
"Hjelle, Sean","663546","SF","2025","adj_xhr","22.28",1,0,2,"100","2",2.1,"-0.1"
"Chafin, Andrew","605177","LAA","2025","adj_xhr","22.68",0,2,1,"50","2",2.1,"-0.1"
"McFarland, T.J.","519008","ATH","2025","adj_xhr","22.67",1,0,2,"100","2",2.2,"-0.2"
"Núñez, Eduarniel","674384","ATH","2025","adj_xhr","23.86",1,0,2,"100","2",2.2,"-0.2"
"Bowden, Ben","641386","ATH","2025","adj_xhr","23.21",1,0,2,"100","2",2.2,"-0.2"
"Torrens, Luis","620443","NYM","2025","adj_xhr","24.46",0,2,1,"50","2",2.3,"-0.3"
"Hartlieb, Geoff","664129","DET","2025","adj_xhr","25.02",0,1,2,"100","2",2.3,"-0.3"
"Caballero, José","676609","NYY","2025","adj_xhr","26.86",0,2,1,"50","2",2.3,"-0.3"
"Strickland, Hunter","519326","LAA","2025","adj_xhr","26.19",0,1,2,"100","2",2.3,"-0.3"
"Henriquez, Edgardo","683618","LAD","2025","adj_xhr","21.22",0,1,2,"100","2",2.3,"-0.3"
"Kingery, Scott","664068","LAA","2025","adj_xhr","23.65",0,2,1,"50","2",2.4,"-0.4"
"Merryweather, Julian","657240","CHC","2025","adj_xhr","22.83",0,1,2,"100","2",2.4,"-0.4"
"Hudson, Bryan","663542","CWS","2025","adj_xhr","25.99",0,2,1,"50","2",2.9,"-0.9"
"Brasier, Ryan","518489","CHC","2025","adj_xhr","25.89",0,1,2,"100","2",3,"-1.0"
"Lawrence, Casey","596271","SEA","2025","adj_xhr","26.92",4,2,1,"50","2",2.2,"-0.2"
"Ashcraft, Graham","668933","CIN","2025","adj_xhr","23.8",4,2,1,"50","2",2.4,"-0.4"
"Roycroft, Chris","688297","STL","2025","adj_xhr","23.58",4,2,1,"50","2",3.4,"-1.4"
"Whitlock, Garrett","676477","BOS","2025","adj_xhr","26.81",3,2,2,"100","2",3.5,"-1.5"
"García, Luis","472610","LAA","2025","adj_xhr","23.54",0,6,1,"50","2",4.1,"-2.1"
"Robert, Daniel","642016","PHI","2025","adj_xhr","23.36",2,2,0,"0","2",0.9,"1.1"
"Graveman, Kendall","608665","AZ","2025","adj_xhr","22.39",2,2,0,"0","2",1.1,"0.9"
"Teng, Kai-Wei","678906","SF","2025","adj_xhr","23.83",3,0,1,"50","2",1.3,"0.7"
"Peguero, Joel","666711","SF","2025","adj_xhr","23.47",2,1,1,"50","2",1.4,"0.6"
"Rodríguez, Manuel","655889","TB","2025","adj_xhr","23.43",2,2,0,"0","2",1.4,"0.6"
"Selby, Colin","681882","BAL","2025","adj_xhr","23.59",2,1,1,"50","2",1.5,"0.5"
"Richardson, Lyon","680689","CIN","2025","adj_xhr","26.47",2,1,1,"50","2",1.6,"0.4"
"Pearson, Nate","663878","CHC","2025","adj_xhr","21.72",1,3,0,"0","2",2,"0.0"
"Sandlin, Nick","680704","TOR","2025","adj_xhr","23.48",2,0,2,"100","2",2.1,"-0.1"
"Lara, Andry","691251","WSH","2025","adj_xhr","21.8",1,2,1,"50","2",2.3,"-0.3"
"Hall, DL","669084","MIL","2025","adj_xhr","23.67",1,3,0,"0","2",2.4,"-0.4"
"Ginkel, Kevin","656464","AZ","2025","adj_xhr","26.5",1,3,0,"0","2",2.5,"-0.5"
"Morejon, Adrian","670970","SD","2025","adj_xhr","24.71",2,0,2,"100","2",2.5,"-0.5"
"Nola, Austin","543592","COL","2025","adj_xhr","23.22",1,1,2,"100","2",2.5,"-0.5"
"Sabrowski, Erik","681870","CLE","2025","adj_xhr","23.86",1,1,2,"100","2",2.9,"-0.9"
"Burgos, Juan","686228","AZ","2025","adj_xhr","26.78",0,2,2,"100","2",3,"-1.0"
"Hoffmann, Andrew","694851","AZ","2025","adj_xhr","26.34",3,1,1,"50","2",2.1,"-0.1"
"Lao, Sauryn","666659","WSH","2025","adj_xhr","26.46",2,2,1,"50","2",2.4,"-0.4"
"Muñoz, Andrés","662253","SEA","2025","adj_xhr","21.61",2,2,1,"50","2",2.8,"-0.8"
"Hendriks, Liam","521230","BOS","2025","adj_xhr","24.88",0,5,0,"0","2",3.5,"-1.5"
"Funderburk, Kody","681892","MIN","2025","adj_xhr","24.88",0,4,1,"50","2",3.7,"-1.7"
"Chandler, Bubba","696149","PIT","2025","adj_xhr","22.64",1,4,1,"50","2",4.1,"-2.1"
"Topa, Justin","623437","MIN","2025","adj_xhr","21.88",4,3,1,"50","2",3,"-1.0"
"Romero, JoJo","668941","STL","2025","adj_xhr","23.79",4,3,1,"50","2",3.2,"-1.2"
"Graceffo, Gordon","700669","STL","2025","adj_xhr","21.6",6,4,0,"0","2",2.4,"-0.4"
"Zimmermann, Bruce","669145","MIL","2025","adj_xhr","24.63",0,1,0,"0","2",0.9,"1.1"
"Mayza, Tim","641835","PHI","2025","adj_xhr","21.71",0,2,0,"0","2",1.1,"0.9"
"Contreras, Luis","664351","HOU","2025","adj_xhr","21.46",1,0,1,"50","2",1.1,"0.9"
"VanWey, Logan","701121","HOU","2025","adj_xhr","23.27",1,0,1,"50","2",1.1,"0.9"
"Puk, A.J.","640462","AZ","2025","adj_xhr","22.41",1,0,1,"50","2",1.2,"0.8"
"Garcia, Luis","677651","HOU","2025","adj_xhr","24.4",0,1,1,"50","2",1.3,"0.7"
"Otañez, Michel","671305","ATH","2025","adj_xhr","26.49",0,1,1,"50","2",1.3,"0.7"
"Morillo, Juan","666661","AZ","2025","adj_xhr","23.02",0,1,1,"50","2",1.4,"0.6"
"O'Brien, Riley","676617","STL","2025","adj_xhr","24.63",0,1,1,"50","2",1.4,"0.6"
"Fernández, Julian","642759","WSH","2025","adj_xhr","21.68",0,2,0,"0","2",1.4,"0.6"
"Miller, Bobby","676272","LAD","2025","adj_xhr","23.34",0,2,0,"0","2",1.6,"0.4"
"Clemens, Kody","665019","MIN","2025","adj_xhr","22.85",0,1,1,"50","2",1.9,"0.1"
"Winans, Allan","642216","NYY","2025","adj_xhr","23.56",0,2,0,"0","2",1.9,"0.1"
"Moreta, Dauri","664294","PIT","2025","adj_xhr","24.1",0,0,2,"100","2",2,"0.0"
"Feyereisen, J.P.","656420","LAD","2025","adj_xhr","24.41",0,0,2,"100","2",2,"0.0"
"Newman, Kevin","621028","LAA","2025","adj_xhr","21.84",0,0,2,"100","2",2,"0.0"
"Sanders, Cam","676742","PIT","2025","adj_xhr","24.61",0,1,1,"50","2",2,"0.0"
"Kimbrel, Craig","518886","HOU","2025","adj_xhr","24.96",0,1,1,"50","2",2,"0.0"
"Hill, Rich","448179","KC","2025","adj_xhr","28.65",0,0,2,"100","2",2,"0.0"
"Van Belle, Brian","687003","TB","2025","adj_xhr","24.69",0,1,1,"50","2",2,"0.0"
"García, Yimi","554340","TOR","2025","adj_xhr","23.77",0,0,2,"100","2",2,"0.0"
"Tate, Dillon","622253","TOR","2025","adj_xhr","28.24",0,0,1,"100","1",1,"0.0"
"Corniell, Jose","692030","TEX","2025","adj_xhr","27.59",1,0,0,"0","1",0,"1.0"
"Hernández, Enrique","571771","LAD","2025","adj_xhr","21.54",0,1,1,"100","1",1.5,"-0.5"
"Maeda, Kenta","628317","DET","2025","adj_xhr","21.97",1,0,0,"0","1",0.2,"0.8"
"Zulueta, Yosver","691172","CIN","2025","adj_xhr","20.71",0,1,0,"0","1",0.3,"0.7"
"De León, José","592254","BOS","2025","adj_xhr","27.25",0,1,0,"0","1",0.5,"0.5"
"Campbell, Isaiah","663462","BOS","2025","adj_xhr","24.75",0,1,0,"0","1",0.5,"0.5"
"Farmer, Kyle","571657","COL","2025","adj_xhr","21.06",0,1,0,"0","1",0.5,"0.5"
"Rosario, Amed","642708","NYY","2025","adj_xhr","25.6",0,1,0,"0","1",0.6,"0.4"
"Sommers, Drew","805427","DET","2025","adj_xhr","24.04",0,1,0,"0","1",0.6,"0.4"
"Kent, Zak","687849","CLE","2025","adj_xhr","28.54",0,1,0,"0","1",0.6,"0.4"
"Strowd, Kade","669704","BAL","2025","adj_xhr",,0,1,0,"0","1",0.6,"0.4"
"Mena, Cristian","691441","AZ","2025","adj_xhr","21.03",0,1,0,"0","1",0.7,"0.3"
"Porter, Logan","682515","SF","2025","adj_xhr","23.66",0,1,0,"0","1",0.7,"0.3"
"Freeman, Caleb","673965","CWS","2025","adj_xhr","23.11",0,1,0,"0","1",0.8,"0.2"
"Muñoz, Rolddy","691548","ATL","2025","adj_xhr","26.93",0,1,0,"0","1",0.8,"0.2"
"Peraza, Oswald","672724","LAA","2025","adj_xhr","26.98",0,1,0,"0","1",0.8,"0.2"
"Tarnok, Freddy","676206","MIA","2025","adj_xhr","26.22",0,1,0,"0","1",0.9,"0.1"
"Stock, Robert","476594","BOS","2025","adj_xhr","24.7",0,1,0,"0","1",0.9,"0.1"
"White, Owen","669391","CWS","2025","adj_xhr","27.01",0,1,0,"0","1",0.9,"0.1"
"Yoho, Craig","684974","MIL","2025","adj_xhr","23.26",0,1,0,"0","1",0.9,"0.1"
"Hahn, Jesse","534910","SEA","2025","adj_xhr","23.96",0,1,0,"0","1",0.9,"0.1"
"Tellez, Rowdy","642133","TEX","2025","adj_xhr","23.56",0,1,0,"0","1",0.9,"0.1"
"Sánchez, Gary","596142","BAL","2025","adj_xhr","23.12",0,1,0,"0","1",0.9,"0.1"
"Capra, Vinny","681962","CWS","2025","adj_xhr","22.11",0,1,0,"0","1",0.9,"0.1"
"Gillaspie, Logan","670810","SD","2025","adj_xhr","23.86",0,0,1,"100","1",1,"0.0"
"Mateo, Jorge","622761","BAL","2025","adj_xhr","30.22",0,0,1,"100","1",1,"0.0"
"De los Santos, Yerry","660787","NYY","2025","adj_xhr","26.26",0,1,0,"0","1",1,"0.0"
"Pereda, Jhonny","640902","MIN","2025","adj_xhr","25.17",0,0,1,"100","1",1,"0.0"
"Edwards Jr., Carl","605218","TEX","2025","adj_xhr","20.71",0,1,0,"0","1",1,"0.0"
"Garabito, Gerson","642520","TEX","2025","adj_xhr","29.53",0,0,1,"100","1",1,"0.0"
"Bachman, Sam","696147","LAA","2025","adj_xhr","24.23",0,1,0,"0","1",1,"0.0"
"Garza, Justin","621057","NYM","2025","adj_xhr","21.97",0,0,1,"100","1",1,"0.0"
"Gilbreath, Lucas","656458","COL","2025","adj_xhr","22.96",0,0,1,"100","1",1,"0.0"
"Rooney, John","680701","HOU","2025","adj_xhr","24.73",0,0,1,"100","1",1,"0.0"
"Brigham, Jeff","656257","AZ","2025","adj_xhr","25.86",0,0,1,"100","1",1,"0.0"
"Wilson, Will","669717","CLE","2025","adj_xhr","25.53",0,1,1,"100","1",1.5,"-0.5"
"Reyes, Pablo","622569","NYY","2025","adj_xhr","24.6",0,0,1,"100","1",1,"0.0"
"Mercado, Michael","675650","PHI","2025","adj_xhr","24.13",0,0,1,"100","1",1,"0.0"
"Sandridge, Jayvien","682144","NYY","2025","adj_xhr","26.59",0,0,1,"100","1",1,"0.0"
"Piña, Robinson","673820","TOR","2025","adj_xhr","21.76",0,0,1,"100","1",1,"0.0"
"Heineman, Tyler","623168","TOR","2025","adj_xhr","20.99",0,1,0,"0","1",1,"0.0"
"Horn, Bailey","690544","DET","2025","adj_xhr","21.89",0,1,0,"0","1",1,"0.0"
"Hummel, Cooper","669450","HOU","2025","adj_xhr","26.74",0,0,1,"100","1",1,"0.0"
"Nelson, Kyle","669459","AZ","2025","adj_xhr","24.21",0,1,0,"0","1",1,"0.0"
"López, Reynaldo","625643","ATL","2025","adj_xhr","25.71",0,0,1,"100","1",1,"0.0"
"Williams, Luke","663897","ATL","2025","adj_xhr","24.5",0,0,1,"100","1",1,"0.0"
"Scholtens, Jesse","669947","TB","2025","adj_xhr","24.3",0,1,0,"0","1",1,"0.0"
"Bruján, Vidal","660644","ATL","2025","adj_xhr","27.85",0,0,1,"100","1",1,"0.0"
"Martinez, Justin","679885","AZ","2025","adj_xhr","20.42",0,1,0,"0","1",1,"0.0"
"Walters, Andrew","689958","CLE","2025","adj_xhr","27.23",0,0,1,"100","1",1,"0.0"
"Adcock, Ty","686654","NYM","2025","adj_xhr","26.36",0,0,1,"100","1",1,"0.0"
"Barnes, Jacob","606930","TOR","2025","adj_xhr","28.25",0,1,1,"100","1",1.4,"-0.4"
"Waldron, Matt","663362","SD","2025","adj_xhr","21.05",0,2,0,"0","1",1.4,"-0.4"
"McGuire, Reese","624512","CHC","2025","adj_xhr","23.55",0,2,0,"0","1",1.2,"-0.2"
"Castaño, Blas","680604","SEA","2025","adj_xhr","23.87",1,0,1,"100","1",1.2,"-0.2"
"Stephenson, Robert","596112","LAA","2025","adj_xhr","22.33",1,0,1,"100","1",1.2,"-0.2"
"Bride, Jonah","681146","MIN","2025","adj_xhr","22.16",1,0,1,"100","1",1.2,"-0.2"
"Rivera, Emmanuel","656896","BAL","2025","adj_xhr","25.18",0,2,0,"0","1",1.2,"-0.2"
"Winn, Keaton","676775","SF","2025","adj_xhr","23.41",1,0,1,"100","1",1.1,"-0.1"
"González, Wikelman","682790","CWS","2025","adj_xhr","22.52",1,0,1,"100","1",1.1,"-0.1"
"Turnbull, Spencer","605513","TOR","2025","adj_xhr","22.61",1,0,1,"100","1",1,"0.0"
"Silseth, Chase","681217","LAA","2025","adj_xhr","24.58",1,0,1,"100","1",1,"0.0"
"Ragsdale, Carson","685068","BAL","2025","adj_xhr","23.14",1,0,1,"100","1",1,"0.0"
"McDonald, Trevor","686790","SF","2025","adj_xhr","21.58",1,0,1,"100","1",1,"0.0"
"Rock, Joe","697812","TB","2025","adj_xhr","23.53",1,0,1,"100","1",1,"0.0"
"Dobnak, Randy","677976","MIN","2025","adj_xhr","22.31",1,1,0,"0","1",1,"0.0"
"Sisk, Evan","681895","PIT","2025","adj_xhr","24.09",1,1,0,"0","1",1,"0.0"
"Hollowell, Gavin","668970","CHC","2025","adj_xhr","22.89",0,2,0,"0","1",0.9,"0.1"
"Castro, Miguel","612434","CWS","2025","adj_xhr","22.46",1,1,0,"0","1",0.9,"0.1"
"Darrell-Hicks, Michael","690382","PIT","2025","adj_xhr","24.04",1,1,0,"0","1",0.8,"0.2"
"Effross, Scott","664123","NYY","2025","adj_xhr","26.9",1,1,0,"0","1",0.7,"0.3"
"Rodriguez, Carlos","692230","MIL","2025","adj_xhr","21.62",1,1,0,"0","1",0.6,"0.4"
"Darnell, Dugan","699911","COL","2025","adj_xhr","21.42",2,0,0,"0","1",0.4,"0.6"
"Triolo, Jared","669707","PIT","2025","adj_xhr","21.72",2,0,0,"0","1",0.3,"0.7"
"Alvarez, Andrew","674841","WSH","2025","adj_xhr","21.81",2,0,0,"0","1",0.2,"0.8"
"Sulser, Cole","642121","TB","2025","adj_xhr","24.18",2,0,0,"0","1",0.1,"0.9"
"Peguero, Elvis","665625","CWS","2025","adj_xhr","30.55",2,0,0,"0","1",0.1,"0.9"
"Bernardino, Brennan","657514","BOS","2025","adj_xhr","20.05",3,2,0,"0","1",1.1,"-0.1"
"Saalfrank, Andrew","685314","AZ","2025","adj_xhr","22.51",2,3,1,"100","1",2.7,"-1.7"
"Núñez, Dedniel","673380","NYM","2025","adj_xhr","28.48",2,2,0,"0","1",1.6,"-0.6"
"McGee, Easton","668834","MIL","2025","adj_xhr","23.86",3,0,1,"100","1",1.2,"-0.2"
"Rangel, Alan","660604","PHI","2025","adj_xhr","23.11",3,0,1,"100","1",1.2,"-0.2"
"Ellard, Fraser","686642","CWS","2025","adj_xhr","24.71",3,1,0,"0","1",1.1,"-0.1"
"Suarez, José","660761","ATL","2025","adj_xhr","24.03",0,2,1,"100","1",1.8,"-0.8"
"Devenski, Chris","606965","NYM","2025","adj_xhr","30.44",1,1,1,"100","1",1.6,"-0.6"
"Tinoco, Jesus","622786","MIA","2025","adj_xhr","23.84",1,1,1,"100","1",1.5,"-0.5"
"Fulmer, Michael","605242","CHC","2025","adj_xhr","22.49",1,2,0,"0","1",1.5,"-0.5"
"Daniel, Davis","669721","ATL","2025","adj_xhr","22.42",2,0,1,"100","1",1.3,"-0.3"
"Poche, Colin","621363","NYM","2025","adj_xhr","21.03",1,2,0,"0","1",1.3,"-0.3"
"Kriske, Brooks","621139","MIN","2025","adj_xhr","26.74",0,3,0,"0","1",1.2,"-0.2"
"Seabold, Connor","657756","ATL","2025","adj_xhr","24.13",1,2,0,"0","1",1.1,"-0.1"
"Thompson, Mason","666168","WSH","2025","adj_xhr","22.91",2,0,1,"100","1",1.1,"-0.1"
"Warren, Austin","681810","NYM","2025","adj_xhr","24.29",2,1,0,"0","1",1,"0.0"
"López, Jorge","605347","WSH","2025","adj_xhr","21.94",2,1,0,"0","1",0.6,"0.4"
"McKenzie, Triston","663474","CLE","2025","adj_xhr","27.35",3,0,0,"0","1",0.1,"0.9"
"Joyce, Ben","690829","LAA","2025","adj_xhr","29.99",0,2,0,"0","1",1.7,"-0.7"
"Wynne, Randy","691094","CIN","2025","adj_xhr","24.09",0,1,1,"100","1",1.6,"-0.6"
"Suárez, Albert","544150","BAL","2025","adj_xhr",,1,0,0,,"0",0,"0.0"
"Nance, Tommy","667297","TOR","2025","adj_xhr",,2,4,0,,"0",1.9,"-1.9"
"France, J.P.","641585","HOU","2025","adj_xhr",,0,2,0,,"0",1.2,"-1.2"
"Brubaker, JT","664141","SF","2025","adj_xhr",,1,2,0,,"0",1.1,"-1.1"
"Sproat, Brandon","687075","NYM","2025","adj_xhr",,1,0,0,,"0",0.2,"-0.2"
"Poteet, Cody","547001","BAL","2025","adj_xhr",,1,0,0,,"0",0.2,"-0.2"
"Harris, Hayden","802686","ATL","2025","adj_xhr",,1,0,0,,"0",0.2,"-0.2"
"Abner, Philip","691769","AZ","2025","adj_xhr",,1,0,0,,"0",0.2,"-0.2"
"Urquidy, José","664353","DET","2025","adj_xhr",,1,0,0,,"0",0.2,"-0.2"
"Nikhazy, Doug","680951","CLE","2025","adj_xhr",,1,0,0,,"0",0.2,"-0.2"
"Peralta, Sammy","671111","LAA","2025","adj_xhr",,1,0,0,,"0",0.1,"-0.1"
"Murdock, Noah","668716","ATH","2025","adj_xhr",,1,0,0,,"0",0.1,"-0.1"
"Basso, Brady","669620","ATH","2025","adj_xhr",,1,0,0,,"0",0.1,"-0.1"
"Taylor, Grant","691799","CWS","2025","adj_xhr",,2,2,0,,"0",1.1,"-1.1"
"Trevino, Jose","624431","CIN","2025","adj_xhr",,1,0,0,,"0",0.1,"-0.1"
"Rashi, Taylor","688497","AZ","2025","adj_xhr",,1,2,0,,"0",1,"-1.0"
"Santos, Gregory","666619","SEA","2025","adj_xhr",,0,1,0,,"0",1,"-1.0"
"Yastrzemski, Mike","573262","KC","2025","adj_xhr",,1,0,0,,"0",0.1,"-0.1"
"Sánchez, Ali","645305","BOS","2025","adj_xhr",,2,0,0,,"0",0.1,"-0.1"
"Rogers, Jake","668670","DET","2025","adj_xhr",,2,0,0,,"0",0.1,"-0.1"
"Berti, Jon","542932","CHC","2025","adj_xhr",,0,1,0,,"0",0.9,"-0.9"
"MacIver, Willie","680862","ATH","2025","adj_xhr",,1,0,0,,"0",0,"0.0"
"Avila, Luinder","679883","KC","2025","adj_xhr",,1,0,0,,"0",0,"0.0"
"Monteverde, Patrick","687287","MIA","2025","adj_xhr",,1,0,0,,"0",0,"0.0"
"Rivas, Leo","660844","SEA","2025","adj_xhr",,1,0,0,,"0",0,"0.0"
"Raley, Brooks","548384","NYM","2025","adj_xhr",,2,2,0,,"0",0.9,"-0.9"
"Koss, Christian","683766","SF","2025","adj_xhr",,1,0,0,,"0",0,"0.0"
"Hoeing, Bryan","663773","SD","2025","adj_xhr",,1,0,0,,"0",0,"0.0"
"McCaughan, Darren","670766","MIN","2025","adj_xhr",,1,0,0,,"0",0,"0.0"
"Morán, Jovani","663558","BOS","2025","adj_xhr",,0,1,0,,"0",0.8,"-0.8"
"Winckowski, Josh","670174","BOS","2025","adj_xhr",,1,2,0,,"0",0.8,"-0.8"
"Early, Connelly","813349","BOS","2025","adj_xhr",,0,1,0,,"0",0.8,"-0.8"
"Miller, Erik","669062","SF","2025","adj_xhr",,2,1,0,,"0",0.7,"-0.7"
"Guerrero, Luis","692285","BOS","2025","adj_xhr",,2,1,0,,"0",0.7,"-0.7"
"Guenther, Sean","674944","DET","2025","adj_xhr",,0,1,0,,"0",0.6,"-0.6"
"Matzek, Tyler","554431","NYY","2025","adj_xhr",,1,1,0,,"0",0.6,"-0.6"
"Jackson, Alex","656577","BAL","2025","adj_xhr",,0,1,0,,"0",0.6,"-0.6"
"Shuster, Jared","694363","CWS","2025","adj_xhr",,0,2,0,,"0",0.6,"-0.6"
"Gage, Matt","657424","SF","2025","adj_xhr",,0,1,0,,"0",0.6,"-0.6"
"Lee, Korey","686676","CWS","2025","adj_xhr",,0,1,0,,"0",0.5,"-0.5"
"Church, Marc","687847","TEX","2025","adj_xhr",,0,1,0,,"0",0.5,"-0.5"
"Garcia, Brandyn","805299","AZ","2025","adj_xhr",,0,1,0,,"0",0.4,"-0.4"
"Castillo, Luis F.","622379","SEA","2025","adj_xhr",,0,1,0,,"0",0.4,"-0.4"
"Bauers, Jake","641343","MIL","2025","adj_xhr",,0,1,0,,"0",0.4,"-0.4"
"Lawrence, Justin","664875","PIT","2025","adj_xhr",,1,1,0,,"0",0.3,"-0.3"
"Herget, Kevin","643361","NYM","2025","adj_xhr",,3,0,0,,"0",0.3,"-0.3"
"Murray, Jayden","681151","HOU","2025","adj_xhr",,2,0,0,,"0",0.3,"-0.3"
"Perdomo, Angel","622780","ATH","2025","adj_xhr",,0,1,0,,"0",0.3,"-0.3"
"Minter, A.J.","621345","NYM","2025","adj_xhr",,1,0,0,,"0",0.2,"-0.2"