"player_name","player_id","year","xwoba","xba","xslg","xiso","xobp","brl","brl_percent","exit_velocity","max_ev","hard_hit_percent","k_percent","bb_percent","whiff_percent","chase_percent","arm_strength","sprint_speed","oaa","bat_speed","squared_up_rate","swing_length"
"Duran, Jarren","680776","2025",54,49,42,40,61,75,56,87,99,71,30,53,20,30,71,91,18,86,30,28
"Siri, Jose","642350","2025",,,,,,,,,13,,,,,,,79,,,,
"Sweeney, Trey","700242","2025",,,,,,,,,63,,,,,,15,78,9,,,
"Horwitz, Spencer","687462","2025",54,52,41,35,68,32,42,14,24,20,72,76,86,81,7,9,68,9,57,76
"Matos, Luis","682641","2025",,,,,,,,,72,,,,,,95,49,,,,
"Saggese, Thomas","695336","2025",,,,,,,,,52,,,,,,33,78,46,,,
"Arraez, Luis","650333","2025",25,94,16,2,50,4,1,6,29,1,100,10,100,15,26,25,4,1,100,100
"Turang, Brice","668930","2025",67,69,57,48,72,56,41,75,68,76,40,71,72,78,23,88,34,27,71,90
"Senger, Hayden","663584","2025",,,,,,,,,34,,,,,,,28,,,,
"Allen, Nick","669397","2025",1,6,1,1,4,1,1,2,11,2,35,40,68,64,52,49,99,,,
"Robles, Victor","645302","2025",,,,,,,,,81,,,,,,96,68,,,,
"Reynolds, Bryan","668804","2025",72,66,68,63,66,72,59,78,86,64,14,54,19,62,69,68,25,50,36,84
"Busch, Michael","683737","2025",95,72,97,97,80,96,95,90,75,76,38,64,43,82,7,26,37,16,77,76
"Fermin, Freddy","666023","2025",3,18,7,10,4,8,13,38,35,15,66,16,57,29,,41,,16,56,48
"Brooks, Trenton","670092","2025",,,,,,,,,8,,,,,,,29,,,,
"Mastrobuoni, Miles","670156","2025",,,,,,,,,24,,,,,,59,80,,,,
"Higashioka, Kyle","543309","2025",,,,,,,,,41,,,,,,,6,,,,
"Schanuel, Nolan","694384","2025",55,67,29,19,84,20,13,16,51,6,93,74,92,76,12,18,26,4,93,94
"Clarke, Denzel","672016","2025",,,,,,,,,86,,,,,,64,97,98,,,
"Sánchez, Gary","596142","2025",,,,,,,,,73,,,,,,,3,,,,
"Salazar, César","663967","2025",,,,,,,,,3,,,,,,,1,,,,
"Waters, Drew","671221","2025",,,,,,,,,56,,,,,,70,54,,,,
"Avans, Drew","682183","2025",,,,,,,,,4,,,,,,,92,,,,
"Meyers, Jake","676694","2025",49,79,36,20,68,13,18,22,59,31,72,48,71,79,16,71,96,,,
"Bichette, Bo","666182","2025",83,99,78,56,78,65,41,72,79,83,86,28,83,12,36,21,1,12,74,48
"Siani, Michael","672279","2025",,,,,,,,,16,,,,,,,65,,,,
"Keith, Colt","690993","2025",72,62,63,60,73,42,52,50,54,51,47,73,63,67,31,66,21,27,72,90
"Alcántara, Kevin","682634","2025",,,,,,,,,24,,,,,,,10,,,,
"Hassell III, Robert","690987","2025",,,,,,,,,43,,,,,,77,70,,,,
"Lugo, Matthew","683090","2025",,,,,,,,,32,,,,,,90,95,,,,
"Sanoja, Javier","691594","2025",6,49,9,6,20,2,3,26,24,17,94,16,97,32,54,67,57,,,
"Tena, José","677588","2025",,,,,,,,,36,,,,,,64,58,,,,
"Wilson, Will","669717","2025",,,,,,,,,14,,,,,,21,11,,,,
"Stanton, Giancarlo","519317","2025",,,,,,,,,99,,,,,,,1,,,,
"Fitzgerald, Ryan","680837","2025",,,,,,,,,55,,,,,,,79,,,,
"Canzone, Dominic","686527","2025",,,,,,,,,96,,,,,,91,27,,,,
"Chapman, Matt","656305","2025",74,39,50,57,86,52,59,90,86,78,36,94,42,94,74,69,87,88,23,28
"Gonzalez, Oscar","660757","2025",,,,,,,,,64,,,,,,,67,,,,
"Peraza, Oswald","672724","2025",,,,,,,,,78,,,,,,81,93,77,,,
"Reyes, Pablo","622569","2025",,,,,,,,,4,,,,,,,37,,,,
"Mayer, Marcelo","691785","2025",,,,,,,,,39,,,,,,26,50,,,,
"Albies, Ozzie","645277","2025",20,31,19,19,34,34,17,16,52,10,88,50,73,17,2,44,14,10,73,58
"Anthony, Roman","701350","2025",,,,,,,,,87,,,,,,52,59,,,,
"Crim, Blaine","688760","2025",,,,,,,,,71,,,,,,,21,,,,
"Mateo, Jorge","622761","2025",,,,,,,,,28,,,,,,,94,,,,
"Mullins, Cedric","656775","2025",8,2,9,23,17,24,25,30,35,19,32,71,60,58,45,77,87,34,25,28
"Handley, Maverick","668974","2025",,,,,,,,,13,,,,,,,44,,,,
"Arenado, Nolan","571448","2025",9,33,18,17,21,13,12,10,35,12,96,28,85,16,43,10,81,40,76,1
"De La Cruz, Bryan","650559","2025",,,,,,,,,20,,,,,,,60,,,,
"Rodríguez, Endy","682848","2025",,,,,,,,,18,,,,,,,43,,,,
"Fletcher, Dominic","666150","2025",,,,,,,,,15,,,,,,,10,,,,
"Turner, Justin","457759","2025",,,,,,,,,31,,,,,,5,8,,,,
"Guzman, Denzer","694203","2025",,,,,,,,,18,,,,,,,47,,,,
"Acuña Jr., Ronald","660670","2025",98,72,95,95,99,59,93,92,95,94,28,99,15,82,98,64,2,96,8,18
"Locklear, Tyler","682988","2025",,,,,,,,,32,,,,,,6,39,,,,
"Carlson, Dylan","666185","2025",,,,,,,,,31,,,,,,43,56,24,,,
"Henderson, Gunnar","683002","2025",72,88,52,32,88,62,46,89,89,84,51,64,43,50,71,79,20,92,47,48
"Lindor, Francisco","596019","2025",78,67,69,65,77,80,47,61,83,54,70,58,73,57,27,48,90,32,62,28
"Torkelson, Spencer","679529","2025",67,13,70,85,50,88,83,55,60,59,19,81,33,84,2,32,31,65,28,7
"Chisholm Jr., Jazz","665862","2025",80,22,83,92,57,82,91,35,78,49,8,78,7,59,35,56,88,76,9,7
"Solak, Nick","669256","2025",,,,,,,,,17,,,,,,,29,,,,
"Langford, Wyatt","694671","2025",78,27,65,75,78,82,87,82,84,81,16,90,35,80,59,88,96,66,53,76
"Burger, Jake","669394","2025",53,47,80,85,6,59,86,59,93,81,28,1,21,4,15,63,32,85,23,40
"Bernabel, Warming","682653","2025",,,,,,,,,32,,,,,,33,79,,,,
"Thomas, Alek","677950","2025",12,33,24,22,8,34,40,45,61,34,19,4,24,13,40,75,58,36,48,76
"Trejo, Alan","676701","2025",,,,,,,,,9,,,,,,53,23,,,,
"Castellanos, Nick","592206","2025",23,31,40,43,11,51,37,18,56,16,44,15,16,3,30,56,1,23,23,12
"Báez, Javier","595879","2025",2,13,14,20,1,18,20,23,54,34,26,1,13,1,81,50,90,71,15,1
"Margot, Manuel","622534","2025",,,,,,,,,7,,,,,,,8,,,,
"Fulford, Braxton","690924","2025",,,,,,,,,82,,,,,,,91,,,,
"Kirk, Alejandro","672386","2025",86,92,78,65,83,66,59,75,76,91,95,64,83,42,,2,,58,91,58
"Cameron, Daz","663662","2025",,,,,,,,,48,,,,,,,56,,,,
"Edwards, Xavier","669364","2025",14,66,6,2,50,1,1,10,42,7,88,46,98,55,7,75,77,3,91,98
"Wong, Connor","657136","2025",,,,,,,,,72,,,,,,,65,,,,
"Mayo, Coby","691723","2025",,,,,,,,,51,,,,,,12,64,,,,
"Jung, Josh","673962","2025",23,39,41,41,10,42,42,39,68,70,24,14,41,18,43,28,89,22,52,76
"Rutschman, Adley","668939","2025",51,31,41,46,60,24,36,42,70,29,83,80,94,88,,31,,,,
"Lukes, Nathan","664770","2025",35,62,31,23,57,15,15,19,28,22,91,54,94,27,82,46,81,6,84,97
"Hoerner, Nico","663538","2025",43,97,31,8,75,11,6,9,32,8,99,22,99,20,7,82,98,8,96,58
"Biggio, Cavan","624415","2025",,,,,,,,,10,,,,,,,68,,,,
"Ramos, Bryan","682868","2025",,,,,,,,,7,,,,,,,61,,,,
"Ortiz, Joey","687401","2025",4,35,4,4,11,9,8,3,51,13,86,14,90,17,48,85,98,55,29,28
"Barger, Addison","680718","2025",64,60,73,73,39,65,70,86,97,91,32,36,37,30,99,56,20,93,26,12
"Veen, Zac","691728","2025",,,,,,,,,45,,,,,,,72,,,,
"Stowers, Kyle","669065","2025",94,78,95,95,86,87,98,75,87,94,10,74,6,50,88,43,22,88,10,94
"Gorman, Nolan","669357","2025",16,1,29,63,14,24,51,45,72,41,1,84,2,50,37,15,5,61,4,18
"Perkins, Blake","663368","2025",,,,,,,,,17,,,,,,85,91,,,,
"Lile, Daylen","695734","2025",80,100,67,29,84,13,20,33,43,35,82,22,81,57,52,92,5,,,
"Rivas, Leo","660844","2025",,,,,,,,,11,,,,,,13,59,,,,
"McCray, Grant","687529","2025",,,,,,,,,29,,,,,,,96,,,,
"Hays, Austin","669720","2025",21,20,39,48,13,42,63,30,45,28,22,34,10,14,88,54,,46,19,69
"Sosa, Edmundo","624641","2025",,,,,,,,,61,,,,,,30,96,89,,,
"Kwan, Steven","680757","2025",32,84,20,8,66,8,4,7,11,1,99,46,100,83,68,45,90,1,99,99
"Cole, Zach","805904","2025",,,,,,,,,91,,,,,,,83,,,,
"Alvarez, Francisco","682626","2025",,,,,,,,,94,,,,,,,16,,,,
"Meidroth, Chase","805367","2025",19,52,5,3,61,4,2,23,23,20,88,58,96,84,23,41,80,4,99,94
"France, Ty","664034","2025",62,69,55,45,61,38,38,43,60,54,76,4,70,28,1,6,96,32,68,40
"Moore, Dylan","664238","2025",,,,,,,,,38,,,,,,35,57,13,,,
"Mead, Curtis","678554","2025",,,,,,,,,66,,,,,,10,35,,,,
"Brennan, Will","686823","2025",,,,,,,,,7,,,,,,,39,,,,
"Wade, Tyler","642180","2025",,,,,,,,,4,,,,,,18,68,,,,
"Perdomo, Geraldo","672695","2025",85,90,52,31,96,52,25,16,34,11,95,93,98,96,70,44,87,7,92,84
"Gonzalez, Romy","663853","2025",80,92,84,73,54,46,79,95,81,99,35,14,20,13,14,75,24,,,
"DeJong, Paul","657557","2025",,,,,,,,,61,,,,,,25,25,40,,,
"Hedges, Austin","595978","2025",,,,,,,,,38,,,,,,,5,,,,
"Escarra, J.C.","641555","2025",,,,,,,,,23,,,,,,,14,,,,
"Wallner, Matt","670242","2025",54,2,61,86,38,48,85,72,88,61,6,84,1,46,99,33,17,96,1,40
"Guillorme, Luis","641645","2025",,,,,,,,,8,,,,,,,1,,,,
"Campero, Gustavo","672569","2025",,,,,,,,,41,,,,,,86,91,,,,
"Harris, Dustin","687957","2025",,,,,,,,,19,,,,,,,92,,,,
"Semien, Marcus","543760","2025",42,33,35,35,47,35,30,24,54,17,74,63,63,80,11,81,92,8,75,12
"Rodríguez, Julio","677594","2025",78,87,81,76,63,84,58,87,96,80,50,24,26,10,95,93,97,96,21,12
"Maldonado, Martín","455117","2025",,,,,,,,,26,,,,,,,1,,,,
"Williams, Luke","663897","2025",,,,,,,,,8,,,,,,,78,,,,
"Devers, Rafael","646240","2025",91,43,84,90,93,96,94,97,92,97,17,98,10,66,17,5,,42,15,18
"Capra, Vinny","681962","2025",,,,,,,,,10,,,,,,24,74,,,,
"Story, Trevor","596115","2025",32,47,48,50,20,74,58,82,73,73,12,10,20,12,36,82,3,34,17,40
"Montgomery, Colson","695657","2025",,,,,,,,,92,,,,,,33,47,92,,,
"Noel, Jhonkensy","678877","2025",,,,,,,,,98,,,,,,83,42,,,,
"Butler, Lawrence","671732","2025",30,16,33,45,25,58,52,61,87,54,7,63,5,62,64,35,84,73,10,69
"Rushing, Dalton","687221","2025",,,,,,,,,76,,,,,,,58,,,,
"Bogaerts, Xander","593428","2025",55,76,44,29,70,38,32,35,78,33,76,54,70,79,31,55,93,50,78,48
"Loperfido, Joey","694388","2025",,,,,,,,,24,,,,,,27,81,,,,
"Kim, Hyeseong","808975","2025",,,,,,,,,15,,,,,,51,85,,,,
"Winker, Jesse","608385","2025",,,,,,,,,46,,,,,,,13,,,,
"Bae, Ji Hwan","678225","2025",,,,,,,,,10,,,,,,,82,,,,
"Freeland, Alex","690976","2025",,,,,,,,,24,,,,,,52,23,,,,
"Hill, Derek","656537","2025",,,,,,,,,79,,,,,,66,99,,,,
"Bryant, Kris","592178","2025",,,,,,,,,8,,,,,,,13,,,,
"Suzuki, Seiya","673548","2025",82,49,86,89,66,97,95,79,97,82,24,78,54,93,87,76,,68,56,58
"Frelick, Sal","686217","2025",21,56,10,4,50,13,8,5,43,4,92,46,96,60,66,87,93,7,84,69
"Whitcomb, Shay","694376","2025",,,,,,,,,27,,,,,,,66,,,,
"Ward, Taylor","621493","2025",64,17,66,79,47,90,84,53,66,47,16,82,55,92,51,45,54,15,77,69
"Garcia, Maikel","672580","2025",69,91,54,31,78,42,21,79,57,59,93,62,92,91,79,63,98,46,98,48
"Seymour, Bob","676044","2025",,,,,,,,,94,,,,,,,18,,,,
"Casas, Triston","671213","2025",,,,,,,,,64,,,,,,8,2,,,,
"Sogard, Nick","686765","2025",,,,,,,,,28,,,,,,,65,,,,
"Malloy, Justyn-Henry","669234","2025",,,,,,,,,73,,,,,,,30,,,,
"Kurtz, Nick","701762","2025",92,43,95,98,80,85,98,92,93,92,4,90,1,86,6,43,9,98,5,12
"Mervis, Matt","670223","2025",,,,,,,,,34,,,,,,25,7,,,,
"Sheets, Gavin","657757","2025",72,72,68,62,65,59,54,48,74,68,58,48,61,27,61,38,,86,45,12
"Martínez, Angel","682657","2025",1,4,2,9,1,9,9,10,25,7,41,7,70,4,96,57,13,21,37,40
"Straw, Myles","664702","2025",,,,,,,,,19,,,,,,44,95,97,,,
"Varsho, Daulton","662139","2025",,,,,,,,,89,,,,,,5,77,95,,,
"Cronenworth, Jake","630105","2025",43,12,13,20,84,24,25,26,43,32,52,94,82,86,13,69,47,29,41,76
"Benson, Will","666181","2025",,,,,,,,,71,,,,,,75,94,48,,,
"Jiménez, Leo","677870","2025",,,,,,,,,35,,,,,,,35,,,,
"Lux, Gavin","666158","2025",16,29,5,7,57,9,10,24,19,23,41,81,68,96,68,64,,16,72,40
"Palacios, Richie","680700","2025",,,,,,,,,8,,,,,,,31,,,,
"Rodgers, Brendan","663898","2025",,,,,,,,,78,,,,,,18,24,,,,
"Westburg, Jordan","676059","2025",55,56,71,73,25,38,69,55,74,50,41,7,19,59,33,89,81,,,
"Thomas, Colby","687515","2025",,,,,,,,,95,,,,,,96,82,,,,
"Young, Cole","702284","2025",,,,,,,,,90,,,,,,4,59,4,,,
"Rojas, Josh","668942","2025",,,,,,,,,29,,,,,,55,21,7,,,
"Bruján, Vidal","660644","2025",,,,,,,,,57,,,,,,,37,,,,
"Canha, Mark","592192","2025",,,,,,,,,15,,,,,,48,60,,,,
"Urías, Luis","649966","2025",,,,,,,,,25,,,,,,15,18,9,,,
"Freeman, Cody","683227","2025",,,,,,,,,11,,,,,,18,52,,,,
"Walker, Christian","572233","2025",34,19,58,68,20,87,81,70,85,65,9,26,14,48,4,21,79,80,10,28
"Witt Jr., Bobby","677951","2025",90,95,91,80,82,93,78,95,98,81,68,35,54,32,73,100,100,82,65,76
"Stevens, Chad","677060","2025",,,,,,,,,2,,,,,,,81,,,,
"Wade Jr., LaMonte","664774","2025",,,,,,,,,36,,,,,,72,17,,,,
"Hummel, Cooper","669450","2025",,,,,,,,,75,,,,,,,74,,,,
"Soler, Jorge","624585","2025",,,,,,,,,82,,,,,,64,19,,,,
"Pauley, Graham","688363","2025",,,,,,,,,67,,,,,,32,27,93,,,
"Refsnyder, Rob","608701","2025",,,,,,,,,78,,,,,,84,31,,,,
"Newman, Kevin","621028","2025",,,,,,,,,15,,,,,,22,38,,,,
"Smith, Pavin","656976","2025",,,,,,,,,64,,,,,,15,23,,,,
"Riley, Austin","663586","2025",58,45,75,81,23,75,92,91,89,88,7,22,18,50,42,73,35,93,7,18
"Baker, Luken","663609","2025",,,,,,,,,48,,,,,,,7,,,,
"Abreu, Wilyer","677800","2025",69,33,80,88,39,54,77,66,73,59,32,67,52,42,97,54,94,80,16,69
"Millas, Drew","686452","2025",,,,,,,,,18,,,,,,,47,,,,
"Dalbec, Bobby","666915","2025",,,,,,,,,23,,,,,,,48,,,,
"Johnston, Troy","687859","2025",,,,,,,,,17,,,,,,,27,,,,
"Carroll, Corbin","682998","2025",94,71,94,94,82,92,90,89,96,87,35,74,46,26,62,98,96,86,29,48
"Tauchman, Mike","643565","2025",46,39,26,24,75,18,30,35,67,30,45,84,50,78,49,4,46,12,44,58
"Chourio, Jackson","694192","2025",30,47,51,53,11,72,56,39,87,45,53,12,38,8,70,93,82,76,56,28
"Norby, Connor","681393","2025",,,,,,,,,42,,,,,,53,86,15,,,
"Bouchard, Sean","656248","2025",,,,,,,,,25,,,,,,,35,,,,
"Profar, Jurickson","595777","2025",51,14,28,38,75,20,35,35,43,36,82,90,88,74,51,24,8,,,
"Marte, Ketel","606466","2025",97,96,94,92,96,88,83,66,100,73,85,84,63,72,41,29,74,85,72,7
"Bride, Jonah","681146","2025",,,,,,,,,11,,,,,,,33,,,,
"Melendez, MJ","669004","2025",,,,,,,,,36,,,,,,,44,,,,
"Huff, Sam","669087","2025",,,,,,,,,13,,,,,,,1,,,,
"Mountcastle, Ryan","663624","2025",33,56,54,51,17,38,74,64,97,75,10,3,8,5,1,55,,89,4,28
"Fry, David","681807","2025",,,,,,,,,29,,,,,,,30,,,,
"García Jr., Luis","671277","2025",71,93,76,61,45,59,50,55,73,63,82,12,67,6,17,25,7,55,88,40
"Trammell, Taylor","666211","2025",,,,,,,,,78,,,,,,44,71,,,,
"Jankowski, Travis","608671","2025",,,,,,,,,24,,,,,,,94,,,,
"Taylor, Chris","621035","2025",,,,,,,,,41,,,,,,70,61,,,,
"Kiner-Falefa, Isiah","643396","2025",2,35,1,1,4,2,2,1,19,5,77,2,91,22,22,47,43,2,82,84
"Seager, Corey","608369","2025",98,95,98,97,98,77,92,93,79,95,58,93,27,83,23,8,85,59,55,94
"Heineman, Tyler","623168","2025",,,,,,,,,11,,,,,,,24,,,,
"MacIver, Willie","680862","2025",,,,,,,,,39,,,,,,,51,,,,
"White, Eli","642201","2025",,,,,,,,,49,,,,,,82,99,,,,
"Holliday, Jackson","702616","2025",35,33,39,39,39,56,40,30,49,40,48,53,48,85,26,82,5,25,66,84
"Clemens, Kody","665019","2025",64,35,75,82,35,48,75,84,51,80,32,40,54,50,13,64,86,50,61,48
"Ramírez, José","608070","2025",75,94,67,43,92,59,33,33,72,24,96,70,93,44,43,78,93,29,85,58
"Pérez, Wenceel","672761","2025",34,39,36,35,36,30,47,58,51,35,41,48,38,19,77,61,79,23,69,76
"Sosa, Lenyn","672820","2025",55,72,76,73,17,70,63,64,72,52,39,1,57,3,22,31,20,59,62,40
"Tawa, Tim","694374","2025",,,,,,,,,66,,,,,,25,72,,,,
"Vázquez, Luis","676679","2025",,,,,,,,,24,,,,,,,63,,,,
"Ballesteros, Moisés","694208","2025",,,,,,,,,83,,,,,,,17,,,,
"Quero, Edgar","700337","2025",9,20,10,12,28,8,10,59,51,66,72,46,72,97,,5,,4,95,94
"Valera, George","671655","2025",,,,,,,,,67,,,,,,,18,,,,
"Miller, Owen","680911","2025",,,,,,,,,21,,,,,,,99,,,,
"Correa, Carlos","621043","2025",72,92,64,41,72,42,30,61,81,64,61,44,65,44,56,26,61,73,44,58
"Harris, Brett","695391","2025",,,,,,,,,21,,,,,,,58,,,,
"Raleigh, Cal","663728","2025",92,17,96,98,81,98,99,79,93,85,14,95,10,25,,18,,89,6,5
"Amaya, Jacob","676070","2025",,,,,,,,,31,,,,,,29,55,,,,
"Cortes, Carlos","666126","2025",,,,,,,,,63,,,,,,,29,,,,
"Caissie, Owen","683357","2025",,,,,,,,,90,,,,,,,64,,,,
"Alvarez Jr., Nacho","805373","2025",,,,,,,,,34,,,,,,30,32,75,,,
"Pillar, Kevin","607680","2025",,,,,,,,,12,,,,,,,76,,,,
"Moreno, Gabriel","672515","2025",,,,,,,,,57,,,,,,,40,,,,
"Altuve, Jose","514888","2025",25,27,29,33,32,46,25,4,61,10,78,51,74,5,23,36,13,18,52,18
"Baty, Brett","683146","2025",69,58,72,74,40,59,80,64,96,72,26,42,30,71,28,38,69,86,22,40
"Kelly, Carson","608348","2025",47,25,43,54,50,38,55,30,55,36,64,76,75,88,,17,,23,69,76
"Donovan, Brendan","680977","2025",78,93,68,47,84,56,47,46,49,40,92,50,95,69,66,27,41,13,96,90
"Rice, Ben","700250","2025",97,95,97,95,93,90,92,95,86,97,65,63,71,91,1,52,,68,89,40
"Hernández, Enrique","571771","2025",,,,,,,,,66,,,,,,38,37,89,,,
"Soto, Juan","665742","2025",100,96,99,99,100,98,97,98,94,97,62,100,65,100,66,13,1,72,93,76
"Tucker, Kyle","663656","2025",92,84,82,77,96,77,65,53,39,38,85,96,76,98,58,26,26,49,82,18
"Julks, Corey","667452","2025",,,,,,,,,3,,,,,,,48,,,,
"Thaiss, Matt","642136","2025",,,,,,,,,52,,,,,,,7,,,,
"Acosta, Maximo","691185","2025",,,,,,,,,31,,,,,,,87,,,,
"Dubón, Mauricio","643289","2025",4,39,3,4,14,1,2,1,63,3,97,22,90,12,87,65,99,,,
"Caminero, Junior","691406","2025",76,60,90,90,34,96,87,92,97,92,64,26,47,22,47,30,18,100,20,1
"Nootbaar, Lars","663457","2025",36,18,32,40,54,66,60,79,84,87,53,80,73,87,81,39,39,68,78,84
"Schneemann, Daniel","682177","2025",20,6,32,54,16,46,70,33,68,42,9,59,18,63,95,63,94,29,43,76
"Swanson, Dansby","621020","2025",76,76,81,78,50,85,74,61,46,80,19,38,14,67,20,80,85,29,50,40
"Helman, Michael","680737","2025",,,,,,,,,20,,,,,,75,96,,,,
"Mitchell, Garrett","669003","2025",,,,,,,,,63,,,,,,87,89,,,,
"Toro, Abraham","647351","2025",,,,,,,,,47,,,,,,27,62,18,,,
"Carter, Evan","694497","2025",,,,,,,,,67,,,,,,56,90,,,,
"Lowe, Josh","666139","2025",16,25,21,22,27,18,23,28,45,34,25,42,27,7,61,67,16,55,5,48
"Rivero, Sebastián","665861","2025",,,,,,,,,14,,,,,,,4,,,,
"Osuna, Alejandro","696030","2025",,,,,,,,,56,,,,,,72,80,,,,
"Adams, Riley","656180","2025",,,,,,,,,95,,,,,,,27,,,,
"Arozarena, Randy","668227","2025",55,13,45,61,60,84,72,79,79,90,12,59,17,67,31,58,13,53,48,40
"Rosario, Amed","642708","2025",,,,,,,,,64,,,,,,51,51,,,,
"Cowser, Colton","681297","2025",13,1,36,70,2,38,88,70,87,64,1,40,2,78,93,49,62,,,
"LeMahieu, DJ","518934","2025",,,,,,,,,30,,,,,,7,11,,,,
"Scott II, Victor","687363","2025",8,10,1,4,37,8,10,6,21,2,33,61,33,73,69,100,99,10,28,98
"Misner, Kameron","670224","2025",,,,,,,,,57,,,,,,85,75,,,,
"Roden, Alan","702176","2025",,,,,,,,,27,,,,,,80,62,,,,
"Giménez, Andrés","665926","2025",31,49,16,15,50,5,8,8,20,5,70,31,55,14,47,65,97,13,35,76
"Gurriel, Yuli","493329","2025",,,,,,,,,30,,,,,,,33,,,,
"Encarnacion, Jerar","666464","2025",,,,,,,,,79,,,,,,,20,,,,
"Harris II, Michael","671739","2025",38,79,62,51,14,77,51,55,90,50,56,1,49,1,77,79,95,82,35,3
"Schunk, Aaron","668845","2025",,,,,,,,,6,,,,,,,45,,,,
"Pereira, Everson","677592","2025",,,,,,,,,63,,,,,,,75,,,,
"Lawlar, Jordan","691783","2025",,,,,,,,,30,,,,,,,98,,,,
"Campusano, Luis","669134","2025",,,,,,,,,6,,,,,,,6,,,,
"Beck, Jordan","687597","2025",21,17,32,40,16,56,55,14,88,28,5,38,12,52,69,83,30,67,3,12
"Nimmo, Brandon","607043","2025",47,54,48,48,43,66,47,88,79,88,48,44,55,74,48,46,42,53,58,58
"Yorke, Nick","694377","2025",,,,,,,,,84,,,,,,,69,,,,
"Gurriel Jr., Lourdes","666971","2025",36,60,48,41,32,48,34,18,43,26,90,18,76,14,56,42,19,25,77,28
"Toglia, Michael","669911","2025",,,,,,,,,71,,,,,,3,38,2,61,1,18
"Raley, Luke","670042","2025",,,,,,,,,91,,,,,,75,84,,,,
"Taylor, Michael A.","572191","2025",,,,,,,,,92,,,,,,72,60,83,,,
"Jeffers, Ryan","680777","2025",54,35,37,37,72,24,27,39,66,44,58,78,72,73,,14,,,,
"Laureano, Ramón","657656","2025",88,84,93,89,68,77,85,58,82,84,30,36,29,64,85,60,3,50,32,76
"Young, Jared","676724","2025",,,,,,,,,23,,,,,,,59,,,,
"Crawford, J.P.","641487","2025",62,74,29,17,86,29,16,12,55,16,66,82,76,88,20,31,1,32,33,58
"Ornelas, Jonathan","680716","2025",,,,,,,,,5,,,,,,,26,,,,
"Maile, Luke","571912","2025",,,,,,,,,17,,,,,,,1,,,,
"Moore, Christian","695681","2025",,,,,,,,,80,,,,,,15,78,,,,
"Kepler, Max","596146","2025",62,35,62,65,57,62,73,66,74,57,58,72,57,58,45,38,63,39,80,40
"Machado, Manny","592518","2025",85,86,89,82,70,93,81,93,93,92,61,48,37,37,63,13,8,84,59,7
"Marsh, Brandon","669016","2025",63,74,59,49,63,30,44,75,67,66,20,58,60,42,79,73,60,40,61,69
"Meadows, Parker","678009","2025",,,,,,,,,45,,,,,,64,90,,,,
"d'Arnaud, Travis","518595","2025",,,,,,,,,18,,,,,,,24,,,,
"Freeman, Freddie","518692","2025",82,78,76,69,80,77,63,70,90,62,53,67,30,46,17,11,10,19,59,84
"Rocchio, Brayan","677587","2025",13,39,13,13,28,6,9,20,49,18,55,18,52,31,40,39,16,20,68,48
"Johnson, Bryce","669369","2025",,,,,,,,,21,,,,,,,80,,,,
"Bart, Joey","663698","2025",,,,,,,,,84,,,,,,,29,,,,
"Jensen, Carter","695600","2025",,,,,,,,,82,,,,,,,52,,,,
"Trevino, Jose","624431","2025",,,,,,,,,30,,,,,,,2,,,,
"Contreras, Willson","575929","2025",87,62,85,86,78,84,86,63,93,83,24,44,23,35,76,49,91,95,10,3
"Lee, Jung Hoo","808982","2025",43,90,28,12,73,19,10,10,24,11,95,42,95,84,91,70,11,7,96,28
"Elko, Tim","671284","2025",,,,,,,,,67,,,,,,,61,,,,
"Alonso, Pete","624413","2025",96,88,98,98,84,99,98,97,96,96,40,53,40,52,5,8,2,91,49,69
"Walker, Jordan","691023","2025",6,4,18,37,3,35,66,91,99,87,3,38,1,15,96,84,15,99,2,1
"Grichuk, Randal","545341","2025",,,,,,,,,95,,,,,,77,41,,,,
"Young, Jacob","696285","2025",14,64,6,2,47,2,4,16,22,15,70,39,88,76,77,94,98,,,
"Winkler, Jack","676466","2025",,,,,,,,,7,,,,,,,59,,,,
"Suárez, Eugenio","553993","2025",40,3,70,92,7,90,89,55,88,78,5,34,4,30,39,25,8,53,19,7
"Alexander, Blaze","677942","2025",,,,,,,,,62,,,,,,63,86,70,,,
"Greene, Riley","682985","2025",69,29,90,93,22,97,95,48,94,61,4,34,12,29,47,31,73,92,1,48
"Springer, George","543807","2025",99,98,98,96,98,93,94,50,90,78,65,86,37,94,58,66,,73,41,28
"Tellez, Rowdy","642133","2025",,,,,,,,,84,,,,,,4,1,16,,,
"Amador, Adael","691182","2025",,,,,,,,,9,,,,,,3,27,,,,
"Pages, Andy","681624","2025",38,62,57,51,25,62,45,28,61,24,48,6,68,18,98,69,97,59,33,5
"Espinal, Santiago","669289","2025",,,,,,,,,25,,,,,,20,43,76,,,
"Ritter, Ryan","690022","2025",,,,,,,,,35,,,,,,17,93,75,,,
"Shaw, Matt","807713","2025",23,23,24,25,30,27,32,3,45,7,49,54,63,32,33,90,36,16,21,76
"Berti, Jon","542932","2025",,,,,,,,,77,,,,,,10,77,,,,
"Judge, Aaron","592450","2025",100,99,100,100,100,100,100,100,99,99,36,100,2,84,85,42,86,97,28,2
"Jackson, Alex","656577","2025",,,,,,,,,39,,,,,,,54,,,,
"Karros, Kyle","691720","2025",,,,,,,,,26,,,,,,38,51,,,,
"Robertson, Will","683770","2025",,,,,,,,,47,,,,,,47,63,,,,
"Hampson, Garrett","641658","2025",,,,,,,,,3,,,,,,11,87,,,,
"Soderstrom, Tyler","691016","2025",74,71,69,64,68,82,70,84,90,86,44,56,41,45,88,49,51,77,47,28
"Solano, Donovan","456781","2025",,,,,,,,,20,,,,,,3,6,,,,
"Ornelas, Tirso","672359","2025",,,,,,,,,25,,,,,,,35,,,,
"Arcia, Orlando","606115","2025",,,,,,,,,31,,,,,,56,10,78,,,
"Paris, Kyren","677347","2025",,,,,,,,,39,,,,,,80,90,,,,
"Naylor, Josh","647304","2025",65,79,58,40,68,48,30,38,99,43,91,46,66,7,61,3,80,29,89,18
"Sánchez, Ali","645305","2025",,,,,,,,,13,,,,,,,8,,,,
"Dunn, Oliver","686554","2025",,,,,,,,,43,,,,,,,60,,,,
"Rafaela, Ceddanne","678882","2025",27,35,45,51,13,66,52,24,77,29,56,7,34,2,97,92,99,32,39,28
"Steer, Spencer","668715","2025",13,7,15,28,22,42,37,14,35,14,41,59,44,71,6,66,84,29,25,40
"Slater, Austin","596103","2025",,,,,,,,,64,,,,,,80,67,,,,
"Naylor, Bo","666310","2025",14,1,22,48,14,35,56,45,61,26,34,78,66,66,,53,,55,26,7
"Kim, Ha-Seong","673490","2025",,,,,,,,,36,,,,,,45,53,,,,
"Ibáñez, Andy","628451","2025",,,,,,,,,41,,,,,,7,52,,,,
"Bauers, Jake","641343","2025",,,,,,,,,81,,,,,,38,42,,,,
"DeLuca, Jonny","676356","2025",,,,,,,,,19,,,,,,73,96,,,,
"Polanco, Jorge","593871","2025",74,78,73,64,63,70,62,66,75,63,83,48,59,54,20,42,17,36,89,58
"Martini, Nick","605361","2025",,,,,,,,,16,,,,,,,48,,,,
"Seigler, Anthony","678011","2025",,,,,,,,,9,,,,,,,32,,,,
"Loftin, Nick","679845","2025",,,,,,,,,14,,,,,,67,76,,,,
"Goldschmidt, Paul","502671","2025",58,74,66,59,47,48,41,59,68,51,66,30,76,54,1,20,22,59,70,18
"Walton, Donovan","622268","2025",,,,,,,,,9,,,,,,,16,,,,
"Schwarber, Kyle","656941","2025",98,54,99,99,95,99,99,98,98,100,11,97,5,90,,14,,98,23,28
"Vivas, Jorbit","678391","2025",,,,,,,,,22,,,,,,,24,,,,
"Díaz, Yandy","650490","2025",84,94,73,54,90,70,44,94,87,94,88,56,85,76,3,20,,72,86,18
"Perez, Salvador","521692","2025",86,79,94,93,39,98,91,50,93,70,60,3,33,2,2,3,,64,40,5
"Cruz, Oneil","665833","2025",47,7,50,72,42,88,97,100,100,98,2,86,3,48,100,93,58,100,16,7
"Ramos, Heliot","671218","2025",43,35,47,53,43,70,47,87,97,76,41,40,42,38,59,50,3,77,45,90
"Harper, Bryce","547180","2025",91,79,88,83,92,81,77,79,88,77,52,88,13,11,8,40,72,81,14,48
"Heim, Jonah","641680","2025",3,7,7,16,4,20,24,22,49,19,54,39,51,37,,8,,10,64,28
"Keaschall, Luke","807712","2025",,,,,,,,,45,,,,,,6,85,,,,
"Maton, Nick","665155","2025",,,,,,,,,46,,,,,,,9,,,,
"Ozuna, Marcell","542303","2025",83,27,65,75,91,66,70,48,77,56,30,98,40,85,,9,,64,32,58
"Betts, Mookie","605141","2025",58,74,48,35,68,42,20,38,35,19,98,61,90,89,29,36,92,10,100,76
"Contreras, William","661388","2025",64,56,35,29,86,42,28,75,90,81,68,90,51,67,,21,,67,75,69
"Dezenzo, Zach","701305","2025",,,,,,,,,64,,,,,,75,70,,,,
"Farmer, Kyle","571657","2025",,,,,,,,,16,,,,,,10,22,11,,,
"Robert Jr., Luis","673357","2025",49,47,56,59,47,38,60,42,96,42,19,62,9,20,53,90,93,92,8,7
"Outman, James","681546","2025",,,,,,,,,60,,,,,,88,81,,,,
"Langeliers, Shea","669127","2025",58,54,74,76,30,72,67,66,92,58,57,32,43,22,,81,,73,40,58
"Tolbert, Tyler","686475","2025",,,,,,,,,17,,,,,,67,88,,,,
"Wynns, Austin","642851","2025",,,,,,,,,30,,,,,,,2,,,,
"Vázquez, Christian","543877","2025",,,,,,,,,11,,,,,,,3,,,,
"Dunn, Blake","694362","2025",,,,,,,,,54,,,,,,49,97,,,,
"McCutchen, Andrew","457705","2025",66,64,47,38,84,46,44,43,56,46,50,88,36,92,,41,,34,33,12
"Lopez, Nicky","670032","2025",,,,,,,,,12,,,,,,,46,,,,
"Wilson, Jacob","805779","2025",27,88,18,7,50,7,6,1,36,2,100,13,99,22,80,39,31,1,97,100
"Del Castillo, Adrian","680728","2025",,,,,,,,,39,,,,,,,15,,,,
"Castro, Willi","650489","2025",27,19,17,22,45,20,28,9,75,25,30,56,26,24,86,72,4,42,8,58
"Haggerty, Sam","664059","2025",,,,,,,,,55,,,,,,58,88,,,,
"Tromp, Chadwick","644433","2025",,,,,,,,,13,,,,,,,1,,,,
"O'Hearn, Ryan","656811","2025",76,79,58,41,90,38,37,42,47,46,56,76,59,55,4,53,89,45,52,69
"Villar, David","681584","2025",,,,,,,,,36,,,,,,,23,,,,
"Noda, Ryan","676116","2025",,,,,,,,,39,,,,,,,15,,,,
"Conine, Griffin","665052","2025",,,,,,,,,98,,,,,,83,55,,,,
"Vilade, Ryan","668723","2025",,,,,,,,,51,,,,,,,52,,,,
"Smith, Will","669257","2025",94,79,85,80,97,54,76,79,55,75,53,96,66,96,,46,,19,74,48
"Burleson, Alec","676475","2025",76,86,76,66,63,66,54,72,67,49,86,35,85,44,75,10,14,55,94,28
"McCusker, Carson","676812","2025",,,,,,,,,31,,,,,,,73,,,,
"Morel, Christopher","666624","2025",,,,,,,,,95,,,,,,93,66,,,,
"Gasper, Mickey","681508","2025",,,,,,,,,36,,,,,,,34,,,,
"Adell, Jo","666176","2025",90,67,96,96,40,94,96,86,96,87,16,20,25,20,49,63,1,99,6,12
"Lopez, Otto","672640","2025",58,78,59,45,60,52,34,26,68,26,90,39,81,40,48,81,95,44,90,90
"Acuña, Luisangel","682668","2025",,,,,,,,,57,,,,,,26,97,64,,,
"Fraley, Jake","641584","2025",,,,,,,,,36,,,,,,86,77,,,,
"Collins, Isaac","686555","2025",43,39,14,14,86,13,17,30,68,31,51,90,63,98,55,58,86,61,37,94
"Díaz, Elias","553869","2025",,,,,,,,,71,,,,,,,6,,,,
"Santana, Carlos","467793","2025",9,5,8,18,29,15,17,16,85,25,62,80,50,71,37,12,95,39,21,18
"Rodríguez, Johnathan","671286","2025",,,,,,,,,76,,,,,,,39,,,,
"O'Hoppe, Logan","681351","2025",23,14,51,65,2,62,83,70,79,72,4,14,5,26,,46,,47,30,18
"Renfroe, Hunter","592669","2025",,,,,,,,,60,,,,,,77,37,,,,
"Domínguez, Jasson","691176","2025",30,23,22,24,40,20,33,63,77,85,14,67,31,31,92,84,2,80,13,7
"Jones, Nolan","666134","2025",25,12,23,32,35,27,46,66,82,70,8,69,27,55,99,53,10,61,17,84
"Gonzales, Nick","693304","2025",12,56,19,15,21,13,13,30,52,30,70,12,47,26,27,87,86,23,68,28
"McCarthy, Jake","664983","2025",,,,,,,,,64,,,,,,23,99,,,,
"Hoskins, Rhys","656555","2025",,,,,,,,,67,,,,,,9,4,,,,
"Lockridge, Brandon","663604","2025",,,,,,,,,32,,,,,,70,99,,,,
"Ruiz, Keibert","660688","2025",,,,,,,,,59,,,,,,,3,,,,
"Davidson, Logan","669722","2025",,,,,,,,,41,,,,,,,45,,,,
"Koss, Christian","683766","2025",,,,,,,,,32,,,,,,35,92,33,,,
"Winn, Masyn","691026","2025",8,27,11,11,23,20,16,24,54,16,64,26,79,63,88,77,100,34,49,28
"Nuñez, Nasim","683083","2025",,,,,,,,,38,,,,,,77,98,,,,
"McCormick, Chas","676801","2025",,,,,,,,,19,,,,,,55,24,,,,
"Lee, Korey","686676","2025",,,,,,,,,17,,,,,,,54,,,,
"Caratini, Victor","605170","2025",58,58,50,47,54,29,38,29,55,39,77,22,78,80,,2,,,,
"Pereda, Jhonny","640902","2025",,,,,,,,,61,,,,,,,5,,,,
"Conforto, Michael","624424","2025",63,20,42,56,73,42,56,48,83,53,26,84,45,82,67,18,5,77,10,48
"Massey, Michael","686681","2025",,,,,,,,,36,,,,,,15,17,71,,,
"Hilliard, Sam","656541","2025",,,,,,,,,57,,,,,,,88,,,,
"Adames, Willy","642715","2025",55,12,60,77,44,87,79,33,56,48,18,84,21,57,70,65,89,49,14,2
"Gray, Tristan","656484","2025",,,,,,,,,61,,,,,,35,43,,,,
"Carpenter, Kerry","681481","2025",67,54,87,88,17,70,78,82,48,71,40,2,36,15,72,41,21,46,81,28
"Encarnacion-Strand, Christian","687952","2025",,,,,,,,,71,,,,,,,51,,,,
"Jansen, Danny","643376","2025",,,,,,,,,25,,,,,,,20,,,,
"Cabrera, Oswaldo","665828","2025",,,,,,,,,26,,,,,,,28,,,,
"Vaughn, Andrew","683734","2025",78,86,78,71,61,66,75,84,68,79,70,32,67,48,22,17,77,27,92,48
"Rooker, Brent","667670","2025",83,72,85,84,72,94,84,64,85,58,46,62,12,60,62,50,,72,35,69
"Iglesias, Jose","578428","2025",6,23,2,2,30,2,4,1,48,6,80,34,86,16,27,60,20,,,
"Torres, Gleyber","650402","2025",89,79,72,62,94,58,42,50,64,32,81,95,80,100,9,22,12,21,80,58
"Barrosa, Jorge","678489","2025",,,,,,,,,31,,,,,,28,87,,,,
"García, Adolis","666969","2025",27,20,55,63,4,75,73,89,87,70,28,12,15,10,92,40,72,49,53,18
"Knizner, Andrew","668800","2025",,,,,,,,,32,,,,,,,16,,,,
"Martin, Austin","668885","2025",,,,,,,,,21,,,,,,55,74,,,,
"Haase, Eric","606992","2025",,,,,,,,,41,,,,,,,74,,,,
"Monasterio, Andruw","655316","2025",,,,,,,,,55,,,,,,24,57,,,,
"Bleday, JJ","668709","2025",5,1,12,34,4,18,40,29,52,29,14,74,16,70,81,43,5,,,
"Muncy, Max","571970","2025",95,31,91,94,95,51,84,79,60,92,50,99,57,94,49,41,9,36,43,76
"Brown, Seth","664913","2025",,,,,,,,,75,,,,,,12,57,,,,
"McKinstry, Zach","656716","2025",26,43,14,13,54,27,24,5,39,9,47,59,62,60,90,74,51,4,36,90
"Muncy, Max","691777","2025",,,,,,,,,81,,,,,,43,71,7,,,
"Neto, Zach","687263","2025",76,52,89,90,40,85,87,72,70,69,12,22,22,35,59,69,6,40,59,69
"Smith, Cam","701358","2025",27,20,25,27,37,27,32,19,89,40,8,54,24,39,88,95,70,84,3,48
"Urías, Ramón","602104","2025",9,14,22,28,7,29,42,38,47,43,44,32,36,52,20,40,88,,,
"Torrens, Luis","620443","2025",,,,,,,,,59,,,,,,,28,,,,
"Suwinski, Jack","669261","2025",,,,,,,,,60,,,,,,64,64,,,,
"Mangum, Jake","663968","2025",4,49,7,4,10,6,7,14,35,14,84,3,81,1,63,91,91,3,62,97
"Realmuto, J.T.","592663","2025",40,58,43,38,38,52,47,50,59,61,38,28,50,22,,76,,47,30,28
"Stallings, Jacob","607732","2025",,,,,,,,,11,,,,,,,1,,,,
"Melton, Jacob","689200","2025",,,,,,,,,70,,,,,,40,90,,,,
"Rojas, Miguel","500743","2025",,,,,,,,,43,,,,,,19,15,91,,,
"Merrill, Jackson","701538","2025",81,76,88,84,50,75,82,46,64,48,45,31,31,7,97,79,80,47,19,40
"Smith, Josh","669701","2025",35,48,23,18,66,24,18,12,34,10,72,70,79,65,38,50,12,12,67,94
"Myers, Dane","667472","2025",,,,,,,,,32,,,,,,97,76,75,,,
"Beavers, Dylan","687637","2025",,,,,,,,,28,,,,,,58,89,,,,
"Pham, Tommy","502054","2025",42,45,34,33,66,24,29,84,79,76,52,81,61,95,66,45,23,68,80,76
"Barrero, José","676480","2025",,,,,,,,,12,,,,,,,34,,,,
"Pasquantino, Vinnie","686469","2025",67,67,74,72,47,90,65,70,92,57,83,36,84,34,13,9,6,58,85,40
"Narváez, Carlos","665966","2025",14,10,27,43,11,37,51,75,68,56,26,51,28,39,,11,,53,50,18
"Marte, Starling","516782","2025",,,,,,,,,66,,,,,,,28,,,,
"Ramírez, Agustín","682663","2025",65,67,71,68,42,81,67,66,98,73,61,24,41,24,,31,,89,39,28
"Rengifo, Luis","650859","2025",23,64,25,16,32,24,18,10,45,12,62,24,67,34,53,38,13,15,60,69
"Wagaman, Eric","676572","2025",38,67,52,43,32,35,30,72,92,68,60,24,51,64,13,37,24,68,82,69
"Peña, Jeremy","665161","2025",67,83,60,43,68,52,42,33,52,48,76,28,31,11,29,97,94,53,86,18
"Alfaro, Jorge","595751","2025",,,,,,,,,85,,,,,,,72,,,,
"Gilbert, Drew","687551","2025",,,,,,,,,51,,,,,,84,56,,,,
"Eldridge, Bryce","805811","2025",,,,,,,,,50,,,,,,,5,,,,
"Hinds, Rece","677956","2025",,,,,,,,,70,,,,,,,98,,,,
"English, Tristin","663536","2025",,,,,,,,,13,,,,,,,20,,,,
"Moncada, Yoán","660162","2025",,,,,,,,,83,,,,,,24,22,1,,,
"Paredes, Isaac","670623","2025",42,19,25,28,70,20,27,14,25,14,74,83,89,90,20,12,19,10,59,3
"Marte, Noelvi","682622","2025",27,39,48,54,8,30,50,26,97,21,36,3,31,18,93,89,14,,,
"Stephenson, Tyler","663886","2025",35,8,45,66,32,37,90,61,30,84,1,78,14,67,,34,,,,
"Halpin, Petey","690984","2025",,,,,,,,,1,,,,,,,83,,,,
"Schneider, Davis","676914","2025",,,,,,,,,35,,,,,,44,55,,,,
"Grisham, Trent","663757","2025",90,45,85,90,91,86,89,75,51,66,36,96,62,99,54,32,32,32,86,18
"Kingery, Scott","664068","2025",,,,,,,,,25,,,,,,,73,,,,
"Amaya, Miguel","665804","2025",,,,,,,,,32,,,,,,,15,,,,
"Rave, John","670231","2025",,,,,,,,,48,,,,,,57,88,,,,
"Durbin, Caleb","702332","2025",32,54,15,12,65,15,12,4,41,4,98,21,96,72,29,70,50,6,95,90
"Rortvedt, Ben","666163","2025",,,,,,,,,10,,,,,,,14,,,,
"Hicks, Liam","689414","2025",36,33,12,10,78,7,9,1,36,5,87,80,91,98,,22,,,,
"Caballero, José","676609","2025",16,7,3,14,54,11,23,6,92,9,14,90,34,46,74,73,90,,,
"Fernández, Yanquiel","692585","2025",,,,,,,,,57,,,,,,100,9,,,,
"Bell, Josh","605137","2025",87,64,82,83,82,80,75,59,90,73,79,76,56,55,1,7,,66,64,3
"Tovar, Ezequiel","678662","2025",43,69,62,57,27,34,54,42,80,31,25,15,10,3,58,56,83,42,2,28
"Matthews, Brice","694728","2025",,,,,,,,,39,,,,,,,86,,,,
"Freeman, Tyler","671289","2025",51,88,18,6,86,4,5,53,49,38,94,46,97,63,94,80,1,39,90,84
"Jackson, Jeremiah","669236","2025",,,,,,,,,60,,,,,,90,52,,,,
"Ruiz, Esteury","665923","2025",,,,,,,,,21,,,,,,,57,,,,
"Schuemann, Max","680474","2025",,,,,,,,,27,,,,,,31,73,95,,,
"Williams, Carson","700246","2025",,,,,,,,,48,,,,,,58,63,,,,
"Kayfus, C.J.","692216","2025",,,,,,,,,51,,,,,,64,55,,,,
"Teel, Kyle","691019","2025",,,,,,,,,87,,,,,,,50,,,,
"Feduccia, Hunter","676439","2025",,,,,,,,,39,,,,,,,22,,,,
"Joe, Connor","656582","2025",,,,,,,,,85,,,,,,,38,,,,
"Lewis, Royce","668904","2025",16,31,34,37,11,35,47,48,87,36,56,24,34,28,44,34,73,72,45,3
"Wagner, Will","695238","2025",,,,,,,,,42,,,,,,,36,,,,
"Heyward, Jason","518792","2025",,,,,,,,,41,,,,,,,44,,,,
"Rogers, Jake","668670","2025",,,,,,,,,45,,,,,,,33,,,,
"Thomas, Lane","657041","2025",,,,,,,,,61,,,,,,88,94,,,,
"Estrada, Thairo","642731","2025",,,,,,,,,63,,,,,,11,59,,,,
"Candelario, Jeimer","600869","2025",,,,,,,,,26,,,,,,,32,,,,
"Eaton, Nate","681987","2025",,,,,,,,,30,,,,,,,98,,,,
"Stott, Bryson","681082","2025",34,43,33,32,45,27,19,16,62,8,80,67,88,81,27,86,94,14,75,58
"McGuire, Reese","624512","2025",,,,,,,,,16,,,,,,,16,,,,
"Taveras, Leody","665750","2025",,,,,,,,,68,,,,,,92,86,,,,
"Schmitt, Casey","669477","2025",58,62,61,58,54,27,50,43,72,52,34,44,40,26,64,54,17,,,
"Manzardo, Kyle","700932","2025",47,11,63,81,28,66,74,58,70,52,23,59,28,52,2,9,,25,55,40
"Williamson, Ben","810938","2025",,,,,,,,,59,,,,,,44,69,61,,,
"Olson, Matt","621566","2025",88,52,86,89,83,94,89,95,90,95,30,89,36,70,10,7,95,76,16,28
"Tatis Jr., Fernando","665487","2025",92,84,84,79,94,86,66,95,86,93,66,90,32,73,99,83,94,77,69,48
"Santander, Anthony","623993","2025",,,,,,,,,59,,,,,,48,16,,,,
"Simpson, Chandler","802415","2025",16,98,10,1,57,1,1,1,27,1,98,4,98,38,59,97,11,,,
"Pozo, Yohel","650968","2025",,,,,,,,,42,,,,,,,4,,,,
"Vargas, Miguel","678246","2025",40,23,37,45,45,62,54,46,63,38,72,70,75,89,42,51,9,25,82,18
"McCoy, Mason","669200","2025",,,,,,,,,10,,,,,,,89,,,,
"Hernández, Teoscar","606192","2025",43,49,66,68,14,75,72,55,80,65,29,7,8,36,63,69,3,64,37,7
"Wilson, Weston","642215","2025",,,,,,,,,42,,,,,,,70,,,,
"Wiemer, Joey","686894","2025",,,,,,,,,27,,,,,,86,76,,,,
"De La Cruz, Elly","682829","2025",49,52,56,54,57,80,60,72,98,54,20,67,9,46,93,91,23,84,33,58
"Herrera, Jose","645444","2025",,,,,,,,,17,,,,,,,4,,,,
"Hernández, Heriberto","681715","2025",,,,,,,,,83,,,,,,62,84,,,,
"Call, Alex","669743","2025",,,,,,,,,52,,,,,,79,62,63,,,
"Baldwin, Drake","686948","2025",84,86,81,76,75,59,67,86,80,85,84,51,80,44,,19,,91,50,58
"Barnes, Austin","605131","2025",,,,,,,,,14,,,,,,,11,,,,
"Frazier, Adam","624428","2025",5,29,4,4,21,4,4,4,12,1,72,18,79,40,30,29,60,2,62,84
"Duran, Ezequiel","677649","2025",,,,,,,,,43,,,,,,70,87,80,,,
"Workman, Gage","669398","2025",,,,,,,,,16,,,,,,,53,,,,
"Lowe, Brandon","664040","2025",71,58,81,84,34,81,81,75,81,69,12,32,4,22,14,36,1,76,10,58
"Fitzgerald, Tyler","666149","2025",,,,,,,,,22,,,,,,11,97,46,,,
"Teodosio, Bryce","669326","2025",,,,,,,,,55,,,,,,79,98,,,,
"Kreidler, Ryan","668952","2025",,,,,,,,,22,,,,,,,49,,,,
"Abrams, CJ","682928","2025",31,43,37,35,30,56,37,29,82,33,57,20,49,20,39,70,2,55,39,18
"Johnson, Daniel","669288","2025",,,,,,,,,54,,,,,,,94,,,,
"Moniak, Mickey","666160","2025",72,74,90,87,27,77,85,46,74,60,34,7,26,6,56,80,5,73,41,12
"Kelenic, Jarred","672284","2025",,,,,,,,,35,,,,,,90,19,,,,
"Pagés, Pedro","686780","2025",1,2,6,20,1,20,35,20,73,22,10,9,28,9,,12,,59,4,69
"Julien, Edouard","666397","2025",,,,,,,,,55,,,,,,14,50,,,,
"Friedl, TJ","670770","2025",25,14,2,7,75,11,7,10,27,12,77,86,87,98,40,32,71,19,88,94
"Crooks, Jimmy","699625","2025",,,,,,,,,21,,,,,,,28,,,,
"Keirsey Jr., DaShawn","680577","2025",,,,,,,,,42,,,,,,71,81,,,,
"Wells, Austin","669224","2025",16,5,37,62,4,46,60,63,75,60,17,30,29,41,,25,,68,18,18
"Garver, Mitch","641598","2025",,,,,,,,,39,,,,,,,16,,,,
"Fairchild, Stuart","656413","2025",,,,,,,,,13,,,,,,,86,,,,
"McKinney, Billy","641856","2025",,,,,,,,,6,,,,,,,34,,,,
"Stefanic, Michael","683021","2025",,,,,,,,,7,,,,,,,6,,,,
"Vientos, Mark","668901","2025",41,39,56,60,25,58,72,82,59,89,28,29,6,19,56,19,6,36,54,18
"McMahon, Ryan","641857","2025",51,9,54,74,43,65,76,95,87,89,2,87,2,69,58,30,92,77,10,40
"Bailey, Patrick","672275","2025",2,3,4,16,1,15,21,23,51,22,6,30,24,42,,12,,42,25,48
"Lee, Brooks","686797","2025",8,18,19,24,7,30,22,28,57,28,74,21,52,25,28,19,15,15,75,58
"Crews, Dylan","686611","2025",,,,,,,,,67,,,,,,66,89,82,,,
"Church, Nathan","701675","2025",,,,,,,,,22,,,,,,92,84,,,,
"Turner, Trea","607208","2025",41,79,40,24,54,38,22,39,73,44,78,30,46,30,36,100,99,36,52,18
"Triolo, Jared","669707","2025",33,29,28,29,50,15,25,35,41,26,55,74,52,73,47,85,92,,,
"Navarreto, Brian","640459","2025",,,,,,,,,16,,,,,,,30,,,,
"Valdez, Enmanuel","665839","2025",,,,,,,,,36,,,,,,,20,,,,
"Andujar, Miguel","609280","2025",19,64,27,18,24,11,15,20,71,18,87,10,86,10,94,36,,,,
"Baldwin, Brooks","681460","2025",,,,,,,,,56,,,,,,55,82,2,,,
"Vierling, Matt","663837","2025",,,,,,,,,29,,,,,,45,57,,,,
"Yelich, Christian","592885","2025",65,43,64,69,61,72,62,55,86,66,20,71,21,65,19,71,,68,30,28
"Canario, Alexander","672744","2025",,,,,,,,,77,,,,,,88,68,27,,,
"Benintendi, Andrew","643217","2025",46,22,59,69,30,62,67,20,36,23,74,51,48,42,37,30,4,9,82,69
"Anderson, Tim","641313","2025",,,,,,,,,10,,,,,,51,62,,,,
"Verdugo, Alex","657077","2025",,,,,,,,,28,,,,,,87,19,,,,
"Bregman, Alex","608324","2025",67,54,51,50,78,32,29,53,49,54,88,73,92,95,36,17,83,32,97,69
"Sabol, Blake","666165","2025",,,,,,,,,15,,,,,,,47,,,,
"McNeil, Jeff","643446","2025",58,74,32,19,89,19,19,12,23,13,94,76,89,55,45,26,76,27,62,48
"Jung, Jace","690291","2025",,,,,,,,,24,,,,,,,10,,,,
"Pederson, Joc","592626","2025",,,,,,,,,87,,,,,,,7,,,,
"Walls, Taylor","670764","2025",,,,,,,,,11,,,,,,35,71,69,,,
"Davis, Henry","680779","2025",,,,,,,,,72,,,,,,,75,,,,
"Mauricio, Ronny","677595","2025",,,,,,,,,70,,,,,,76,13,,,,
"Gorski, Matt","685301","2025",,,,,,,,,94,,,,,,,83,,,,
"Bellinger, Cody","641355","2025",49,52,51,51,44,62,36,24,56,26,91,54,84,36,83,72,93,20,72,7
"Ohtani, Shohei","660271","2025",99,88,100,100,98,100,100,99,100,100,22,97,4,62,,66,,93,45,5
"Taylor, Tyrone","621438","2025",19,60,16,11,36,6,12,8,48,18,45,7,62,34,82,94,84,,,
"Goodman, Hunter","696100","2025",47,39,72,79,16,85,80,66,97,72,17,18,8,8,,45,,83,15,48
"Peguero, Liover","678894","2025",,,,,,,,,57,,,,,,43,92,,,,
"Campbell, Kristian","692225","2025",,,,,,,,,78,,,,,,15,44,4,,,
"Simon, Ronny","682927","2025",,,,,,,,,41,,,,,,,85,,,,
"Happ, Ian","664023","2025",83,62,69,68,90,75,63,50,76,54,40,93,48,91,53,48,50,44,44,84
"Buxton, Byron","621439","2025",81,49,92,93,40,92,96,92,90,96,11,42,11,40,77,100,81,88,22,5
"Basallo, Samuel","694212","2025",,,,,,,,,77,,,,,,,12,,,,
"Rojas, Johan","679032","2025",,,,,,,,,79,,,,,,94,99,,,,
"McCann, James","543510","2025",,,,,,,,,57,,,,,,,25,,,,
"Alvarez, Yordan","670541","2025",,,,,,,,,95,,,,,,,21,,,,
"Isbel, Kyle","664728","2025",1,8,1,1,2,2,2,18,48,20,69,16,84,46,42,61,97,,,
"Urshela, Gio","570482","2025",,,,,,,,,28,,,,,,18,2,,,,
"Yoshida, Masataka","807799","2025",,,,,,,,,79,,,,,,,25,,,,
"Gelof, Zack","680869","2025",,,,,,,,,22,,,,,,9,67,,,,
"Stewart, Sal","701398","2025",,,,,,,,,81,,,,,,,14,,,,
"Smith, Dominic","642086","2025",,,,,,,,,50,,,,,,1,12,,,,
"Kjerstad, Heston","677008","2025",,,,,,,,,21,,,,,,61,58,,,,
"Jones, Jahmai","663330","2025",,,,,,,,,63,,,,,,,67,,,,
"Doyle, Brenton","686668","2025",20,29,42,50,7,66,65,48,70,56,22,16,17,35,97,96,91,28,58,58
"Nola, Austin","543592","2025",,,,,,,,,25,,,,,,,13,,,,
"Volpe, Anthony","683011","2025",21,10,39,58,8,72,64,39,60,43,24,36,43,76,33,75,8,59,49,58
"Montes, Coco","663796","2025",,,,,,,,,14,,,,,,,11,,,,
"Bader, Harrison","664056","2025",16,10,21,33,23,51,60,12,79,36,12,44,22,20,84,85,92,71,9,58
"Marchán, Rafael","665561","2025",,,,,,,,,32,,,,,,,23,,,,
"Nido, Tomás","621512","2025",,,,,,,,,14,,,,,,,6,,,,
"McLain, Matt","680574","2025",9,4,12,27,16,37,38,30,52,39,6,64,25,60,41,93,87,18,33,84
"Miranda, Jose","669304","2025",,,,,,,,,50,,,,,,,1,,,,
"Caglianone, Jac","695506","2025",,,,,,,,,90,,,,,,98,34,,,,
"Hernaiz, Darell","687231","2025",,,,,,,,,45,,,,,,19,72,,,,
"Clase, Jonatan","682729","2025",,,,,,,,,32,,,,,,69,95,,,,
"Short, Zack","670097","2025",,,,,,,,,19,,,,,,40,48,,,,
"O'Neill, Tyler","641933","2025",,,,,,,,,87,,,,,,90,74,,,,
"India, Jonathan","663697","2025",38,27,26,26,63,30,22,19,63,22,66,64,77,97,27,71,1,47,65,48
"Clement, Ernie","676391","2025",12,71,16,9,25,9,6,8,41,2,97,6,94,9,25,83,98,5,96,76
"Yastrzemski, Mike","573262","2025",58,25,45,57,73,51,46,66,46,47,61,90,81,87,73,35,24,36,78,28
"House, Brady","691781","2025",,,,,,,,,72,,,,,,79,61,78,,,
"Arias, Gabriel","672356","2025",11,5,30,54,2,48,70,55,83,49,1,18,1,6,94,40,83,89,1,18
"Hayes, Ke'Bryan","663647","2025",7,25,11,10,17,20,13,39,50,46,60,26,77,54,21,44,99,36,86,90
"Bliss, Ryan","669208","2025",,,,,,,,,10,,,,,,,78,,,,
"Kemp, Otto","805249","2025",,,,,,,,,68,,,,,,39,95,,,,
"Wood, James","695578","2025",89,69,89,87,89,93,94,98,99,98,2,89,5,74,61,62,6,95,32,12
"Thomas, Rhylan","689041","2025",,,,,,,,,6,,,,,,,13,,,,
"Flores, Wilmer","527038","2025",7,12,7,14,17,15,16,6,38,4,64,38,73,41,,3,,1,71,84
"Murphy, Sean","669221","2025",,,,,,,,,92,,,,,,,4,,,,
"Lowe, Nathaniel","663993","2025",27,16,24,29,37,37,33,35,73,41,18,72,47,76,12,22,10,61,13,58
"Sánchez, Jesús","660821","2025",49,35,62,66,35,62,69,79,93,50,46,51,39,32,80,40,41,93,26,84
"Kennedy, Buddy","671083","2025",,,,,,,,,27,,,,,,,84,,,,
"Crow-Armstrong, Pete","691718","2025",47,35,79,86,10,91,82,43,85,42,33,4,23,2,94,96,100,61,18,58
"Wisely, Brett","689172","2025",,,,,,,,,17,,,,,,30,51,,,,
"Trout, Mike","545361","2025",88,23,78,88,92,77,93,70,95,85,2,98,16,92,74,62,,77,6,28
"Fortes, Nick","663743","2025",,,,,,,,,70,,,,,,,33,,,,
"Guerrero Jr., Vladimir","665489","2025",96,100,92,72,99,92,76,88,100,90,90,87,68,90,38,36,25,97,81,18
"Azocar, José","640492","2025",,,,,,,,,47,,,,,,,88,,,,
"Marsee, Jakob","805300","2025",,,,,,,,,67,,,,,,75,68,,,,
"Herrera, Iván","671056","2025",92,90,88,78,93,54,67,78,84,79,68,64,59,69,,23,,83,47,7
"Edman, Tommy","669242","2025",46,84,43,25,45,11,13,24,38,34,81,10,78,46,40,77,96,21,88,84
"Dingler, Dillon","693307","2025",82,97,80,60,75,46,52,50,62,62,38,9,46,35,,53,,44,55,12
"Mesa Jr., Victor","683748","2025",,,,,,,,,17,,,,,,,37,,,,
"Larnach, Trevor","663616","2025",36,45,35,34,47,38,34,70,85,62,49,62,16,52,48,19,,50,65,48
"Chaparro, Andrés","665953","2025",,,,,,,,,61,,,,,,,5,,,,
"Bohm, Alec","664761","2025",53,90,45,25,57,32,25,66,49,66,80,20,93,60,32,26,25,44,93,48
"Rivera, Emmanuel","656896","2025",,,,,,,,,43,,,,,,,14,,,,
"Fermín, José","665877","2025",,,,,,,,,15,,,,,,,42,,,,
"Aranda, Jonathan","666018","2025",96,98,93,82,95,54,80,94,71,96,23,69,45,49,9,15,67,23,40,48
"Palacios, Joshua","641943","2025",,,,,,,,,57,,,,,,90,33,,,,
"Hamilton, David","666152","2025",,,,,,,,,32,,,,,,37,95,73,,,
"Vargas, Ildemaro","545121","2025",,,,,,,,,75,,,,,,5,47,,,,
"Diaz, Yainer","673237","2025",58,79,77,71,24,74,55,48,72,45,77,2,58,1,,46,,50,67,48