"player_name","player_id","year","xwoba","xba","xslg","xiso","xobp","brl","brl_percent","exit_velocity","max_ev","hard_hit_percent","k_percent","bb_percent","whiff_percent","chase_percent","arm_strength","xera","fb_velocity","fb_spin","curve_spin"
"Topa, Justin","623437","2025",29,5,50,90,10,81,88,47,17,16,18,73,4,68,,29,47,23,
"Seymour, Ian","693855","2025",52,55,62,66,54,81,69,65,71,70,78,51,63,23,,52,12,25,
"Weaver, Luke","596133","2025",90,95,73,37,95,67,50,33,14,55,82,59,89,91,,90,63,86,
"Rocker, Kumar","677958","2025",4,5,5,7,6,39,4,5,19,5,28,48,49,54,,4,72,21,10
"Kolek, Stephen","663568","2025",34,18,43,65,30,45,82,7,46,4,10,73,3,23,,34,41,20,
"Fuentes, Didier","800311","2025",,,,,,,,,43,,,,,,,,78,27,
"Hahn, Jesse","534910","2025",,,,,,,,,80,,,,,,,,62,66,
"Bird, Jake","656234","2025",52,55,64,70,30,72,49,69,61,27,78,19,72,53,,52,50,14,88
"Winans, Allan","642216","2025",,,,,,,,,62,,,,,,,,4,23,
"Allard, Kolby","663465","2025",79,47,57,64,82,76,87,78,9,83,6,92,10,25,,79,5,5,1
"Alexander, Tyler","641302","2025",22,7,23,55,18,51,86,69,18,57,27,67,20,40,,22,8,23,
"Legumina, Casey","668984","2025",59,77,65,52,49,76,43,14,34,22,70,8,44,45,,59,47,76,
"Abner, Philip","691769","2025",,,,,,,,,95,,,,,,,,7,78,
"Vargas, Carlos","672841","2025",66,38,67,84,46,76,92,66,2,87,9,69,8,54,,66,93,19,
"De Los Santos, Enyel","660853","2025",42,41,37,41,43,55,41,87,20,53,46,38,82,50,,42,80,50,
"Petersen, Michael","656848","2025",,,,,,,,,50,,,,,,,,92,58,
"Nola, Aaron","605400","2025",38,34,31,30,54,36,36,45,69,25,59,69,51,93,,38,12,49,58
"Miller, Mason","695243","2025",97,100,99,82,93,85,21,82,85,71,100,6,100,98,,97,100,97,
"Cruz, Omar","678316","2025",,,,,,,,,70,,,,,,,,24,70,
"Rogers, Tyler","643511","2025",96,41,95,100,91,99,100,99,23,95,8,100,1,63,,96,1,2,
"Nance, Tommy","667297","2025",,,,,,,,,61,,,,,,,,52,71,93
"Barlow, Scott","605130","2025",30,70,69,68,4,72,66,96,16,99,67,1,87,36,,30,21,77,60
"Thornton, Trent","663423","2025",,,,,,,,,52,,,,,,,,50,88,97
"Anderson, Grant","681982","2025",62,46,71,85,36,85,91,62,1,68,66,20,88,67,,62,32,74,
"Mikolas, Miles","571945","2025",8,9,3,1,43,1,1,47,22,38,4,89,2,17,,8,24,25,53
"Harvey, Hunter","640451","2025",,,,,,,,,90,,,,,,,,79,7,
"Elder, Bryce","693821","2025",18,15,20,26,27,18,61,33,3,22,26,61,26,48,,18,15,13,
"Dodd, Dylan","689266","2025",,,,,,,,,40,,,,,,,,41,18,
"Scherzer, Max","453286","2025",18,36,7,2,66,28,2,75,39,68,53,76,35,39,,18,37,78,71
"Dubin, Shawn","681869","2025",,,,,,,,,78,,,,,,,,46,39,65
"Stroman, Marcus","573186","2025",,,,,,,,,61,,,,,,,,4,52,
"Gipson-Long, Sawyer","687830","2025",,,,,,,,,13,,,,,,,,18,41,
"Soriano, George","666277","2025",,,,,,,,,28,,,,,,,,72,34,
"Schlittler, Cam","693645","2025",43,64,62,58,34,62,52,57,20,52,82,18,57,45,,43,95,83,57
"Gage, Matt","657424","2025",,,,,,,,,26,,,,,,,,23,13,
"deGrom, Jacob","594798","2025",79,73,57,41,90,14,35,29,39,37,83,89,84,89,,79,92,95,78
"Strahm, Matt","621381","2025",94,94,90,74,94,95,95,45,41,67,81,53,37,93,,94,20,93,
"Burgos, Juan","686228","2025",,,,,,,,,40,,,,,,,,75,81,
"Slaten, Justin","686580","2025",,,,,,,,,6,,,,,,,,86,89,75
"Mize, Casey","663554","2025",67,56,41,30,82,14,36,33,20,32,47,87,41,50,,67,54,37,
"Altavilla, Dan","656186","2025",,,,,,,,,30,,,,,,,,82,56,
"Ashcraft, Braxton","677952","2025",77,58,80,91,61,89,94,80,51,66,62,44,57,63,,77,86,83,77
"Bigge, Hunter","685801","2025",,,,,,,,,63,,,,,,,,91,73,
"Long, Sam","669674","2025",,,,,,,,,1,,,,,,,,29,49,55
"Estes, Joey","683155","2025",,,,,,,,,72,,,,,,,,9,58,
"Henriquez, Ronny","678692","2025",90,98,80,39,92,48,10,75,38,32,94,34,97,98,,90,85,91,
"Bubic, Kris","663460","2025",84,73,89,93,74,45,78,87,18,60,63,44,76,89,,84,18,78,
"Bello, Brayan","678394","2025",25,22,40,59,16,21,69,62,23,60,16,41,13,37,,25,64,15,
"Varland, Louis","686973","2025",49,30,57,73,49,51,36,26,34,23,71,63,65,86,,49,95,19,22
"Nicolas, Kyle","693312","2025",,,,,,,,,71,,,,,,,,93,72,69
"Loutos, Ryan","702795","2025",,,,,,,,,44,,,,,,,,64,1,
"Maldonado, Anthony","687424","2025",,,,,,,,,3,,,,,,,,22,66,
"Gillispie, Connor","687362","2025",,,,,,,,,12,,,,,,,,11,67,
"Funderburk, Kody","681892","2025",,,,,,,,,16,,,,,,,,32,62,
"Sheehan, Emmet","686218","2025",89,87,83,71,90,51,20,47,13,41,92,59,93,91,,89,71,88,62
"Klein, Will","694361","2025",,,,,,,,,80,,,,,,,,94,30,15
"Parker, Mitchell","680730","2025",2,1,4,11,3,2,26,1,10,1,3,48,10,59,,2,28,21,11
"Muñoz, Andrés","662253","2025",91,94,96,95,68,89,79,94,76,55,96,11,98,82,,91,96,31,
"Walker, Taijuan","592836","2025",27,22,24,30,34,30,64,42,30,43,7,53,7,20,,27,18,4,24
"May, Dustin","669160","2025",10,18,17,20,6,21,35,14,2,18,38,22,12,17,,10,59,77,
"Gervase, Paul","801434","2025",,,,,,,,,86,,,,,,,,41,25,
"Young, Brandon","687064","2025",35,46,22,14,57,48,19,45,23,35,19,38,20,41,,35,41,30,73
"Hudson, Bryan","663542","2025",,,,,,,,,65,,,,,,,,6,27,
"Enns, Dietrich","608650","2025",,,,,,,,,58,,,,,,,,43,13,
"Speier, Gabe","642100","2025",98,97,95,84,99,72,39,38,40,48,96,97,88,98,,98,59,23,
"Peralta, Wandy","593974","2025",49,29,63,82,25,62,74,87,6,83,30,22,77,80,,49,67,12,
"Kriske, Brooks","621139","2025",,,,,,,,,62,,,,,,,,33,47,
"Hjelle, Sean","663546","2025",,,,,,,,,65,,,,,,,,37,53,2
"Iglesias, Raisel","628452","2025",85,82,64,43,91,62,45,57,51,88,81,76,88,90,,85,59,67,
"Kikuchi, Yusei","579328","2025",27,30,26,28,28,5,30,7,43,35,49,22,35,32,,27,59,25,43
"Gallen, Zac","668678","2025",35,44,24,19,54,2,24,29,45,26,42,46,36,51,,35,35,58,27
"Sterner, Justin","686993","2025",80,88,70,47,80,59,26,36,41,64,77,51,87,86,,80,35,75,
"Robertson, David","502085","2025",,,,,,,,,28,,,,,,,,,,70
"DeSclafani, Anthony","543101","2025",,,,,,,,,40,,,,,,,,45,45,17
"Tolle, Payton","801139","2025",,,,,,,,,46,,,,,,,,85,67,
"Kent, Zak","687849","2025",,,,,,,,,93,,,,,,,,26,100,86
"Morgan, David","688158","2025",,,,,,,,,34,,,,,,,,92,64,50
"Dreyer, Jack","676263","2025",96,91,91,82,94,81,90,22,71,57,60,53,61,29,,96,24,79,45
"Joyce, Ben","690829","2025",,,,,,,,,86,,,,,,,,95,16,
"Halvorsen, Seth","678020","2025",,,,,,,,,32,,,,,,,,100,45,
"Javier, Cristian","664299","2025",,,,,,,,,35,,,,,,,,26,65,94
"Holderman, Colin","670059","2025",,,,,,,,,63,,,,,,,,90,43,
"Darnell, Dugan","699911","2025",,,,,,,,,69,,,,,,,,39,72,
"Englert, Mason","669438","2025",,,,,,,,,21,,,,,,,,33,47,79
"Oviedo, Johan","670912","2025",,,,,,,,,30,,,,,,,,67,65,11
"Lucas, Easton","687922","2025",,,,,,,,,48,,,,,,,,41,29,
"Melton, Troy","675512","2025",,,,,,,,,74,,,,,,,,86,32,
"Murfee, Penn","682171","2025",,,,,,,,,71,,,,,,,,1,40,
"Estévez, Carlos","608032","2025",63,64,47,30,61,46,14,54,47,68,30,44,8,3,,63,76,20,
"Rodríguez, Manuel","655889","2025",,,,,,,,,58,,,,,,,,88,35,
"Ashby, Aaron","676879","2025",84,74,96,99,61,99,99,50,18,54,84,34,63,19,,84,91,18,74
"Yoho, Craig","684974","2025",,,,,,,,,36,,,,,,,,24,59,
"Soroka, Michael","647336","2025",74,84,84,74,64,59,76,50,45,51,70,55,36,20,,74,37,94,
"Brazobán, Huascar","623211","2025",49,72,73,72,34,67,57,93,51,90,44,17,38,88,,49,83,38,
"Lord, Brad","695418","2025",17,10,22,41,20,33,69,69,11,38,28,51,18,16,,17,54,55,
"Cease, Dylan","656302","2025",74,81,76,64,68,20,45,60,34,72,89,20,95,80,,74,88,96,75
"Ruiz, José","614179","2025",,,,,,,,,65,,,,,,,,69,47,4
"Darrell-Hicks, Michael","690382","2025",,,,,,,,,58,,,,,,,,50,48,
"Kelly, Kevin","687330","2025",,,,,,,,,17,,,,,,,,10,19,
"Gasser, Robert","688107","2025",,,,,,,,,78,,,,,,,,28,16,
"Leiter, Jack","683004","2025",28,56,28,20,34,8,13,16,41,21,53,16,43,12,,28,88,81,60
"Houser, Adrian","605288","2025",47,25,57,76,36,41,82,26,28,5,16,65,4,57,,47,54,32,2
"Dunning, Dane","641540","2025",,,,,,,,,23,,,,,,,,5,13,
"Smith, Shane","681343","2025",47,64,61,57,38,34,76,22,5,13,57,26,70,13,,47,72,38,7
"Fried, Max","608331","2025",77,60,75,82,73,18,74,92,22,76,57,76,59,39,,77,59,20,89
"McKenzie, Triston","663474","2025",,,,,,,,,60,,,,,,,,39,68,
"Coulombe, Danny","543056","2025",,,,,,,,,48,,,,,,,,6,72,
"Sugano, Tomoyuki","608372","2025",2,2,2,2,14,1,4,33,5,56,6,92,7,57,,2,26,67,68
"Arrighetti, Spencer","681293","2025",,,,,,,,,41,,,,,,,,28,60,84
"Bellozo, Valente","678368","2025",10,20,4,1,43,28,5,38,5,43,4,74,13,27,,10,8,16,80
"Herget, Jimmy","623474","2025",82,79,82,79,74,55,66,65,69,62,55,61,62,22,,82,19,84,95
"Lively, Ben","594902","2025",,,,,,,,,1,,,,,,,,5,5,
"Snider, Collin","676092","2025",,,,,,,,,5,,,,,,,,22,98,
"Lopez, Jacob","682052","2025",67,83,66,49,66,59,78,94,58,94,85,28,73,48,,67,8,14,
"Jackson, Luke","592426","2025",34,49,51,52,7,85,76,10,18,21,13,3,27,30,,34,47,60,25
"Hoffmann, Andrew","694851","2025",,,,,,,,,75,,,,,,,,52,46,
"Fermin, José","820862","2025",,,,,,,,,26,,,,,,,,86,58,
"Misiorowski, Jacob","694819","2025",79,91,85,69,68,76,58,57,74,72,93,11,80,50,,79,99,98,30
"Kittredge, Andrew","552640","2025",95,84,82,73,97,89,75,11,35,19,92,92,82,100,,95,63,63,
"Hill, Rich","448179","2025",,,,,,,,,68,,,,,,,,1,35,51
"Miller, Shelby","571946","2025",,,,,,,,,28,,,,,,,,63,88,
"Myers, Tobias","668964","2025",32,17,26,46,40,81,76,22,23,16,13,71,18,35,,32,35,48,
"Martinez, Justin","679885","2025",,,,,,,,,94,,,,,,,,99,20,
"Tarnok, Freddy","676206","2025",,,,,,,,,85,,,,,,,,63,82,
"Simpson, Josh","681006","2025",,,,,,,,,19,,,,,,,,46,48,47
"Burke, Sean","680732","2025",13,34,14,9,15,14,17,42,30,30,47,15,50,32,,13,50,96,46
"Adam, Jason","592094","2025",94,95,95,91,86,76,72,62,65,69,74,28,94,87,,94,54,98,
"Akin, Keegan","669211","2025",18,51,21,12,16,55,24,45,61,40,45,5,52,72,,18,39,74,
"Puk, A.J.","640462","2025",,,,,,,,,82,,,,,,,,83,52,
"Eflin, Zach","621107","2025",30,16,12,13,67,41,30,42,41,49,8,98,14,87,,30,15,12,35
"Liberatore, Matthew","669461","2025",15,9,12,17,33,3,14,14,17,45,22,82,13,65,,15,43,11,92
"Zastryzny, Rob","642239","2025",,,,,,,,,51,,,,,,,,15,95,
"Rodriguez, Carlos","692230","2025",,,,,,,,,70,,,,,,,,43,38,
"Hoglund, Gunnar","680684","2025",,,,,,,,,39,,,,,,,,35,82,
"Murphy, Chris","669684","2025",,,,,,,,,81,,,,,,,,45,64,43
"Winn, Keaton","676775","2025",,,,,,,,,82,,,,,,,,67,61,
"Taillon, Jameson","592791","2025",57,47,30,23,83,27,53,75,3,67,22,93,16,54,,57,20,55,53
"Alvarez, Andrew","674841","2025",,,,,,,,,32,,,,,,,,11,62,71
"Márquez, Germán","608566","2025",4,3,3,7,5,5,9,2,36,2,3,46,7,23,,4,54,24,64
"Anderson, Tyler","542881","2025",10,26,7,5,24,7,10,80,6,80,13,25,49,68,,10,2,23,
"Ramírez, Erasmo","541640","2025",,,,,,,,,25,,,,,,,,7,28,
"Lauer, Eric","641778","2025",58,47,37,34,75,39,53,14,23,37,59,84,36,25,,58,14,37,22
"Veneziano, Anthony","685107","2025",,,,,,,,,21,,,,,,,,37,56,
"Helsley, Ryan","664854","2025",55,49,56,60,42,76,64,7,47,40,69,19,79,79,,55,99,96,42
"Gil, Luis","661563","2025",13,24,32,45,3,67,50,16,12,31,11,2,20,1,,13,66,90,
"Taylor, Grant","691799","2025",,,,,,,,,43,,,,,,,,97,86,36
"Díaz, Alexis","664747","2025",,,,,,,,,58,,,,,,,,35,98,
"Paddack, Chris","663978","2025",12,7,7,9,40,3,19,11,21,11,10,89,16,85,,12,37,33,3
"Chapman, Aroldis","547973","2025",100,99,99,95,99,95,89,62,78,80,99,74,97,96,,100,98,87,
"Brasier, Ryan","518489","2025",,,,,,,,,41,,,,,,,,45,41,
"López, Jorge","605347","2025",,,,,,,,,78,,,,,,,,56,1,33
"Fernández, Julian","642759","2025",,,,,,,,,76,,,,,,,,91,77,
"Wentz, Joey","666214","2025",24,22,34,50,16,32,28,16,45,29,36,20,34,57,,24,33,60,45
"Dobbins, Hunter","690928","2025",47,44,32,27,64,72,75,47,53,40,14,74,22,43,,47,69,73,34
"Mayza, Tim","641835","2025",,,,,,,,,81,,,,,,,,37,11,
"Okert, Steven","595345","2025",97,98,93,73,98,76,72,73,63,96,91,69,93,36,,97,16,32,
"La Sorsa, Joe","686747","2025",,,,,,,,,55,,,,,,,,16,20,
"Rock, Joe","697812","2025",,,,,,,,,84,,,,,,,,39,45,
"Wesneski, Hayden","669713","2025",,,,,,,,,51,,,,,,,,35,36,
"Selby, Colin","681882","2025",,,,,,,,,34,,,,,,,,71,32,85
"Abbott, Andrew","671096","2025",70,60,58,58,80,17,57,84,55,93,44,79,39,74,,70,26,46,80
"Megill, Tylor","656731","2025",52,77,78,76,30,81,81,22,15,22,88,13,86,51,,52,62,44,39
"Hader, Josh","623352","2025",100,100,100,86,100,89,53,80,77,91,99,53,99,99,,100,69,61,
"Suter, Brent","608718","2025",43,32,28,28,62,55,60,99,53,96,18,82,18,19,,43,1,32,
"Finnegan, Kyle","640448","2025",84,70,87,93,74,76,60,19,56,27,59,51,44,37,,84,82,36,
"Gordon, Tanner","685299","2025",2,1,1,3,12,32,7,29,36,45,19,93,3,34,,2,20,39,
"Phillips, Tyler","663969","2025",67,49,68,79,61,76,91,50,12,25,9,55,66,96,,67,66,9,48
"Holman, Grant","680880","2025",,,,,,,,,26,,,,,,,,54,2,
"Rainey, Tanner","663432","2025",,,,,,,,,54,,,,,,,,66,80,
"Holmes, Clay","605280","2025",32,38,52,60,22,25,75,38,20,34,18,28,23,62,,32,39,26,
"Whitley, Forrest","666215","2025",,,,,,,,,51,,,,,,,,80,84,
"Detmers, Reid","672282","2025",70,64,76,79,52,72,52,29,1,29,90,26,93,95,,70,75,19,37
"Casparius, Ben","676508","2025",66,52,59,62,72,55,69,89,50,97,40,79,69,65,,66,79,86,95
"Ragans, Cole","666142","2025",96,97,91,74,97,72,28,73,3,59,100,53,95,68,,96,66,97,32
"Montero, Rafael","606160","2025",69,87,89,81,33,81,72,75,76,64,53,1,78,81,,69,63,75,
"Ellard, Fraser","686642","2025",,,,,,,,,80,,,,,,,,56,93,
"Bernardino, Brennan","657514","2025",74,82,90,88,38,81,66,87,34,85,23,6,9,21,,74,8,22,70
"Harrington, Thomas","802419","2025",,,,,,,,,48,,,,,,,,16,8,
"Junis, Jakob","596001","2025",43,23,40,59,46,76,82,87,69,64,30,74,27,37,,43,10,14,
"Robert, Daniel","642016","2025",,,,,,,,,87,,,,,,,,78,85,
"Green, Chad","643338","2025",,,,,,,,,54,,,,,,,,64,91,
"Holmes, Grant","656550","2025",25,49,37,32,16,28,20,29,10,37,69,11,80,54,,25,52,61,88
"Messick, Parker","800048","2025",,,,,,,,,32,,,,,,,,21,9,9
"Tidwell, Blade","694918","2025",,,,,,,,,87,,,,,,,,69,28,
"Cavalli, Cade","676917","2025",40,20,54,76,29,95,95,85,70,38,18,71,72,95,,40,88,53,15
"Sulser, Cole","642121","2025",,,,,,,,,28,,,,,,,,27,70,
"Harrison, Kyle","690986","2025",,,,,,,,,58,,,,,,,,54,51,
"Smith, Dylan","681916","2025",,,,,,,,,89,,,,,,,,54,91,
"Vesia, Alex","681911","2025",86,97,79,43,86,67,13,69,32,71,97,28,86,62,,86,24,90,
"Cannon, Jonathan","686563","2025",8,10,8,10,11,21,14,22,13,13,20,44,18,13,,8,33,30,
"Senga, Kodai","673540","2025",49,71,66,64,34,36,57,60,15,49,49,8,67,50,,49,39,70,
"Bowden, Ben","641386","2025",,,,,,,,,87,,,,,,,,33,83,
"Corbin, Patrick","571578","2025",17,14,21,34,24,15,49,50,32,51,28,55,62,67,,17,12,9,
"Mahle, Tyler","641816","2025",35,25,36,50,40,46,57,69,51,77,23,41,32,43,,35,16,65,
"Junk, Janson","676083","2025",30,7,18,38,58,30,47,3,6,6,12,99,5,78,,30,37,52,41
"Daniel, Davis","669721","2025",,,,,,,,,75,,,,,,,,4,13,
"Fernandez, Ryan","681676","2025",,,,,,,,,56,,,,,,,,64,29,
"Bradley, Taj","671737","2025",43,55,46,43,49,30,67,50,32,55,37,28,35,29,,43,80,53,48
"Suarez, Robert","663158","2025",66,52,47,43,76,59,36,16,15,31,83,85,39,74,,66,97,79,
"Peterson, David","656849","2025",22,11,43,73,9,27,80,14,29,9,36,32,39,43,,22,14,14,19
"Rodríguez, Elvin","660730","2025",,,,,,,,,52,,,,,,,,50,90,74
"Horton, Cade","690990","2025",52,52,44,39,66,25,21,38,6,45,33,69,54,65,,52,72,91,51
"Schreiber, John","670167","2025",45,40,34,32,61,55,32,69,32,67,56,65,33,25,,45,37,37,
"Mey, Luis","682825","2025",,,,,,,,,6,,,,,,,,98,50,
"Burrows, Mike","681347","2025",32,34,28,28,46,32,13,50,32,36,60,55,63,39,,32,69,50,87
"Pressly, Ryan","519151","2025",,,,,,,,,11,,,,,,,,33,95,99
"Sousa, Bennett","656986","2025",,,,,,,,,61,,,,,,,,62,35,
"Davis, Noah","663562","2025",,,,,,,,,50,,,,,,,,52,32,
"Kelly, Merrill","518876","2025",40,32,26,26,64,5,35,26,4,24,47,76,41,91,,40,16,59,59
"Fairbanks, Pete","664126","2025",87,77,87,89,84,93,93,26,74,29,61,63,57,57,,87,90,86,
"Romano, Jordan","605447","2025",,,,,,,,,5,,,,,,,,69,45,
"Shuster, Jared","694363","2025",,,,,,,,,60,,,,,,,,22,21,
"Ferguson, Caleb","657571","2025",74,58,89,97,43,97,99,99,43,100,22,46,18,63,,74,43,53,
"Treinen, Blake","595014","2025",,,,,,,,,75,,,,,,,,72,76,
"Spiers, Carson","686730","2025",,,,,,,,,66,,,,,,,,18,26,
"Snell, Blake","605483","2025",82,72,92,97,58,89,86,96,26,92,85,18,96,95,,82,63,89,42
"Matsui, Yuki","673513","2025",40,64,44,27,30,59,39,69,22,75,48,5,84,65,,40,16,86,
"McGee, Easton","668834","2025",,,,,,,,,82,,,,,,,,32,85,16
"Orze, Eric","679358","2025",,,,,,,,,48,,,,,,,,43,41,
"Boyd, Matthew","571510","2025",62,49,53,53,72,8,39,69,15,69,41,86,30,54,,62,31,60,15
"Bautista, Félix","642585","2025",,,,,,,,,63,,,,,,,,89,78,
"Sewald, Paul","623149","2025",,,,,,,,,78,,,,,,,,7,94,
"Johnson, Seth","686751","2025",,,,,,,,,64,,,,,,,,89,68,
"Thompson, Ryan","657044","2025",,,,,,,,,28,,,,,,,,4,5,
"Effross, Scott","664123","2025",,,,,,,,,53,,,,,,,,2,30,
"Lorenzen, Michael","547179","2025",18,18,16,17,43,18,43,47,3,61,37,76,33,48,,18,35,46,43
"Neris, Héctor","593576","2025",,,,,,,,,45,,,,,,,,21,75,
"Petty, Chase","695534","2025",,,,,,,,,32,,,,,,,,76,37,
"Bergert, Ryan","686701","2025",34,56,40,32,30,62,72,33,58,82,49,13,38,12,,34,32,79,
"Rea, Colin","607067","2025",22,16,22,30,38,5,18,36,8,46,24,74,23,50,,22,39,25,7
"Scott, Tanner","656945","2025",37,36,31,32,46,67,39,10,74,34,71,65,79,99,,37,84,97,
"Tinoco, Jesus","622786","2025",,,,,,,,,58,,,,,,,,64,37,
"Rogers, Taylor","573124","2025",40,60,45,36,33,67,21,29,66,19,59,16,32,23,,40,24,21,
"Laweryson, Cody","689520","2025",,,,,,,,,94,,,,,,,,31,76,
"Bradish, Kyle","680694","2025",,,,,,,,,28,,,,,,,,56,44,55
"Giolito, Lucas","608337","2025",13,15,12,14,18,17,39,22,23,45,28,30,28,30,,13,32,33,33
"Keller, Brad","641745","2025",93,93,97,95,85,85,86,94,81,99,80,48,62,76,,93,88,65,
"Tong, Jonah","804636","2025",,,,,,,,,28,,,,,,,,64,44,
"Erceg, Lucas","668674","2025",57,34,58,71,46,72,66,54,5,73,26,65,47,63,,57,92,6,
"Lara, Andry","691251","2025",,,,,,,,,70,,,,,,,,49,12,
"Buehler, Walker","621111","2025",6,10,15,23,2,18,28,82,23,70,9,15,9,20,,6,43,27,26
"Fedde, Erick","607200","2025",8,9,16,26,4,20,58,26,30,31,1,13,3,10,,8,31,3,
"Lao, Sauryn","666659","2025",,,,,,,,,54,,,,,,,,27,32,
"Knack, Landon","689017","2025",,,,,,,,,1,,,,,,,,29,80,89
"Sauer, Matt","669422","2025",,,,,,,,,65,,,,,,,,47,16,
"Pilkington, Konnor","663455","2025",,,,,,,,,62,,,,,,,,52,71,
"Wacha, Michael","608379","2025",38,22,30,43,54,15,64,89,21,89,14,79,18,47,,38,29,14,9
"Raley, Brooks","548384","2025",,,,,,,,,90,,,,,,,,8,68,
"Strider, Spencer","675911","2025",14,26,16,12,16,20,14,5,19,30,62,25,86,54,,14,69,54,67
"Kirby, George","669923","2025",55,32,50,61,64,30,47,14,29,21,76,89,61,68,,55,80,45,20
"Rangel, Alan","660604","2025",,,,,,,,,66,,,,,,,,26,44,
"Blewett, Scott","656240","2025",,,,,,,,,23,,,,,,,,33,41,
"Little, Brendon","663893","2025",78,95,98,97,26,85,80,38,40,7,92,1,100,70,,78,33,5,1
"McDaniels, Garrett","680729","2025",,,,,,,,,72,,,,,,,,19,43,
"Chandler, Bubba","696149","2025",,,,,,,,,1,,,,,,,,98,83,
"Brash, Matt","666374","2025",,,,,,,,,61,,,,,,,,82,40,
"Alvarado, José","621237","2025",,,,,,,,,52,,,,,,,,98,8,
"Weissert, Greg","669711","2025",77,74,67,60,79,62,62,36,8,64,33,59,26,23,,77,45,45,
"Alexander, Scott","518397","2025",,,,,,,,,55,,,,,,,,11,26,
"Morales, Luis","806960","2025",,,,,,,,,22,,,,,,,,90,95,
"Domínguez, Seranthony","622554","2025",83,93,98,97,43,85,74,89,17,79,91,1,94,41,,83,94,68,34
"Ribalta, Orlando","687377","2025",,,,,,,,,36,,,,,,,,80,98,
"Webb, Logan","657277","2025",70,38,61,73,72,7,50,38,4,52,76,91,47,67,,70,23,3,
"Imanaga, Shota","684007","2025",45,58,11,3,89,5,6,11,30,24,34,96,44,84,,45,8,90,
"Montgomery, Mason","682254","2025",22,44,47,50,9,81,32,47,35,63,90,3,97,83,,22,97,58,
"Peguero, Elvis","665625","2025",,,,,,,,,78,,,,,,,,64,1,
"Contreras, Roansy","672710","2025",,,,,,,,,89,,,,,,,,64,65,
"Svanson, Matt","694335","2025",86,90,87,74,83,76,47,54,21,83,88,40,30,2,,86,86,43,
"Kelly, Michael","547184","2025",,,,,,,,,36,,,,,,,,72,79,
"Alcantara, Sandy","645261","2025",22,18,24,37,27,8,45,11,1,15,23,55,17,57,,22,91,56,27
"Gusto, Ryan","687473","2025",22,32,20,16,42,30,28,14,22,11,41,51,33,7,,22,45,81,27
"Gibson, Kyle","502043","2025",,,,,,,,,82,,,,,,,,9,12,
"Ureña, José","570632","2025",1,1,1,1,1,39,1,42,38,54,2,26,11,17,,1,80,20,
"Suárez, Ranger","624133","2025",84,70,78,82,86,36,89,95,41,98,55,86,24,78,,84,7,2,3
"Brieske, Beau","689225","2025",,,,,,,,,68,,,,,,,,72,94,
"Zulueta, Yosver","691172","2025",,,,,,,,,85,,,,,,,,82,4,
"Burke, Brock","656271","2025",59,34,56,68,52,72,69,57,22,47,32,68,33,34,,59,72,32,
"Saucedo, Tayler","642048","2025",,,,,,,,,77,,,,,,,,9,47,
"Burns, Chase","695505","2025",,,,,,,,,61,,,,,,,,97,98,
"Rodón, Carlos","607074","2025",80,86,81,68,76,18,62,66,9,64,74,28,84,60,,80,39,65,72
"Pérez, Cionel","672335","2025",,,,,,,,,78,,,,,,,,71,10,
"Martinez, Nick","607259","2025",49,24,44,61,54,21,74,75,52,90,11,84,11,8,,49,23,56,54
"Lee, Dylan","669276","2025",92,90,69,39,98,51,19,87,34,93,87,92,95,82,,92,46,70,
"Woodruff, Brandon","605540","2025",99,99,97,81,100,81,69,82,73,83,94,91,72,34,,99,28,60,
"Wilson, Steven","621051","2025",63,61,63,66,52,89,89,42,13,82,39,30,48,8,,63,43,91,
"Palencia, Daniel","694037","2025",80,71,75,76,76,97,95,29,32,2,86,63,68,34,,80,99,68,
"Boyle, Joe","671212","2025",47,76,65,55,27,67,19,7,28,9,74,4,77,1,,47,96,97,
"Soriano, José","667755","2025",43,43,66,82,20,24,67,4,10,4,37,13,63,32,,43,90,2,37
"Meyer, Max","676974","2025",16,18,16,17,38,51,35,1,36,4,59,68,67,40,,16,56,93,
"Hill, Jaden","677955","2025",,,,,,,,,13,,,,,,,,86,69,
"Hernandez, Nick","663321","2025",,,,,,,,,90,,,,,,,,11,94,
"Brown, Hunter","686613","2025",84,77,85,86,80,34,85,97,18,97,85,53,71,63,,84,80,36,52
"Kremer, Dean","665152","2025",59,51,42,38,75,11,47,79,32,85,30,76,28,72,,59,29,32,78
"Henriquez, Edgardo","683618","2025",,,,,,,,,47,,,,,,,,100,89,
"García, Luis","472610","2025",25,16,32,55,7,76,62,10,29,3,34,10,41,45,,25,87,26,
"Smith-Shawver, AJ","700363","2025",,,,,,,,,6,,,,,,,,71,11,13
"Hamilton, Ian","641656","2025",,,,,,,,,11,,,,,,,,60,28,
"Minter, A.J.","621345","2025",,,,,,,,,71,,,,,,,,52,94,
"Mattson, Isaac","676755","2025",,,,,,,,,41,,,,,,,,43,74,
"Otañez, Michel","671305","2025",,,,,,,,,67,,,,,,,,88,64,
"McGough, Scott","543518","2025",,,,,,,,,75,,,,,,,,20,76,
"Núñez, Dedniel","673380","2025",,,,,,,,,44,,,,,,,,80,69,
"Webb, Jacob","657097","2025",86,81,78,71,86,81,85,95,14,89,43,67,69,74,,86,33,90,
"Merryweather, Julian","657240","2025",,,,,,,,,20,,,,,,,,78,29,
"Rolison, Ryan","669020","2025",,,,,,,,,48,,,,,,,,27,62,65
"Kerkering, Orion","689147","2025",69,68,82,88,38,81,79,98,21,93,63,18,36,13,,69,88,73,
"Rogers, Trevor","669432","2025",77,71,65,61,82,43,62,38,11,3,62,69,52,70,,77,28,78,
"Smith, Cade","671922","2025",98,90,98,97,95,95,97,50,19,78,97,79,95,89,,98,83,61,
"Díaz, Edwin","621242","2025",99,99,100,98,93,97,94,69,53,57,99,46,99,78,,99,89,63,
"Ohl, Pierson","701487","2025",,,,,,,,,35,,,,,,,,15,49,
"Zeferjahn, Ryan","666171","2025",34,80,47,21,20,62,18,75,13,76,86,2,84,6,,34,91,28,
"Richards, Trevor","670950","2025",,,,,,,,,86,,,,,,,,12,37,
"Cantillo, Joey","676282","2025",63,66,68,69,54,51,67,44,48,38,79,16,80,2,,63,14,1,63
"Castillo, José","620454","2025",,,,,,,,,48,,,,,,,,29,5,
"Gore, MacKenzie","669022","2025",32,46,36,30,38,9,14,19,32,20,80,28,80,70,,32,66,42,17
"Heaney, Andrew","571760","2025",4,4,5,9,6,14,19,26,9,23,7,61,11,57,,4,4,74,56
"Pfaadt, Brandon","694297","2025",7,3,4,9,20,1,10,10,14,11,24,95,23,74,,7,33,92,68
"Miley, Wade","489119","2025",,,,,,,,,74,,,,,,,,15,47,
"Ort, Kaleb","672391","2025",,,,,,,,,22,,,,,,,,83,88,
"Perkins, Jack","678022","2025",,,,,,,,,71,,,,,,,,78,42,
"Skubal, Tarik","669373","2025",95,86,83,70,98,18,53,97,19,95,94,97,92,97,,95,91,56,39
"Armstrong, Shawn","542888","2025",90,90,88,76,88,72,69,80,23,91,76,68,43,8,,90,41,40,
"Peguero, Joel","666711","2025",,,,,,,,,84,,,,,,,,99,58,
"Olson, Reese","681857","2025",47,44,59,68,30,67,64,3,36,16,51,36,80,76,,47,50,34,31
"Peralta, Sammy","671111","2025",,,,,,,,,56,,,,,,,,2,23,
"Burnes, Corbin","669203","2025",55,66,61,55,49,67,53,44,28,41,58,20,53,86,,55,71,92,82
"Headrick, Brent","687396","2025",,,,,,,,,54,,,,,,,,45,81,
"Priester, Quinn","682990","2025",70,56,71,79,62,25,66,57,19,59,32,55,44,29,,70,43,6,67
"Hurter, Brant","676428","2025",69,70,91,96,20,97,99,85,69,79,64,20,55,29,,69,19,15,
"Luzardo, Jesús","666200","2025",79,66,77,79,76,27,78,69,45,77,86,61,87,76,,79,82,35,
"Singer, Brady","663903","2025",34,41,39,41,33,9,30,22,5,48,51,41,39,19,,34,16,75,
"Bowman, Matt","621199","2025",,,,,,,,,66,,,,,,,,10,7,
"Castro, Miguel","612434","2025",,,,,,,,,85,,,,,,,,63,38,
"Severino, Luis","622663","2025",21,14,36,62,14,28,83,75,40,37,14,67,6,25,,21,76,31,
"Berríos, José","621244","2025",16,23,15,12,28,1,9,22,1,32,28,48,23,45,,16,22,7,
"Duran, Jhoan","661395","2025",97,84,96,99,90,93,95,45,25,41,83,74,87,91,,97,100,11,63
"Martin, Davis","663436","2025",10,9,11,19,12,12,24,11,15,17,13,48,20,43,,10,39,80,79
"Weems, Jordan","607179","2025",,,,,,,,,47,,,,,,,,72,18,
"Johnson, Pierce","572955","2025",67,64,54,45,71,67,43,19,48,29,67,48,57,23,,67,66,69,89
"Flexen, Chris","623167","2025",,,,,,,,,72,,,,,,,,21,38,62
"Bowlan, Jonathan","680742","2025",,,,,,,,,43,,,,,,,,72,55,24
"Hatch, Thomas","641672","2025",,,,,,,,,8,,,,,,,,32,88,
"Spence, Mitch","687765","2025",5,4,3,6,9,26,3,26,32,29,14,69,53,83,,5,23,75,80
"Crochet, Garrett","676979","2025",91,83,79,69,96,20,66,85,9,75,93,87,78,90,,91,82,87,
"Beck, Tristan","663941","2025",25,18,23,30,36,62,44,29,47,68,16,69,28,43,,25,56,15,19
"Beeks, Jalen","656222","2025",55,55,54,52,52,55,16,69,46,58,32,36,70,16,,55,50,18,
"Steele, Justin","657006","2025",,,,,,,,,48,,,,,,,,8,70,
"Woo, Bryan","693433","2025",87,80,67,55,96,9,36,54,1,38,80,95,57,72,,87,71,53,
"McDonald, Trevor","686790","2025",,,,,,,,,74,,,,,,,,28,43,73
"Brzykcy, Zach","694350","2025",,,,,,,,,56,,,,,,,,56,47,66
"Holton, Tyler","663947","2025",59,32,35,43,76,48,52,85,38,71,33,91,44,74,,59,13,26,
"Kahnle, Tommy","592454","2025",25,44,37,37,16,55,35,75,64,75,21,8,52,17,,25,35,25,
"Waddell, Brandon","663399","2025",,,,,,,,,65,,,,,,,,9,22,
"Seymour, Carson","693313","2025",,,,,,,,,18,,,,,,,,82,46,
"Eder, Jake","671109","2025",,,,,,,,,45,,,,,,,,29,3,
"Lugo, Seth","607625","2025",9,22,7,5,18,7,9,11,8,14,33,32,15,5,,9,12,74,99
"Williams, Devin","642207","2025",86,95,92,82,80,72,32,44,23,85,97,20,99,97,,86,46,73,
"Matzek, Tyler","554431","2025",,,,,,,,,39,,,,,,,,52,87,
"Stratton, Chris","608717","2025",,,,,,,,,73,,,,,,,,11,83,96
"Leclerc, José","600917","2025",,,,,,,,,61,,,,,,,,46,91,
"Silseth, Chase","681217","2025",,,,,,,,,50,,,,,,,,64,72,
"Baker, Bryan","641329","2025",43,58,18,7,82,43,1,14,61,3,91,82,77,72,,43,86,50,
"Irvin, Jake","663623","2025",5,7,3,4,12,1,3,19,38,7,6,51,5,29,,5,19,59,36
"Gausman, Kevin","592332","2025",63,52,46,43,75,9,47,47,5,43,63,76,59,85,,63,52,42,
"Soto, Gregory","642397","2025",52,51,80,93,16,95,97,60,11,70,70,38,82,83,,52,87,56,
"Cameron, Noah","702070","2025",45,43,39,39,57,36,81,82,1,73,33,55,59,43,,45,20,50,21
"Borucki, Ryan","621366","2025",,,,,,,,,56,,,,,,,,43,46,
"Hiraldo, Yaramil","682274","2025",,,,,,,,,72,,,,,,,,60,66,
"Hernández, Daysbel","678226","2025",,,,,,,,,26,,,,,,,,94,60,
"Castillo, Luis","622491","2025",45,40,34,32,64,2,17,22,11,8,43,82,44,57,,45,60,18,
"Bednar, David","670280","2025",91,86,85,74,91,72,39,50,10,36,97,59,89,74,,91,88,87,31
"Littell, Zack","641793","2025",30,23,14,11,69,1,21,26,17,46,12,98,14,79,,30,15,4,
"García, Yimi","554340","2025",,,,,,,,,45,,,,,,,,75,96,86
"Bivens, Spencer","702352","2025",45,40,54,64,49,51,69,89,15,75,16,65,3,63,,45,60,1,
"Vásquez, Randy","681190","2025",7,13,8,9,9,7,10,54,1,60,2,30,1,13,,7,32,71,97
"Miller, Bobby","676272","2025",,,,,,,,,85,,,,,,,,91,33,
"Avila, Luinder","679883","2025",,,,,,,,,87,,,,,,,,75,86,87
"Roycroft, Chris","688297","2025",,,,,,,,,60,,,,,,,,69,19,
"Vasil, Mike","678024","2025",45,66,69,70,12,46,69,47,55,68,27,5,39,3,,45,50,30,31
"Murdock, Noah","668716","2025",,,,,,,,,89,,,,,,,,56,11,
"Latz, Jacob","656641","2025",42,43,52,60,29,62,80,33,1,31,44,15,78,54,,42,47,48,63
"Waldrep, Hurston","694462","2025",49,30,76,94,16,97,97,54,18,52,59,22,75,8,,49,76,24,14
"Muñoz, Roddery","682610","2025",,,,,,,,,88,,,,,,,,72,67,
"Farris, Mitch","815083","2025",,,,,,,,,62,,,,,,,,6,17,
"Burdi, Nick","595897","2025",,,,,,,,,83,,,,,,,,45,16,
"Suarez, José","660761","2025",,,,,,,,,62,,,,,,,,33,80,
"Phillips, Connor","683175","2025",,,,,,,,,72,,,,,,,,96,97,
"Garrett, Reed","657585","2025",72,70,83,90,49,95,93,80,48,47,79,13,86,86,,72,88,53,
"Pomeranz, Drew","519141","2025",72,80,73,64,71,81,44,29,51,27,84,63,44,40,,72,24,99,13
"Jacob, Alek","689690","2025",,,,,,,,,56,,,,,,,,1,57,
"Graveman, Kendall","608665","2025",,,,,,,,,51,,,,,,,,50,34,
"Freeland, Kyle","607536","2025",14,5,10,22,28,3,30,7,10,6,14,91,17,67,,14,12,75,21
"Hicks, Jordan","663855","2025",21,15,61,88,3,85,93,33,11,11,20,18,30,7,,21,92,2,
"Gilbert, Tyler","656457","2025",43,73,46,25,38,67,21,33,44,48,51,10,57,22,,43,5,23,
"McGreevy, Michael","700241","2025",20,7,17,27,42,33,43,16,10,53,3,93,9,16,,20,21,31,45
"Estrada, Jeremiah","669093","2025",93,98,90,65,93,62,39,29,36,61,98,34,96,93,,93,94,27,
"Fulmer, Carson","608334","2025",,,,,,,,,20,,,,,,,,22,48,
"Fisher, Braydon","680755","2025",,,,,,,,,56,,,,,,,,69,51,38
"Garcia, Luis","677651","2025",,,,,,,,,67,,,,,,,,9,79,
"Garcia, Rico","670329","2025",,,,,,,,,48,,,,,,,,69,92,54
"Hoffman, Jeff","656546","2025",57,90,36,7,78,43,1,47,11,58,88,26,90,97,,57,83,96,
"VanWey, Logan","701121","2025",,,,,,,,,94,,,,,,,,24,46,
"Senzatela, Antonio","622608","2025",1,1,1,5,1,9,35,9,15,9,1,59,4,3,,1,62,33,32
"Bender, Anthony","669622","2025",70,77,73,66,57,85,67,42,14,17,34,17,15,7,,70,84,61,
"Rashi, Taylor","688497","2025",,,,,,,,,45,,,,,,,,5,27,
"Lynch IV, Daniel","663738","2025",24,27,35,45,15,55,57,66,6,32,5,32,25,20,,24,43,21,9
"Uribe, Abner","682842","2025",94,91,99,100,75,99,100,96,28,88,91,30,91,47,,94,98,58,
"Pérez, Martín","527048","2025",9,34,7,3,25,39,1,78,38,59,26,22,17,11,,9,3,4,27
"Hagenman, Justin","663795","2025",,,,,,,,,64,,,,,,,,28,33,
"Leasure, Jordan","673929","2025",84,96,83,57,82,55,13,54,15,71,90,10,91,60,,84,80,75,
"Newcomb, Sean","656794","2025",58,34,67,86,38,62,87,60,30,38,55,51,18,32,,58,28,62,90
"Wells, Tyler","669330","2025",,,,,,,,,82,,,,,,,,26,77,
"Granillo, Andre","701552","2025",,,,,,,,,63,,,,,,,,54,49,
"Brown, Ben","676962","2025",24,25,18,14,51,21,7,1,29,6,73,71,73,53,,24,75,30,12
"Williams, Gavin","668909","2025",35,63,47,34,28,15,39,19,12,19,65,7,70,22,,35,84,45,30
"Hoeing, Bryan","663773","2025",,,,,,,,,90,,,,,,,,23,1,
"Santillan, Tony","663574","2025",33,41,47,52,23,59,49,2,18,12,68,22,63,14,,33,82,68,
"Dana, Caden","702674","2025",,,,,,,,,80,,,,,,,,60,27,
"Pearson, Nate","663878","2025",,,,,,,,,52,,,,,,,,93,51,
"Martin, Chris","455119","2025",,,,,,,,,48,,,,,,,,54,31,
"Beeter, Clayton","690925","2025",,,,,,,,,81,,,,,,,,84,88,
"Early, Connelly","813349","2025",,,,,,,,,79,,,,,,,,39,43,27
"Woods Richardson, Simeon","680573","2025",52,79,43,20,68,21,7,26,11,41,50,20,41,22,,52,31,40,52
"Alexander, Jason","669920","2025",16,11,21,37,18,46,50,36,28,10,26,55,44,1,,16,10,9,
"Darvish, Yu","506433","2025",66,76,52,27,81,51,41,91,12,95,54,76,29,17,,66,37,59,40
"Maxwell, Zach","687209","2025",,,,,,,,,92,,,,,,,,99,97,
"Rasmussen, Drew","656876","2025",75,58,66,73,75,35,81,14,8,25,43,79,24,51,,75,71,89,77
"Ginn, J.T.","669372","2025",61,66,56,47,64,36,23,73,23,18,71,51,75,37,,61,33,1,
"Dollander, Chase","801403","2025",10,30,19,14,7,24,6,65,17,50,20,11,28,4,,10,94,85,81
"Arias, Luarbert","678215","2025",,,,,,,,,30,,,,,,,,41,64,
"Matz, Steven","571927","2025",79,63,47,36,93,62,81,73,58,50,23,99,8,68,,79,52,38,12
"Koenig, Jared","657649","2025",94,95,92,84,91,89,91,65,34,89,73,61,28,7,,94,76,70,47
"Brown, McCade","685326","2025",,,,,,,,,50,,,,,,,,49,62,62
"Scholtens, Jesse","669947","2025",,,,,,,,,64,,,,,,,,66,29,
"Gomber, Austin","596295","2025",2,6,1,1,26,27,1,79,7,58,1,79,1,5,,2,3,10,43
"Horn, Bailey","690544","2025",,,,,,,,,77,,,,,,,,67,71,
"Quintana, Jose","500779","2025",10,11,15,21,10,15,24,65,19,40,7,32,7,32,,10,7,9,5
"Kochanowicz, Jack","686799","2025",2,4,9,25,1,24,32,1,4,1,3,9,16,32,,2,69,21,
"Blalock, Bradley","687134","2025",1,1,1,1,1,34,3,4,23,10,1,41,1,3,,1,54,10,41
"Garcia, Robert","676395","2025",61,61,52,47,66,67,58,66,47,91,71,44,75,85,,61,50,40,
"Sánchez, Cristopher","650911","2025",89,71,83,88,88,28,87,57,11,56,77,89,85,84,,89,67,16,
"Quantrill, Cal","615698","2025",2,5,2,2,11,7,2,19,23,19,9,71,13,53,,2,39,13,43
"Weathers, Ryan","677960","2025",,,,,,,,,26,,,,,,,,86,72,
"Castillo, Luis F.","622379","2025",,,,,,,,,78,,,,,,,,15,8,
"Glasnow, Tyler","607192","2025",80,89,91,86,62,55,58,78,46,73,87,7,73,1,,80,75,95,83
"King, John","667463","2025",16,3,20,58,16,89,91,38,1,25,1,79,11,70,,16,28,37,
"Gibaut, Ian","664139","2025",,,,,,,,,82,,,,,,,,45,15,
"Cleavinger, Garrett","664076","2025",83,87,89,81,76,93,85,62,68,45,96,63,97,82,,83,84,79,
"Valdez, Framber","664285","2025",61,47,69,81,51,21,76,10,7,9,55,40,59,68,,61,47,28,91
"Warren, Will","701542","2025",22,27,26,30,27,3,10,7,18,14,60,30,44,8,,22,32,95,87
"Walker, Ryan","676254","2025",58,34,67,86,33,89,91,93,39,86,49,71,20,22,,58,76,73,
"Keller, Mitch","656605","2025",28,18,26,41,36,13,60,29,10,22,30,71,15,20,,28,39,84,58
"Lawrence, Casey","596271","2025",,,,,,,,,62,,,,,,,,1,10,
"Mears, Nick","683232","2025",32,20,14,12,58,55,14,19,43,27,36,79,49,93,,32,67,49,
"Herget, Kevin","643361","2025",,,,,,,,,93,,,,,,,,18,34,
"Buttó, José","676130","2025",20,29,28,32,11,51,30,29,38,56,33,9,76,62,,20,62,64,
"Rodriguez, Bradgley","699134","2025",,,,,,,,,81,,,,,,,,96,53,
"Eisert, Brandon","685126","2025",42,52,32,24,46,48,30,84,48,77,61,44,91,81,,42,3,6,
"Wolfram, Grant","664991","2025",,,,,,,,,67,,,,,,,,76,50,29
"Allen, Logan","671106","2025",28,36,31,32,30,11,36,66,3,72,17,30,15,4,,28,7,18,
"Brubaker, JT","664141","2025",,,,,,,,,51,,,,,,,,33,41,
"Johnson, Ryan","696270","2025",,,,,,,,,89,,,,,,,,49,22,
"Roupp, Landen","694738","2025",37,34,44,53,29,32,41,73,10,82,41,25,51,54,,37,26,10,96
"Young, Danny","664849","2025",,,,,,,,,77,,,,,,,,27,72,
"Swanson, Erik","657024","2025",,,,,,,,,81,,,,,,,,27,52,
"Zuber, Tyler","676604","2025",,,,,,,,,73,,,,,,,,50,51,
"Sproat, Brandon","687075","2025",,,,,,,,,53,,,,,,,,78,2,
"Birdsong, Hayden","806185","2025",21,68,37,22,14,51,26,36,32,7,51,4,74,16,,21,69,80,83
"Stanek, Ryne","592773","2025",28,55,43,36,20,51,10,22,66,23,50,4,71,72,,28,96,68,
"Sisk, Evan","681895","2025",,,,,,,,,82,,,,,,,,5,10,
"Lawrence, Justin","664875","2025",,,,,,,,,70,,,,,,,,62,76,
"Cruz, Fernando","518585","2025",,,,,,,,,29,,,,,,,,35,23,
"Ray, Robbie","592662","2025",64,74,63,49,66,7,26,7,16,16,65,20,71,40,,64,37,71,5
"Santana, Dennis","642701","2025",72,76,46,22,86,46,16,60,34,73,47,79,66,96,,72,56,85,
"Bibee, Tanner","676440","2025",67,68,58,50,72,12,57,69,7,80,40,67,37,16,,67,49,35,68
"Leiter Jr., Mark","643410","2025",63,61,72,78,57,93,88,92,56,94,66,53,77,36,,63,39,5,12
"Whisenhunt, Carson","687931","2025",,,,,,,,,3,,,,,,,,23,44,
"Morillo, Juan","666661","2025",,,,,,,,,69,,,,,,,,98,36,
"Baz, Shane","669358","2025",57,64,61,58,54,11,28,57,21,59,67,32,54,62,,57,88,89,72
"Blanco, Ronel","669854","2025",,,,,,,,,60,,,,,,,,31,42,7
"Hendriks, Liam","521230","2025",,,,,,,,,63,,,,,,,,60,66,
"Banda, Anthony","607455","2025",67,85,77,60,40,62,43,36,40,64,50,3,65,51,,67,76,16,
"Richardson, Lyon","680689","2025",,,,,,,,,7,,,,,,,,66,62,46
"Gonsolin, Tony","664062","2025",,,,,,,,,32,,,,,,,,35,35,76
"Wrobleski, Justin","680736","2025",77,47,74,88,71,95,98,1,40,5,80,84,44,43,,77,71,54,23
"Evans, Logan","688138","2025",9,9,12,21,8,34,16,36,29,31,11,34,9,14,,9,27,5,96
"Feltner, Ryan","663372","2025",,,,,,,,,44,,,,,,,,35,79,
"Lazar, Max","676661","2025",,,,,,,,,41,,,,,,,,52,92,36
"Falter, Bailey","663559","2025",14,15,14,14,23,20,28,16,15,14,5,34,4,10,,14,18,11,1
"Saalfrank, Andrew","685314","2025",,,,,,,,,68,,,,,,,,3,57,6
"Thomas, Connor","671162","2025",,,,,,,,,72,,,,,,,,4,39,
"Faucher, Calvin","676534","2025",29,17,54,78,11,93,93,85,28,91,54,26,36,6,,29,76,80,94
"Palmquist, Carson","687223","2025",,,,,,,,,60,,,,,,,,7,19,
"Wilson, Bryse","669060","2025",1,1,1,1,1,48,10,5,18,13,1,40,3,59,,1,19,19,29
"Teng, Kai-Wei","678906","2025",,,,,,,,,73,,,,,,,,29,92,72
"Blubaugh, AJ","805123","2025",,,,,,,,,44,,,,,,,,54,73,
"Megill, Trevor","656730","2025",,,,,,,,,39,,,,,,,,98,90,85
"Jarvis, Bryce","686826","2025",,,,,,,,,3,,,,,,,,41,10,
"Wicks, Jordan","696136","2025",,,,,,,,,65,,,,,,,,47,54,
"Chivilli, Angel","683409","2025",7,11,9,11,7,46,21,36,18,27,5,41,80,65,,7,88,56,
"Seabold, Connor","657756","2025",,,,,,,,,76,,,,,,,,21,22,
"Thielbar, Caleb","573204","2025",98,92,91,85,98,85,78,82,25,97,73,85,62,88,,98,26,63,58
"Zerpa, Angel","672582","2025",47,38,47,55,50,59,50,44,54,26,38,48,2,30,,47,84,6,
"Strickland, Hunter","519326","2025",,,,,,,,,62,,,,,,,,33,35,
"Boushley, Caleb","676961","2025",,,,,,,,,40,,,,,,,,18,54,34
"Warren, Austin","681810","2025",,,,,,,,,83,,,,,,,,45,53,
"Ober, Bailey","641927","2025",30,32,12,8,73,3,10,42,4,62,24,93,41,94,,30,6,46,3
"Murray, Jayden","681151","2025",,,,,,,,,76,,,,,,,,78,84,
"Gordon, Colton","676467","2025",22,14,11,13,52,26,6,57,26,49,23,93,3,39,,22,11,7,57
"Gray, Jon","592351","2025",,,,,,,,,12,,,,,,,,59,4,
"Kranick, Max","668820","2025",,,,,,,,,20,,,,,,,,69,47,34
"King, Bryan","687911","2025",88,74,76,72,92,81,86,73,75,83,70,99,43,60,,88,15,12,
"Blackburn, Paul","621112","2025",,,,,,,,,43,,,,,,,,23,3,63
"Stewart, Brock","592779","2025",,,,,,,,,25,,,,,,,,80,97,
"Pop, Zach","647315","2025",,,,,,,,,1,,,,,,,,83,28,
"Alvarado, Elvis","665660","2025",,,,,,,,,48,,,,,,,,97,89,
"Turnbull, Spencer","605513","2025",,,,,,,,,80,,,,,,,,10,88,
"Aldegheri, Sam","691951","2025",,,,,,,,,76,,,,,,,,13,70,
"Morejon, Adrian","670970","2025",97,74,95,99,91,93,97,98,51,99,64,85,37,88,,97,94,84,
"Vest, Will","676684","2025",91,80,94,96,84,93,95,62,23,43,78,55,61,70,,91,84,33,
"Basso, Brady","669620","2025",,,,,,,,,76,,,,,,,,24,63,
"Devenski, Chris","606965","2025",,,,,,,,,78,,,,,,,,21,73,
"Kimbrel, Craig","518886","2025",,,,,,,,,83,,,,,,,,35,52,
"Criswell, Cooper","681867","2025",,,,,,,,,65,,,,,,,,3,8,
"Hart, Kyle","606996","2025",,,,,,,,,48,,,,,,,,12,20,
"Gómez, Yoendrys","672782","2025",10,32,10,6,18,41,3,45,4,73,37,20,38,27,,10,37,82,48
"Cabrera, Edward","665795","2025",49,52,57,60,46,27,45,22,4,8,74,43,78,74,,49,87,60,61
"Yates, Kirby","489446","2025",,,,,,,,,29,,,,,,,,26,64,
"Graceffo, Gordon","700669","2025",,,,,,,,,14,,,,,,,,72,8,65
"Booser, Cam","592155","2025",,,,,,,,,61,,,,,,,,69,15,
"Gaddis, Hunter","683769","2025",64,66,59,51,72,55,28,29,23,62,78,55,92,91,,64,56,55,
"Molina, Anthony","683627","2025",,,,,,,,,7,,,,,,,,71,17,8
"Shugart, Chase","663767","2025",,,,,,,,,36,,,,,,,,59,10,
"Barnett, Mason","686930","2025",,,,,,,,,26,,,,,,,,49,45,85
"Springs, Jeffrey","605488","2025",38,36,28,27,54,13,53,75,11,75,27,59,55,48,,38,8,21,
"Backhus, Kyle","679775","2025",,,,,,,,,74,,,,,,,,9,43,
"Bachman, Sam","696147","2025",,,,,,,,,52,,,,,,,,89,60,
"Winckowski, Josh","670174","2025",,,,,,,,,60,,,,,,,,56,18,
"Verlander, Justin","434378","2025",35,27,32,41,42,18,53,66,44,78,36,51,48,43,,35,43,86,76
"Barnes, Jacob","606930","2025",,,,,,,,,69,,,,,,,,46,78,
"Henry, Cole","669371","2025",27,82,70,55,5,81,62,62,54,78,43,2,52,1,,27,52,93,59
"Povich, Cade","700249","2025",6,11,4,5,15,20,9,5,44,7,61,36,42,28,,6,18,58,51
"Fitts, Richard","690916","2025",,,,,,,,,44,,,,,,,,72,81,39
"Tate, Dillon","622253","2025",,,,,,,,,89,,,,,,,,16,1,
"Ramírez, Yohan","670990","2025",,,,,,,,,56,,,,,,,,83,64,32
"Montero, Keider","672456","2025",18,20,18,21,30,41,53,54,40,59,20,48,11,47,,18,41,31,91
"Maton, Phil","664208","2025",92,95,99,99,70,99,98,99,63,99,95,22,98,79,,92,3,66,99
"Carrasco, Carlos","471911","2025",6,4,10,24,7,55,14,11,64,27,7,48,26,10,,6,9,11,49
"Assad, Javier","665871","2025",,,,,,,,,56,,,,,,,,19,1,
"Sasaki, Roki","808963","2025",,,,,,,,,32,,,,,,,,79,8,
"Cortes, Nestor","641482","2025",,,,,,,,,12,,,,,,,,5,38,
"Harris, Hogan","663687","2025",58,52,78,91,20,85,88,80,46,96,57,7,29,7,,58,35,55,60
"Leahy, Kyle","681517","2025",29,15,37,62,30,36,23,54,11,20,45,55,30,50,,29,67,68,24
"Bido, Osvaldo","674370","2025",6,26,6,2,14,30,4,19,15,46,21,22,49,27,,6,54,82,
"Gray, Sonny","543243","2025",52,30,35,41,74,5,23,60,18,48,79,93,68,81,,52,16,88,53
"Banks, Tanner","621383","2025",59,27,34,41,78,62,60,84,41,79,51,97,22,30,,59,22,15,
"Lucchesi, Joey","664192","2025",,,,,,,,,36,,,,,,,,23,47,4
"McDermott, Chayce","694646","2025",,,,,,,,,70,,,,,,,,35,24,
"Sabrowski, Erik","681870","2025",,,,,,,,,69,,,,,,,,43,99,70
"Brogdon, Connor","641401","2025",,,,,,,,,38,,,,,,,,69,51,
"Woodford, Jake","663765","2025",,,,,,,,,70,,,,,,,,31,9,
"Anderson, Shaun","641312","2025",,,,,,,,,72,,,,,,,,21,91,
"Hendricks, Kyle","543294","2025",49,38,40,47,64,11,50,97,39,91,9,82,6,84,,49,1,4,83
"Salazar, Eduardo","674285","2025",,,,,,,,,63,,,,,,,,56,7,
"Nelson, Ryne","669194","2025",52,41,41,46,66,26,62,4,12,12,40,74,20,41,,52,72,45,49
"Sands, Cole","663485","2025",55,56,50,45,68,45,21,45,30,43,41,76,24,40,,55,59,63,91
"Schultz, Paxton","687606","2025",,,,,,,,,48,,,,,,,,41,41,
"Tonkin, Michael","543859","2025",,,,,,,,,53,,,,,,,,20,69,
"Civale, Aaron","650644","2025",40,58,28,20,58,30,23,69,32,62,32,59,22,25,,40,19,68,98
"Stratton, Hunter","676702","2025",,,,,,,,,77,,,,,,,,78,93,
"Taylor, Troy","700187","2025",,,,,,,,,87,,,,,,,,82,71,
"Whitlock, Garrett","676477","2025",92,89,94,92,84,62,44,69,1,82,93,44,93,97,,92,75,26,
"Moll, Sam","594580","2025",,,,,,,,,66,,,,,,,,15,93,
"Bummer, Aaron","607481","2025",37,14,64,93,5,99,99,38,7,62,43,59,28,60,,37,9,23,20
"Ohtani, Shohei","660271","2025",,,,,,,,,21,,,,,,,,95,83,65
"Bassitt, Chris","605135","2025",38,27,44,59,38,12,47,85,4,80,49,67,32,14,,38,12,12,10
"Lodolo, Nick","666157","2025",72,68,59,49,84,21,53,62,12,50,62,95,68,91,,72,41,52,50
"McCullers Jr., Lance","621121","2025",8,43,28,24,1,48,7,16,56,1,47,1,50,1,,8,12,38,94
"Pagán, Emilio","641941","2025",91,99,81,39,97,62,36,60,63,78,89,46,78,90,,91,75,99,
"Payamps, Joel","606303","2025",,,,,,,,,41,,,,,,,,56,85,
"Guerrero, Luis","692285","2025",,,,,,,,,35,,,,,,,,84,25,
"Thompson, Mason","666168","2025",,,,,,,,,39,,,,,,,,60,26,
"Gilbert, Logan","669302","2025",87,86,71,49,95,33,45,10,36,40,94,86,93,76,,87,67,13,5
"Ferrer, Jose A.","678606","2025",69,27,76,95,54,81,93,54,38,35,45,95,48,51,,69,94,13,
"Reynolds, Sean","669308","2025",,,,,,,,,60,,,,,,,,78,87,
"Rodriguez, Eduardo","593958","2025",25,22,25,36,29,15,52,78,25,87,34,38,29,60,,25,15,55,18
"Ortiz, Luis","682847","2025",17,38,21,17,20,36,18,2,16,5,70,11,76,12,,17,79,49,
"Wheeler, Zack","554430","2025",98,97,94,82,99,36,67,91,21,92,96,89,90,81,,98,76,84,82
"Anderson, Ian","666120","2025",,,,,,,,,7,,,,,,,,39,2,
"Hodge, Porter","687863","2025",,,,,,,,,82,,,,,,,,78,74,
"Bieber, Shane","669456","2025",,,,,,,,,40,,,,,,,,23,83,44
"Matthews, Zebby","805673","2025",18,15,19,25,42,39,21,50,26,64,68,71,68,74,,18,80,65,26
"Cecconi, Slade","677944","2025",13,11,6,6,43,5,3,2,17,1,30,85,26,2,,13,47,73,22
"Pérez, Eury","691587","2025",83,89,73,49,88,43,39,16,17,8,81,43,74,48,,83,94,100,84
"King, Michael","650633","2025",34,58,26,17,52,41,7,84,32,68,66,41,54,36,,34,29,62,
"Milner, Hoby","571948","2025",61,58,49,39,69,48,39,73,10,79,28,65,1,10,,61,1,3,
"Abreu, Bryan","650556","2025",75,82,87,84,58,72,50,14,38,12,98,16,99,70,,75,90,57,
"Ross, Joe","605452","2025",1,3,2,4,5,46,3,47,56,24,12,51,26,23,,1,50,27,
"Uceta, Edwin","670955","2025",55,76,54,30,58,55,32,66,25,80,94,41,96,93,,55,45,81,
"Garcia, Brandyn","805299","2025",,,,,,,,,72,,,,,,,,87,38,
"Cano, Yennier","666974","2025",67,61,80,90,43,93,93,79,72,86,38,22,34,60,,67,63,8,
"Enright, Nic","663671","2025",,,,,,,,,60,,,,,,,,31,94,
"Kowar, Jackson","663804","2025",,,,,,,,,58,,,,,,,,90,21,
"Ryan, Joe","657746","2025",74,82,51,21,89,3,6,26,11,37,84,87,57,14,,74,37,44,82
"Sims, Lucas","608371","2025",,,,,,,,,65,,,,,,,,60,94,
"Festa, David","701581","2025",13,41,9,3,34,51,4,19,28,50,54,43,67,68,,13,46,76,
"Kelly, Zack","677161","2025",,,,,,,,,82,,,,,,,,79,17,
"Strowd, Kade","669704","2025",,,,,,,,,52,,,,,,,,78,54,92
"Romero, JoJo","668941","2025",75,77,85,86,43,76,69,91,21,88,43,8,63,9,,75,41,26,
"Pepiot, Ryan","686752","2025",52,70,54,38,61,12,24,29,8,32,65,32,55,51,,52,64,82,92
"Moreta, Dauri","664294","2025",,,,,,,,,89,,,,,,,,54,59,
"Mlodzinski, Carmen","669387","2025",40,18,47,69,42,51,83,26,23,53,39,76,29,41,,40,78,15,61
"Canning, Griffin","656288","2025",20,29,26,28,22,45,30,5,22,11,41,16,52,30,,20,46,17,40
"McFarland, T.J.","519008","2025",,,,,,,,,60,,,,,,,,1,1,
"Bachar, Lake","669199","2025",28,64,20,7,43,46,14,22,52,43,71,19,84,78,,28,59,100,
"Suárez, Albert","544150","2025",,,,,,,,,85,,,,,,,,41,77,
"Sandlin, Nick","680704","2025",,,,,,,,,53,,,,,,,,12,62,
"O'Brien, Riley","676617","2025",,,,,,,,,76,,,,,,,,95,24,29
"Marinaccio, Ron","676760","2025",,,,,,,,,68,,,,,,,,47,53,
"Mantiply, Joe","573009","2025",,,,,,,,,56,,,,,,,,2,30,37
"Agnos, Zach","688642","2025",,,,,,,,,52,,,,,,,,75,72,
"Nikhazy, Doug","680951","2025",,,,,,,,,70,,,,,,,,5,3,
"Chavez, Jesse","445926","2025",,,,,,,,,52,,,,,,,,3,3,
"Rodríguez, Yariel","684320","2025",38,66,59,51,18,51,30,95,74,83,46,8,68,32,,38,72,87,
"Sale, Chris","519242","2025",92,86,92,91,89,48,81,92,4,86,95,79,83,88,,92,59,40,
"Clarke, Taylor","664199","2025",64,51,32,24,86,76,58,47,32,47,41,97,32,57,,64,59,61,
"Schwellenbach, Spencer","680885","2025",69,27,50,65,79,41,62,62,39,43,68,99,73,95,,69,86,50,13
"McLean, Nolan","690997","2025",,,,,,,,,40,,,,,,,,63,31,100
"Adams, Travis","701519","2025",,,,,,,,,15,,,,,,,,54,71,
"Núñez, Eduarniel","674384","2025",,,,,,,,,94,,,,,,,,95,99,
"Kopech, Michael","656629","2025",,,,,,,,,91,,,,,,,,92,99,
"Greene, Hunter","668881","2025",86,88,65,34,96,36,26,19,11,15,93,82,90,89,,86,99,87,
"Pivetta, Nick","601713","2025",49,64,30,14,79,3,10,22,9,15,78,69,44,45,,49,39,61,79
"Estrada, Lazaro","681751","2025",,,,,,,,,76,,,,,,,,39,34,
"Hall, DL","669084","2025",,,,,,,,,64,,,,,,,,49,30,67
"Lee, Chase","695445","2025",,,,,,,,,23,,,,,,,,2,85,
"Ogasawara, Shinnosuke","829272","2025",,,,,,,,,64,,,,,,,,10,28,74
"Skenes, Paul","694973","2025",97,90,92,89,97,34,86,87,7,53,89,87,83,78,,97,95,42,26
"Yesavage, Trey","702056","2025",,,,,,,,,22,,,,,,,,56,49,
"Miller, Bryce","682243","2025",8,7,10,19,9,35,32,1,4,2,22,36,42,20,,8,56,92,18
"Pallante, Andre","669467","2025",32,20,41,62,24,24,79,50,1,55,4,36,25,17,,32,54,48,80
"Mederos, Victor","682989","2025",,,,,,,,,91,,,,,,,,54,74,
"Rodríguez, Randy","678495","2025",,,,,,,,,28,,,,,,,,91,99,
"Bazardo, Eduard","660825","2025",78,84,73,55,82,48,30,69,19,77,76,38,9,3,,78,66,29,
"Hancock, Emerson","676106","2025",5,2,9,24,3,43,61,57,41,32,9,46,14,25,,5,59,77,
"Henderson, Logan","701656","2025",,,,,,,,,1,,,,,,,,27,66,
"Vodnik, Victor","680767","2025",38,60,51,46,25,76,45,7,36,2,51,5,59,2,,38,97,59,
"Mazur, Adam","800049","2025",,,,,,,,,75,,,,,,,,54,66,41
"Lovelady, Richard","663992","2025",,,,,,,,,71,,,,,,,,12,48,
"Hill, Tim","657612","2025",75,46,59,66,79,55,58,33,19,14,2,85,2,96,,75,2,7,
"Gibson, Cade","806188","2025",52,38,78,94,14,89,88,82,50,72,21,30,25,37,,52,14,41,93
"Hernández, Carlos","672578","2025",5,9,10,16,3,59,7,38,17,64,24,13,59,34,,5,94,82,25
"Doval, Camilo","666808","2025",64,74,88,91,26,85,83,66,55,50,74,3,74,65,,64,85,84,
"Anderson, Nick","623433","2025",,,,,,,,,85,,,,,,,,64,53,2
"Jax, Griffin","643377","2025",81,66,75,77,76,62,32,50,58,20,98,63,98,99,,81,86,90,
"González, Wikelman","682790","2025",,,,,,,,,88,,,,,,,,63,82,
"Schmidt, Clarke","657376","2025",87,93,83,64,86,67,78,79,39,86,54,25,59,28,,87,33,98,97
"Patrick, Chad","694477","2025",55,51,53,53,58,34,53,45,2,35,71,48,34,57,,55,46,43,
"Sanders, Cam","676742","2025",,,,,,,,,76,,,,,,,,72,96,
"Winn, Cole","668390","2025",,,,,,,,,55,,,,,,,,75,78,
"Jansen, Kenley","445276","2025",62,81,28,9,84,67,41,3,1,17,63,46,54,51,,62,31,66,
"Abel, Mick","690953","2025",,,,,,,,,65,,,,,,,,80,95,69
"Manaea, Sean","640455","2025",49,49,35,27,70,62,41,36,12,31,86,96,62,79,,49,14,6,
"Eovaldi, Nathan","543135","2025",88,76,72,65,94,36,64,66,48,66,75,98,70,68,,88,45,30,1
"Rutledge, Jackson","671131","2025",16,23,17,16,26,41,23,7,56,1,28,59,51,40,,16,67,57,
"Hanifee, Brenan","669724","2025",45,10,39,69,46,67,74,16,8,17,4,91,1,6,,45,67,7,
"De los Santos, Yerry","660787","2025",,,,,,,,,25,,,,,,,,69,17,
"Martin, Corbin","656686","2025",,,,,,,,,77,,,,,,,,76,91,50
"Fluharty, Mason","689254","2025",82,86,82,68,62,85,62,95,12,95,75,10,91,43,,82,,,
"Guenther, Sean","674944","2025",,,,,,,,,52,,,,,,,,5,6,
"Ashcraft, Graham","668933","2025",72,44,86,98,51,93,96,99,35,97,49,36,82,100,,72,,,
"Contreras, Luis","664351","2025",,,,,,,,,73,,,,,,,,10,96,
"Ferguson, Tyler","621053","2025",62,83,86,78,23,85,79,89,38,97,45,1,55,45,,62,54,44,
"Mejia, Juan","675848","2025",89,92,97,96,70,93,92,99,6,89,76,22,85,76,,89,85,98,
"Crismatt, Nabil","622503","2025",,,,,,,,,72,,,,,,,,2,18,10
"Yamamoto, Yoshinobu","808967","2025",95,93,96,94,89,39,87,75,3,57,89,38,76,67,,95,66,28,77
"Jobe, Jackson","695549","2025",14,44,23,17,10,72,44,54,46,25,17,4,47,22,,14,79,78,90
"Scott, Tayler","605463","2025",,,,,,,,,26,,,,,,,,15,8,
"Herrin, Tim","682120","2025",,,,,,,,,78,,,,,,,,47,69,23
"Williams, Trevor","592866","2025",27,7,25,57,36,39,49,33,7,48,13,89,11,28,,27,1,22,
"Hollowell, Gavin","668970","2025",,,,,,,,,82,,,,,,,,56,100,
"Walter, Brandon","687888","2025",81,52,53,53,94,81,67,96,45,64,64,100,44,94,,81,14,17,
"López, Pablo","641154","2025",47,36,45,52,57,72,83,65,5,86,56,76,55,87,,47,50,17,56
"Bruihl, Justin","677865","2025",,,,,,,,,54,,,,,,,,5,22,
"Houck, Tanner","656557","2025",1,2,6,14,1,76,53,7,43,9,6,41,20,57,,1,52,37,
"Peralta, Freddy","642547","2025",72,85,71,51,75,14,32,80,1,90,84,30,83,48,,72,59,87,16
"Flaherty, Jack","656427","2025",47,58,40,30,57,11,18,38,22,22,82,36,66,59,,47,26,41,21
"Kershaw, Clayton","477132","2025",58,32,62,78,52,67,96,38,36,36,18,59,43,12,,58,2,57,8
"Peralta, Luis","678821","2025",,,,,,,,,35,,,,,,,,54,34,14
"Montas, Frankie","593423","2025",,,,,,,,,44,,,,,,,,67,57,
"Francis, Bowden","670102","2025",2,5,5,7,2,36,2,3,32,1,22,26,32,5,,2,21,39,6
"Brebbia, John","605154","2025",,,,,,,,,26,,,,,,,,23,36,
"Trivino, Lou","642152","2025",12,29,20,17,10,67,26,93,30,98,17,36,50,9,,12,62,6,
"Miller, Erik","669062","2025",,,,,,,,,68,,,,,,,,89,60,
"Festa, Matt","670036","2025",72,63,84,92,60,89,83,91,86,92,67,74,66,45,,72,20,92,
"Cruz, Steven","674444","2025",,,,,,,,,21,,,,,,,,96,35,
"Chafin, Andrew","605177","2025",,,,,,,,,70,,,,,,,,4,7,
"Wilson, Justin","458677","2025",64,52,70,79,40,89,72,50,56,83,82,20,91,74,,64,52,40,
"Kinley, Tyler","641755","2025",75,79,80,78,54,67,72,93,35,100,58,14,89,81,,75,63,76,75
"Poulin, PJ","676571","2025",,,,,,,,,85,,,,,,,,8,22,
"Curvelo, Luis","681168","2025",,,,,,,,,67,,,,,,,,78,75,
"Morton, Charlie","450203","2025",18,36,40,47,7,21,45,5,9,23,51,11,72,35,,18,46,50,98
"Curtiss, John","595928","2025",,,,,,,,,74,,,,,,,,49,67,
"Poche, Colin","621363","2025",,,,,,,,,66,,,,,,,,19,34,
"Ginkel, Kevin","656464","2025",,,,,,,,,6,,,,,,,,60,81,
"Cox, Austin","680735","2025",,,,,,,,,55,,,,,,,,24,14,37
"Alcala, Jorge","660896","2025",24,55,25,16,26,51,10,62,40,71,58,7,53,34,,24,89,85,56
"Loáisiga, Jonathan","642528","2025",,,,,,,,,8,,,,,,,,86,41,55
"Cabrera, Génesis","650893","2025",,,,,,,,,43,,,,,,,,69,56,19
"Sears, JP","676664","2025",35,44,18,11,69,15,30,50,29,59,30,82,20,14,,35,15,4,17
"Yarbrough, Ryan","642232","2025",37,26,31,39,50,72,74,97,22,92,36,65,59,11,,37,1,1,