"name_fielder","fielder_id","fld_name_display_club","season","position","pa","avg_norm_start_distance","avg_norm_start_angle"
"Urshela, Gio",570482,"Athletics",2025,"1B","62","111","35"
"Urshela, Gio",570482,"Athletics",2025,"3B","1821","120","-31"
"Andujar, Miguel",609280,"Athletics",2025,"RF","105","295","29"
"Andujar, Miguel",609280,"Athletics",2025,"LF","887","297","-27"
"Andujar, Miguel",609280,"Athletics",2025,"3B","1043","119","-31"
"Urías, Luis",649966,"Athletics",2025,"3B","201","121","-31"
"Urías, Luis",649966,"Athletics",2025,"2B","3078","148","13"
"Brown, Seth",664913,"Athletics",2025,"RF","55","296","29"
"Brown, Seth",664913,"Athletics",2025,"CF","226","320","1"
"Brown, Seth",664913,"Athletics",2025,"LF","263","295","-28"
"Cortes, Carlos",666126,"Athletics",2025,"RF","563","296","29"
"Cortes, Carlos",666126,"Athletics",2025,"LF","236","296","-28"
"Rooker, Brent",667670,"Athletics",2025,"LF","221","300","-28"
"Rooker, Brent",667670,"Athletics",2025,"RF","705","300","29"
"Bleday, JJ",668709,"Athletics",2025,"RF","719","296","28"
"Bleday, JJ",668709,"Athletics",2025,"LF","412","297","-28"
"Bleday, JJ",668709,"Athletics",2025,"CF","1968","321","0"
"Davidson, Logan",669722,"Athletics",2025,"2B","48","147","12"
"Davidson, Logan",669722,"Athletics",2025,"3B","95","119","-32"
"Davidson, Logan",669722,"Athletics",2025,"1B","118","109","35"
"Butler, Lawrence",671732,"Athletics",2025,"CF","1867","325","1"
"Butler, Lawrence",671732,"Athletics",2025,"RF","3446","294","29"
"Clarke, Denzel",672016,"Athletics",2025,"CF","1651","320","0"
"Schuemann, Max",680474,"Athletics",2025,"3B","522","123","-34"
"Schuemann, Max",680474,"Athletics",2025,"CF","46","317","0"
"Schuemann, Max",680474,"Athletics",2025,"LF","174","293","-28"
"Schuemann, Max",680474,"Athletics",2025,"SS","561","148","-13"
"Schuemann, Max",680474,"Athletics",2025,"2B","847","148","13"
"Alexander, CJ",680769,"Athletics",2025,"1B","76","114","35"
"Alexander, CJ",680769,"Athletics",2025,"3B","78","119","-32"
"Alexander, CJ",680769,"Athletics",2025,"RF","20","299","29"
"Alexander, CJ",680769,"Athletics",2025,"LF","17","303","-28"
"Gelof, Zack",680869,"Athletics",2025,"2B","988","147","13"
"Avans, Drew",682183,"Athletics",2025,"CF","32","310","1"
"Avans, Drew",682183,"Athletics",2025,"LF","139","294","-28"
"Hernaiz, Darell",687231,"Athletics",2025,"SS","817","147","-12"
"Hernaiz, Darell",687231,"Athletics",2025,"2B","419","146","14"
"Hernaiz, Darell",687231,"Athletics",2025,"3B","610","121","-32"
"Thomas, Colby",687515,"Athletics",2025,"LF","160","295","-28"
"Thomas, Colby",687515,"Athletics",2025,"RF","576","294","28"
"Thomas, Colby",687515,"Athletics",2025,"CF","413","321","0"
"Soderstrom, Tyler",691016,"Athletics",2025,"LF","3694","301","-28"
"Soderstrom, Tyler",691016,"Athletics",2025,"1B","1761","113","35"
"Muncy, Max",691777,"Athletics",2025,"SS","245","149","-10"
"Muncy, Max",691777,"Athletics",2025,"3B","1051","124","-32"
"Muncy, Max",691777,"Athletics",2025,"2B","823","146","12"
"Harris, Brett",695391,"Athletics",2025,"3B","778","120","-32"
"Harris, Brett",695391,"Athletics",2025,"1B","76","110","34"
"Kurtz, Nick",701762,"Athletics",2025,"1B","4106","110","35"
"Wilson, Jacob",805779,"Athletics",2025,"SS","4580","146","-12"
"Rosario, Eddie",592696,"Braves",2025,"RF","28","291","28"
"Profar, Jurickson",595777,"Braves",2025,"LF","3022","301","-26"
"Arcia, Orlando",606115,"Braves",2025,"SS","335","147","-12"
"Olson, Matt",621566,"Braves",2025,"1B","6042","112","34"
"Fraley, Jake",641584,"Braves",2025,"RF","141","297","27"
"Fraley, Jake",641584,"Braves",2025,"LF","42","301","-26"
"White, Eli",642201,"Braves",2025,"LF","774","298","-26"
"White, Eli",642201,"Braves",2025,"1B","42","118","35"
"White, Eli",642201,"Braves",2025,"RF","1448","295","27"
"White, Eli",642201,"Braves",2025,"CF","128","322","1"
"Albies, Ozzie",645277,"Braves",2025,"2B","5868","148","11"
"De La Cruz, Bryan",650559,"Braves",2025,"LF","378","294","-26"
"Fairchild, Stuart",656413,"Braves",2025,"RF","317","296","26"
"Fairchild, Stuart",656413,"Braves",2025,"LF","74","297","-25"
"Fairchild, Stuart",656413,"Braves",2025,"CF","38","324","0"
"Verdugo, Alex",657077,"Braves",2025,"LF","1782","294","-26"
"Bruján, Vidal",660644,"Braves",2025,"RF","110","297","26"
"Bruján, Vidal",660644,"Braves",2025,"3B","98","121","-34"
"Bruján, Vidal",660644,"Braves",2025,"SS","184","146","-13"
"Acuña Jr., Ronald",660670,"Braves",2025,"RF","3338","297","27"
"Riley, Austin",663586,"Braves",2025,"3B","3725","121","-32"
"Williams, Luke",663897,"Braves",2025,"SS","265","146","-13"
"Williams, Luke",663897,"Braves",2025,"3B","97","120","-33"
"Allen, Nick",669397,"Braves",2025,"SS","4410","148","-13"
"Allen, Nick",669397,"Braves",2025,"2B","104","151","8"
"Harris II, Michael",671739,"Braves",2025,"CF","5918","321","0"
"Kelenic, Jarred",672284,"Braves",2025,"RF","694","293","27"
"Kelenic, Jarred",672284,"Braves",2025,"LF","12","294","-27"
"Kim, Ha-Seong",673490,"Braves",2025,"SS","880","148","-14"
"Ornelas, Jonathan",680716,"Braves",2025,"3B","33","117","-31"
"Ornelas, Jonathan",680716,"Braves",2025,"SS","10","150","-15"
"Wisely, Brett",689172,"Braves",2025,"2B","112","149","10"
"Alvarez Jr., Nacho",805373,"Braves",2025,"3B","2131","117","-32"
"Vargas, Ildemaro",545121,"D-backs",2025,"2B","436","146","14"
"Vargas, Ildemaro",545121,"D-backs",2025,"3B","132","120","-32"
"Vargas, Ildemaro",545121,"D-backs",2025,"SS","15","147","-13"
"Vargas, Ildemaro",545121,"D-backs",2025,"1B","339","110","36"
"Grichuk, Randal",545341,"D-backs",2025,"RF","614","295","27"
"Grichuk, Randal",545341,"D-backs",2025,"LF","71","295","-28"
"Suárez, Eugenio",553993,"D-backs",2025,"3B","3766","120","-30"
"Marte, Ketel",606466,"D-backs",2025,"2B","3736","148","12"
"Hampson, Garrett",641658,"D-backs",2025,"SS","30","149","-14"
"Hampson, Garrett",641658,"D-backs",2025,"3B","32","124","-32"
"Hampson, Garrett",641658,"D-backs",2025,"2B","312","148","12"
"Hampson, Garrett",641658,"D-backs",2025,"CF","58","319","0"
"Naylor, Josh",647304,"D-backs",2025,"1B","2716","110","33"
"Smith, Pavin",656976,"D-backs",2025,"1B","1230","113","36"
"English, Tristin",663536,"D-backs",2025,"1B","246","112","33"
"Kaiser, Connor",663731,"D-backs",2025,"2B","208","147","12"
"McCarthy, Jake",664983,"D-backs",2025,"LF","1249","295","-27"
"McCarthy, Jake",664983,"D-backs",2025,"CF","450","325","0"
"McCarthy, Jake",664983,"D-backs",2025,"RF","356","298","27"
"Gurriel Jr., Lourdes",666971,"D-backs",2025,"LF","4278","299","-28"
"Perdomo, Geraldo",672695,"D-backs",2025,"SS","6076","148","-12"
"Alexander, Blaze",677942,"D-backs",2025,"CF","85","313","0"
"Alexander, Blaze",677942,"D-backs",2025,"2B","489","146","13"
"Alexander, Blaze",677942,"D-backs",2025,"LF","23","298","-26"
"Alexander, Blaze",677942,"D-backs",2025,"3B","1861","118","-33"
"Thomas, Alek",677950,"D-backs",2025,"CF","4634","316","0"
"Barrosa, Jorge",678489,"D-backs",2025,"RF","114","282","26"
"Barrosa, Jorge",678489,"D-backs",2025,"LF","290","295","-27"
"Barrosa, Jorge",678489,"D-backs",2025,"CF","363","320","0"
"Locklear, Tyler",682988,"D-backs",2025,"1B","1081","106","32"
"Carroll, Corbin",682998,"D-backs",2025,"CF","125","324","1"
"Carroll, Corbin",682998,"D-backs",2025,"RF","5067","294","27"
"Lawlar, Jordan",691783,"D-backs",2025,"3B","311","121","-32"
"Lawlar, Jordan",691783,"D-backs",2025,"SS","42","146","-13"
"Lawlar, Jordan",691783,"D-backs",2025,"2B","183","147","12"
"Tawa, Tim",694374,"D-backs",2025,"3B","61","123","-33"
"Tawa, Tim",694374,"D-backs",2025,"RF","12","300","27"
"Tawa, Tim",694374,"D-backs",2025,"2B","799","149","12"
"Tawa, Tim",694374,"D-backs",2025,"LF","249","301","-28"
"Tawa, Tim",694374,"D-backs",2025,"CF","442","324","0"
"Tawa, Tim",694374,"D-backs",2025,"1B","537","112","36"
"Urías, Ramón",602104,"Orioles",2025,"3B","2532","121","-32"
"Urías, Ramón",602104,"Orioles",2025,"2B","34","147","15"
"Urías, Ramón",602104,"Orioles",2025,"1B","56","108","34"
"Machín, Vimael",605353,"Orioles",2025,"3B","120","112","-35"
"Mateo, Jorge",622761,"Orioles",2025,"2B","229","148","12"
"Mateo, Jorge",622761,"Orioles",2025,"CF","338","326","0"
"Mateo, Jorge",622761,"Orioles",2025,"SS","322","146","-12"
"Mateo, Jorge",622761,"Orioles",2025,"LF","37","299","-25"
"O'Neill, Tyler",641933,"Orioles",2025,"RF","1263","298","27"
"O'Neill, Tyler",641933,"Orioles",2025,"LF","116","305","-26"
"Allen, Greg",656185,"Orioles",2025,"CF","142","326","1"
"Allen, Greg",656185,"Orioles",2025,"LF","28","305","-25"
"Mullins, Cedric",656775,"Orioles",2025,"CF","3305","322","1"
"O'Hearn, Ryan",656811,"Orioles",2025,"LF","86","297","-27"
"O'Hearn, Ryan",656811,"Orioles",2025,"RF","565","296","28"
"O'Hearn, Ryan",656811,"Orioles",2025,"1B","1427","110","36"
"Rivera, Emmanuel",656896,"Orioles",2025,"3B","927","118","-33"
"Rivera, Emmanuel",656896,"Orioles",2025,"1B","195","112","35"
"Laureano, Ramón",657656,"Orioles",2025,"CF","28","330","0"
"Laureano, Ramón",657656,"Orioles",2025,"RF","1468","301","28"
"Laureano, Ramón",657656,"Orioles",2025,"LF","910","302","-28"
"Bruján, Vidal",660644,"Orioles",2025,"CF","10","322","0"
"Mountcastle, Ryan",663624,"Orioles",2025,"1B","1942","112","35"
"Carlson, Dylan",666185,"Orioles",2025,"RF","374","296","27"
"Carlson, Dylan",666185,"Orioles",2025,"CF","421","327","0"
"Carlson, Dylan",666185,"Orioles",2025,"LF","1653","300","-27"
"Jackson, Jeremiah",669236,"Orioles",2025,"3B","356","122","-32"
"Jackson, Jeremiah",669236,"Orioles",2025,"RF","1065","296","28"
"Johnson, Daniel",669288,"Orioles",2025,"RF","34","298","27"
"Johnson, Daniel",669288,"Orioles",2025,"CF","125","321","2"
"Johnson, Daniel",669288,"Orioles",2025,"LF","109","298","-26"
"Westburg, Jordan",676059,"Orioles",2025,"2B","582","148","12"
"Westburg, Jordan",676059,"Orioles",2025,"3B","1887","117","-34"
"Noda, Ryan",676116,"Orioles",2025,"RF","97","299","28"
"Vázquez, Luis",676679,"Orioles",2025,"SS","253","147","-13"
"Vázquez, Luis",676679,"Orioles",2025,"3B","201","117","-33"
"Vázquez, Luis",676679,"Orioles",2025,"2B","116","149","9"
"Kjerstad, Heston",677008,"Orioles",2025,"RF","695","300","27"
"Kjerstad, Heston",677008,"Orioles",2025,"LF","886","303","-27"
"Adams, Jordyn",677941,"Orioles",2025,"CF","76","319","1"
"Adams, Jordyn",677941,"Orioles",2025,"RF","16","297","27"
"Cowser, Colton",681297,"Orioles",2025,"LF","1548","300","-27"
"Cowser, Colton",681297,"Orioles",2025,"CF","1676","323","1"
"Cowser, Colton",681297,"Orioles",2025,"RF","25","297","28"
"Henderson, Gunnar",683002,"Orioles",2025,"SS","5309","147","-12"
"Beavers, Dylan",687637,"Orioles",2025,"RF","510","297","28"
"Beavers, Dylan",687637,"Orioles",2025,"LF","748","296","-26"
"Mayo, Coby",691723,"Orioles",2025,"1B","2424","111","35"
"Mayo, Coby",691723,"Orioles",2025,"3B","91","120","-34"
"Basallo, Samuel",694212,"Orioles",2025,"1B","74","110","36"
"Holliday, Jackson",702616,"Orioles",2025,"2B","5149","147","12"
"Holliday, Jackson",702616,"Orioles",2025,"SS","237","147","-13"
"Story, Trevor",596115,"Red Sox",2025,"SS","5796","146","-12"
"Bregman, Alex",608324,"Red Sox",2025,"3B","4127","116","-31"
"Refsnyder, Rob",608701,"Red Sox",2025,"LF","332","298","-27"
"Refsnyder, Rob",608701,"Red Sox",2025,"RF","753","294","29"
"Toro, Abraham",647351,"Red Sox",2025,"3B","419","114","-32"
"Toro, Abraham",647351,"Red Sox",2025,"1B","2176","108","34"
"Gonzalez, Romy",663853,"Red Sox",2025,"3B","48","125","-34"
"Gonzalez, Romy",663853,"Red Sox",2025,"2B","1232","149","12"
"Gonzalez, Romy",663853,"Red Sox",2025,"1B","1556","109","35"
"Lowe, Nathaniel",663993,"Red Sox",2025,"1B","1005","109","36"
"Hamilton, David",666152,"Red Sox",2025,"SS","293","147","-14"
"Hamilton, David",666152,"Red Sox",2025,"2B","1697","148","12"
"Casas, Triston",671213,"Red Sox",2025,"1B","996","112","33"
"Abreu, Wilyer",677800,"Red Sox",2025,"RF","3589","288","29"
"Rafaela, Ceddanne",678882,"Red Sox",2025,"2B","685","147","13"
"Rafaela, Ceddanne",678882,"Red Sox",2025,"CF","4952","321","2"
"Duran, Jarren",680776,"Red Sox",2025,"RF","14","288","31"
"Duran, Jarren",680776,"Red Sox",2025,"LF","4893","296","-27"
"Duran, Jarren",680776,"Red Sox",2025,"CF","800","323","2"
"Eaton, Nate",681987,"Red Sox",2025,"LF","57","293","-28"
"Eaton, Nate",681987,"Red Sox",2025,"3B","311","123","-31"
"Eaton, Nate",681987,"Red Sox",2025,"CF","124","325","0"
"Eaton, Nate",681987,"Red Sox",2025,"RF","387","292","29"
"Sogard, Nick",686765,"Red Sox",2025,"RF","70","294","28"
"Sogard, Nick",686765,"Red Sox",2025,"1B","383","111","34"
"Sogard, Nick",686765,"Red Sox",2025,"SS","21","148","-13"
"Sogard, Nick",686765,"Red Sox",2025,"3B","184","122","-30"
"Sogard, Nick",686765,"Red Sox",2025,"2B","276","149","12"
"Garcia, Jhostynxon",691373,"Red Sox",2025,"RF","55","293","29"
"Garcia, Jhostynxon",691373,"Red Sox",2025,"LF","42","298","-28"
"Mayer, Marcelo",691785,"Red Sox",2025,"3B","1028","121","-31"
"Mayer, Marcelo",691785,"Red Sox",2025,"SS","14","147","-12"
"Mayer, Marcelo",691785,"Red Sox",2025,"2B","243","148","11"
"Campbell, Kristian",692225,"Red Sox",2025,"CF","248","316","2"
"Campbell, Kristian",692225,"Red Sox",2025,"LF","51","295","-29"
"Campbell, Kristian",692225,"Red Sox",2025,"2B","1991","147","10"
"Anthony, Roman",701350,"Red Sox",2025,"RF","1220","288","29"
"Anthony, Roman",701350,"Red Sox",2025,"LF","616","294","-27"
"Yoshida, Masataka",807799,"Red Sox",2025,"RF","36","281","28"
"Yoshida, Masataka",807799,"Red Sox",2025,"LF","133","291","-26"
"Turner, Justin",457759,"Cubs",2025,"3B","143","119","-31"
"Turner, Justin",457759,"Cubs",2025,"1B","898","110","35"
"Santana, Carlos",467793,"Cubs",2025,"1B","104","113","33"
"Berti, Jon",542932,"Cubs",2025,"3B","802","118","-31"
"Berti, Jon",542932,"Cubs",2025,"2B","204","148","11"
"Swanson, Dansby",621020,"Cubs",2025,"SS","5685","150","-12"
"Castro, Willi",650489,"Cubs",2025,"CF","129","325","-1"
"Castro, Willi",650489,"Cubs",2025,"2B","174","149","10"
"Castro, Willi",650489,"Cubs",2025,"3B","218","119","-31"
"Castro, Willi",650489,"Cubs",2025,"RF","389","297","27"
"Castro, Willi",650489,"Cubs",2025,"LF","46","298","-28"
"Bruján, Vidal",660644,"Cubs",2025,"CF","39","324","1"
"Bruján, Vidal",660644,"Cubs",2025,"RF","30","293","26"
"Bruján, Vidal",660644,"Cubs",2025,"LF","37","295","-27"
"Bruján, Vidal",660644,"Cubs",2025,"SS","10","150","-9"
"Bruján, Vidal",660644,"Cubs",2025,"2B","56","146","13"
"Bruján, Vidal",660644,"Cubs",2025,"3B","250","121","-32"
"Hoerner, Nico",663538,"Cubs",2025,"2B","5428","150","11"
"Hoerner, Nico",663538,"Cubs",2025,"SS","170","150","-12"
"Tucker, Kyle",663656,"Cubs",2025,"RF","4177","297","27"
"Happ, Ian",664023,"Cubs",2025,"LF","5214","301","-28"
"Workman, Gage",669398,"Cubs",2025,"SS","19","147","-15"
"Workman, Gage",669398,"Cubs",2025,"3B","138","117","-32"
"Lopez, Nicky",670032,"Cubs",2025,"SS","10","149","-11"
"Lopez, Nicky",670032,"Cubs",2025,"3B","206","117","-31"
"Suzuki, Seiya",673548,"Cubs",2025,"CF","42","326","1"
"Suzuki, Seiya",673548,"Cubs",2025,"LF","517","300","-28"
"Suzuki, Seiya",673548,"Cubs",2025,"RF","1117","296","27"
"Alcántara, Kevin",682634,"Cubs",2025,"RF","16","301","28"
"Alcántara, Kevin",682634,"Cubs",2025,"CF","93","331","-1"
"Alcántara, Kevin",682634,"Cubs",2025,"LF","25","302","-29"
"Caissie, Owen",683357,"Cubs",2025,"RF","161","301","27"
"Caissie, Owen",683357,"Cubs",2025,"LF","55","305","-28"
"Busch, Michael",683737,"Cubs",2025,"1B","4877","112","34"
"Crow-Armstrong, Pete",691718,"Cubs",2025,"CF","5591","322","0"
"Ballesteros, Moisés",694208,"Cubs",2025,"1B","15","103","36"
"Shaw, Matt",807713,"Cubs",2025,"2B","29","148","12"
"Shaw, Matt",807713,"Cubs",2025,"3B","4137","119","-30"
"Candelario, Jeimer",600869,"Reds",2025,"3B","401","124","-32"
"Candelario, Jeimer",600869,"Reds",2025,"1B","276","113","33"
"Andujar, Miguel",609280,"Reds",2025,"1B","48","113","34"
"Andujar, Miguel",609280,"Reds",2025,"LF","43","297","-27"
"Fraley, Jake",641584,"Reds",2025,"RF","1693","291","27"
"Fraley, Jake",641584,"Reds",2025,"LF","148","297","-28"
"Hampson, Garrett",641658,"Reds",2025,"3B","25","122","-32"
"Hampson, Garrett",641658,"Reds",2025,"2B","29","152","9"
"Hampson, Garrett",641658,"Reds",2025,"SS","35","150","-12"
"Hampson, Garrett",641658,"Reds",2025,"CF","19","320","-1"
"Hampson, Garrett",641658,"Reds",2025,"LF","82","297","-27"
"Wynns, Austin",642851,"Reds",2025,"1B","22","111","33"
"Joe, Connor",656582,"Reds",2025,"LF","218","298","-27"
"Joe, Connor",656582,"Reds",2025,"1B","100","114","33"
"Joe, Connor",656582,"Reds",2025,"CF","16","326","-1"
"Joe, Connor",656582,"Reds",2025,"RF","347","293","28"
"Hayes, Ke'Bryan",663647,"Reds",2025,"3B","1766","118","-32"
"Lux, Gavin",666158,"Reds",2025,"LF","1606","299","-27"
"Lux, Gavin",666158,"Reds",2025,"2B","520","149","11"
"Lux, Gavin",666158,"Reds",2025,"3B","138","121","-31"
"Benson, Will",666181,"Reds",2025,"CF","370","319","1"
"Benson, Will",666181,"Reds",2025,"LF","891","294","-27"
"Benson, Will",666181,"Reds",2025,"RF","1142","292","27"
"Steer, Spencer",668715,"Reds",2025,"1B","4230","111","34"
"Steer, Spencer",668715,"Reds",2025,"LF","328","295","-28"
"Vilade, Ryan",668723,"Reds",2025,"LF","10","288","-29"
"Espinal, Santiago",669289,"Reds",2025,"1B","56","104","34"
"Espinal, Santiago",669289,"Reds",2025,"RF","161","292","28"
"Espinal, Santiago",669289,"Reds",2025,"3B","2095","123","-31"
"Espinal, Santiago",669289,"Reds",2025,"2B","531","149","10"
"Espinal, Santiago",669289,"Reds",2025,"SS","22","150","-10"
"Espinal, Santiago",669289,"Reds",2025,"LF","170","290","-27"
"Hays, Austin",669720,"Reds",2025,"LF","2160","297","-27"
"Friedl, TJ",670770,"Reds",2025,"CF","5407","323","0"
"Hurtubise, Jacob",674441,"Reds",2025,"LF","95","299","-27"
"Hinds, Rece",677956,"Reds",2025,"RF","466","292","27"
"McLain, Matt",680574,"Reds",2025,"2B","4925","148","11"
"McLain, Matt",680574,"Reds",2025,"SS","159","148","-12"
"Marte, Noelvi",682622,"Reds",2025,"RF","1831","294","28"
"Marte, Noelvi",682622,"Reds",2025,"3B","1197","121","-32"
"Marte, Noelvi",682622,"Reds",2025,"CF","40","324","1"
"De La Cruz, Elly",682829,"Reds",2025,"SS","5798","148","-11"
"Callihan, Tyler",682997,"Reds",2025,"LF","76","296","-28"
"Encarnacion-Strand, Christian",687952,"Reds",2025,"1B","952","112","34"
"Encarnacion-Strand, Christian",687952,"Reds",2025,"3B","264","122","-32"
"Dunn, Blake",694362,"Reds",2025,"RF","364","295","27"
"Dunn, Blake",694362,"Reds",2025,"LF","187","299","-28"
"Dunn, Blake",694362,"Reds",2025,"CF","162","322","0"
"Stewart, Sal",701398,"Reds",2025,"3B","128","122","-31"
"Stewart, Sal",701398,"Reds",2025,"1B","330","112","35"
"Santana, Carlos",467793,"Guardians",2025,"1B","3460","110","33"
"Ramírez, José",608070,"Guardians",2025,"3B","4791","126","-32"
"Thomas, Lane",657041,"Guardians",2025,"RF","27","299","28"
"Thomas, Lane",657041,"Guardians",2025,"CF","1234","319","2"
"Jones, Nolan",666134,"Guardians",2025,"RF","2593","295","28"
"Jones, Nolan",666134,"Guardians",2025,"CF","819","322","1"
"Jones, Nolan",666134,"Guardians",2025,"LF","314","303","-26"
"Wilson, Will",669717,"Guardians",2025,"3B","511","122","-33"
"Wilson, Will",669717,"Guardians",2025,"2B","439","150","10"
"Rodríguez, Johnathan",671286,"Guardians",2025,"LF","11","293","-27"
"Rodríguez, Johnathan",671286,"Guardians",2025,"RF","712","295","27"
"Valera, George",671655,"Guardians",2025,"RF","123","300","28"
"Arias, Gabriel",672356,"Guardians",2025,"3B","155","127","-31"
"Arias, Gabriel",672356,"Guardians",2025,"2B","768","147","11"
"Arias, Gabriel",672356,"Guardians",2025,"SS","3589","146","-15"
"Rocchio, Brayan",677587,"Guardians",2025,"SS","2221","147","-15"
"Rocchio, Brayan",677587,"Guardians",2025,"2B","1709","148","11"
"Noel, Jhonkensy",678877,"Guardians",2025,"RF","1283","297","29"
"Noel, Jhonkensy",678877,"Guardians",2025,"1B","190","110","33"
"Kwan, Steven",680757,"Guardians",2025,"LF","5552","301","-26"
"Schneemann, Daniel",682177,"Guardians",2025,"RF","247","301","28"
"Schneemann, Daniel",682177,"Guardians",2025,"CF","583","330","2"
"Schneemann, Daniel",682177,"Guardians",2025,"2B","2128","149","10"
"Schneemann, Daniel",682177,"Guardians",2025,"3B","572","122","-32"
"Schneemann, Daniel",682177,"Guardians",2025,"SS","224","148","-13"
"Schneemann, Daniel",682177,"Guardians",2025,"LF","142","308","-26"
"Martínez, Angel",682657,"Guardians",2025,"RF","49","291","28"
"Martínez, Angel",682657,"Guardians",2025,"2B","990","149","11"
"Martínez, Angel",682657,"Guardians",2025,"CF","3340","320","2"
"Brennan, Will",686823,"Guardians",2025,"RF","135","294","27"
"Halpin, Petey",690984,"Guardians",2025,"CF","48","322","0"
"Kayfus, C.J.",692216,"Guardians",2025,"RF","865","298","27"
"Kayfus, C.J.",692216,"Guardians",2025,"1B","452","110","33"
"Manzardo, Kyle",700932,"Guardians",2025,"1B","1932","112","34"
"Nola, Austin",543592,"Rockies",2025,"1B","14","106","37"
"Farmer, Kyle",571657,"Rockies",2025,"SS","364","149","-10"
"Farmer, Kyle",571657,"Rockies",2025,"3B","359","124","-32"
"Farmer, Kyle",571657,"Rockies",2025,"2B","1035","147","13"
"Farmer, Kyle",571657,"Rockies",2025,"1B","607","112","37"
"Martini, Nick",605361,"Rockies",2025,"LF","50","295","-28"
"Martini, Nick",605361,"Rockies",2025,"RF","450","293","27"
"Arcia, Orlando",606115,"Rockies",2025,"1B","348","115","36"
"Arcia, Orlando",606115,"Rockies",2025,"2B","524","147","13"
"Arcia, Orlando",606115,"Rockies",2025,"SS","418","149","-11"
"Arcia, Orlando",606115,"Rockies",2025,"3B","672","119","-32"
"McMahon, Ryan",641857,"Rockies",2025,"3B","3673","121","-31"
"Estrada, Thairo",642731,"Rockies",2025,"2B","1541","148","12"
"Bouchard, Sean",656248,"Rockies",2025,"RF","388","297","27"
"Bouchard, Sean",656248,"Rockies",2025,"1B","24","115","39"
"Bouchard, Sean",656248,"Rockies",2025,"LF","84","293","-27"
"Hilliard, Sam",656541,"Rockies",2025,"RF","93","300","27"
"Hilliard, Sam",656541,"Rockies",2025,"CF","196","322","-1"
"Hilliard, Sam",656541,"Rockies",2025,"LF","276","298","-27"
"Moniak, Mickey",666160,"Rockies",2025,"RF","2284","299","27"
"Moniak, Mickey",666160,"Rockies",2025,"LF","493","300","-28"
"Moniak, Mickey",666160,"Rockies",2025,"CF","1246","325","0"
"Schunk, Aaron",668845,"Rockies",2025,"SS","246","148","-11"
"Schunk, Aaron",668845,"Rockies",2025,"2B","95","145","18"
"Schunk, Aaron",668845,"Rockies",2025,"3B","75","122","-30"
"Hiura, Keston",669374,"Rockies",2025,"1B","236","110","35"
"Toglia, Michael",669911,"Rockies",2025,"1B","3228","115","36"
"Freeman, Tyler",671289,"Rockies",2025,"3B","11","120","-31"
"Freeman, Tyler",671289,"Rockies",2025,"2B","485","147","13"
"Freeman, Tyler",671289,"Rockies",2025,"RF","2302","297","26"
"Trejo, Alan",676701,"Rockies",2025,"SS","503","149","-10"
"Tovar, Ezequiel",678662,"Rockies",2025,"SS","3630","146","-12"
"Miller, Owen",680911,"Rockies",2025,"3B","21","126","-29"
"Miller, Owen",680911,"Rockies",2025,"2B","159","148","13"
"Bernabel, Warming",682653,"Rockies",2025,"3B","19","119","-32"
"Bernabel, Warming",682653,"Rockies",2025,"1B","1376","116","35"
"Doyle, Brenton",686668,"Rockies",2025,"CF","4887","324","-1"
"Beck, Jordan",687597,"Rockies",2025,"LF","5191","294","-28"
"Beck, Jordan",687597,"Rockies",2025,"CF","18","329","0"
"Crim, Blaine",688760,"Rockies",2025,"1B","514","111","35"
"Ritter, Ryan",690022,"Rockies",2025,"2B","1067","148","11"
"Ritter, Ryan",690022,"Rockies",2025,"SS","1186","146","-12"
"Amador, Adael",691182,"Rockies",2025,"2B","1441","147","13"
"Karros, Kyle",691720,"Rockies",2025,"3B","1517","121","-31"
"Veen, Zac",691728,"Rockies",2025,"RF","192","301","24"
"Veen, Zac",691728,"Rockies",2025,"LF","184","300","-26"
"Fernández, Yanquiel",692585,"Rockies",2025,"RF","638","298","27"
"Fernández, Yanquiel",692585,"Rockies",2025,"LF","66","300","-28"
"Taylor, Michael A.",572191,"White Sox",2025,"LF","1036","296","-26"
"Taylor, Michael A.",572191,"White Sox",2025,"RF","966","292","28"
"Taylor, Michael A.",572191,"White Sox",2025,"CF","1367","320","1"
"Slater, Austin",596103,"White Sox",2025,"LF","441","301","-26"
"Slater, Austin",596103,"White Sox",2025,"RF","575","299","28"
"Slater, Austin",596103,"White Sox",2025,"CF","11","329","1"
"Jankowski, Travis",608671,"White Sox",2025,"RF","108","292","28"
"Jankowski, Travis",608671,"White Sox",2025,"CF","49","325","1"
"Palacios, Joshua",641943,"White Sox",2025,"RF","1030","295","29"
"Palacios, Joshua",641943,"White Sox",2025,"LF","269","299","-26"
"Benintendi, Andrew",643217,"White Sox",2025,"LF","2463","297","-26"
"Tauchman, Mike",643565,"White Sox",2025,"RF","2469","295","27"
"Hill, Derek",656537,"White Sox",2025,"CF","89","322","2"
"Maton, Nick",665155,"White Sox",2025,"1B","90","109","35"
"Maton, Nick",665155,"White Sox",2025,"2B","13","149","9"
"Fletcher, Dominic",666150,"White Sox",2025,"RF","267","288","26"
"Fletcher, Dominic",666150,"White Sox",2025,"CF","86","317","0"
"Dalbec, Bobby",666915,"White Sox",2025,"3B","36","123","-33"
"Dalbec, Bobby",666915,"White Sox",2025,"SS","47","147","-13"
"Dalbec, Bobby",666915,"White Sox",2025,"1B","83","111","32"
"Julks, Corey",667452,"White Sox",2025,"LF","136","293","-26"
"Rojas, Josh",668942,"White Sox",2025,"2B","675","148","12"
"Rojas, Josh",668942,"White Sox",2025,"3B","1364","121","-28"
"Rojas, Josh",668942,"White Sox",2025,"LF","97","304","-25"
"Workman, Gage",669398,"White Sox",2025,"SS","12","131","-12"
"Workman, Gage",669398,"White Sox",2025,"3B","32","116","-32"
"Elko, Tim",671284,"White Sox",2025,"1B","666","112","34"
"Sosa, Lenyn",672820,"White Sox",2025,"2B","3196","148","12"
"Sosa, Lenyn",672820,"White Sox",2025,"3B","81","120","-32"
"Sosa, Lenyn",672820,"White Sox",2025,"1B","1331","107","36"
"Robert Jr., Luis",673357,"White Sox",2025,"CF","3730","316","1"
"Amaya, Jacob",676070,"White Sox",2025,"2B","13","149","19"
"Amaya, Jacob",676070,"White Sox",2025,"SS","891","147","-12"
"Noda, Ryan",676116,"White Sox",2025,"RF","38","301","28"
"Noda, Ryan",676116,"White Sox",2025,"1B","327","110","35"
"Vargas, Miguel",678246,"White Sox",2025,"3B","2794","121","-31"
"Vargas, Miguel",678246,"White Sox",2025,"1B","2047","109","35"
"Mead, Curtis",678554,"White Sox",2025,"3B","736","118","-31"
"Mead, Curtis",678554,"White Sox",2025,"1B","417","113","37"
"Baldwin, Brooks",681460,"White Sox",2025,"CF","751","326","1"
"Baldwin, Brooks",681460,"White Sox",2025,"2B","216","148","10"
"Baldwin, Brooks",681460,"White Sox",2025,"SS","192","147","-12"
"Baldwin, Brooks",681460,"White Sox",2025,"3B","423","117","-31"
"Baldwin, Brooks",681460,"White Sox",2025,"LF","1112","305","-26"
"Baldwin, Brooks",681460,"White Sox",2025,"RF","506","299","28"
"Capra, Vinny",681962,"White Sox",2025,"3B","118","126","-31"
"Capra, Vinny",681962,"White Sox",2025,"2B","40","145","13"
"Capra, Vinny",681962,"White Sox",2025,"SS","350","147","-12"
"Ramos, Bryan",682868,"White Sox",2025,"3B","114","114","-32"
"Vaughn, Andrew",683734,"White Sox",2025,"1B","1116","111","34"
"Robertson, Will",683770,"White Sox",2025,"RF","110","297","27"
"Robertson, Will",683770,"White Sox",2025,"LF","500","300","-26"
"Montgomery, Colson",695657,"White Sox",2025,"3B","385","114","-30"
"Montgomery, Colson",695657,"White Sox",2025,"SS","2142","144","-11"
"Meidroth, Chase",805367,"White Sox",2025,"SS","2449","147","-12"
"Meidroth, Chase",805367,"White Sox",2025,"2B","1930","146","13"
"Báez, Javier",595879,"Tigers",2025,"2B","200","145","13"
"Báez, Javier",595879,"Tigers",2025,"CF","1621","324","-1"
"Báez, Javier",595879,"Tigers",2025,"SS","1784","146","-13"
"Báez, Javier",595879,"Tigers",2025,"3B","615","111","-32"
"Margot, Manuel",622534,"Tigers",2025,"RF","163","295","25"
"Ibáñez, Andy",628451,"Tigers",2025,"3B","1294","113","-32"
"Ibáñez, Andy",628451,"Tigers",2025,"1B","74","110","34"
"Ibáñez, Andy",628451,"Tigers",2025,"2B","122","147","13"
"Torres, Gleyber",650402,"Tigers",2025,"2B","4826","149","12"
"McKinstry, Zach",656716,"Tigers",2025,"2B","135","146","13"
"McKinstry, Zach",656716,"Tigers",2025,"LF","364","296","-27"
"McKinstry, Zach",656716,"Tigers",2025,"SS","1024","148","-11"
"McKinstry, Zach",656716,"Tigers",2025,"RF","830","296","25"
"McKinstry, Zach",656716,"Tigers",2025,"3B","2460","119","-32"
"Jones, Jahmai",663330,"Tigers",2025,"RF","211","296","25"
"Jones, Jahmai",663330,"Tigers",2025,"LF","156","300","-27"
"Vierling, Matt",663837,"Tigers",2025,"3B","13","126","-31"
"Vierling, Matt",663837,"Tigers",2025,"LF","191","296","-27"
"Vierling, Matt",663837,"Tigers",2025,"CF","613","321","-1"
"Vierling, Matt",663837,"Tigers",2025,"RF","54","294","24"
"Baddoo, Akil",668731,"Tigers",2025,"RF","50","293","25"
"Baddoo, Akil",668731,"Tigers",2025,"LF","150","297","-27"
"Kreidler, Ryan",668952,"Tigers",2025,"CF","478","323","-1"
"Malloy, Justyn-Henry",669234,"Tigers",2025,"RF","319","296","26"
"Malloy, Justyn-Henry",669234,"Tigers",2025,"LF","24","300","-27"
"Pérez, Wenceel",672761,"Tigers",2025,"RF","2622","297","25"
"Pérez, Wenceel",672761,"Tigers",2025,"CF","787","324","-1"
"Pérez, Wenceel",672761,"Tigers",2025,"LF","44","298","-27"
"Hicklen, Brewer",676551,"Tigers",2025,"CF","33","317","0"
"Meadows, Parker",678009,"Tigers",2025,"CF","2007","323","-1"
"Torkelson, Spencer",679529,"Tigers",2025,"1B","5303","112","34"
"Carpenter, Kerry",681481,"Tigers",2025,"RF","1734","292","25"
"Carpenter, Kerry",681481,"Tigers",2025,"LF","766","297","-27"
"Greene, Riley",682985,"Tigers",2025,"RF","35","294","27"
"Greene, Riley",682985,"Tigers",2025,"CF","476","321","0"
"Greene, Riley",682985,"Tigers",2025,"LF","4320","297","-27"
"Jung, Jace",690291,"Tigers",2025,"3B","547","121","-32"
"Keith, Colt",690993,"Tigers",2025,"2B","730","147","11"
"Keith, Colt",690993,"Tigers",2025,"3B","1089","116","-30"
"Keith, Colt",690993,"Tigers",2025,"1B","627","110","35"
"Sweeney, Trey",700242,"Tigers",2025,"SS","3206","149","-12"
"Altuve, Jose",514888,"Astros",2025,"2B","2127","146","14"
"Altuve, Jose",514888,"Astros",2025,"LF","1514","302","-27"
"Singleton, Jon",572138,"Astros",2025,"1B","17","116","36"
"Walker, Christian",572233,"Astros",2025,"1B","5478","112","35"
"Urías, Ramón",602104,"Astros",2025,"2B","754","147","14"
"Urías, Ramón",602104,"Astros",2025,"3B","215","118","-32"
"Caratini, Victor",605170,"Astros",2025,"1B","423","107","35"
"Correa, Carlos",621043,"Astros",2025,"SS","111","149","-13"
"Correa, Carlos",621043,"Astros",2025,"3B","1769","120","-30"
"Guillorme, Luis",641645,"Astros",2025,"3B","158","119","-30"
"Guillorme, Luis",641645,"Astros",2025,"2B","86","147","11"
"Dubón, Mauricio",643289,"Astros",2025,"3B","599","122","-30"
"Dubón, Mauricio",643289,"Astros",2025,"2B","1281","146","14"
"Dubón, Mauricio",643289,"Astros",2025,"LF","755","302","-27"
"Dubón, Mauricio",643289,"Astros",2025,"SS","885","146","-12"
"Dubón, Mauricio",643289,"Astros",2025,"CF","367","326","0"
"Dubón, Mauricio",643289,"Astros",2025,"RF","74","295","27"
"Dubón, Mauricio",643289,"Astros",2025,"1B","63","110","37"
"Sánchez, Jesús",660821,"Astros",2025,"RF","639","302","26"
"Sánchez, Jesús",660821,"Astros",2025,"LF","759","300","-27"
"Rodgers, Brendan",663898,"Astros",2025,"2B","1172","148","13"
"Peña, Jeremy",665161,"Astros",2025,"SS","4397","147","-10"
"Trammell, Taylor",666211,"Astros",2025,"RF","40","301","26"
"Trammell, Taylor",666211,"Astros",2025,"LF","590","304","-28"
"Trammell, Taylor",666211,"Astros",2025,"CF","679","330","-1"
"Hummel, Cooper",669450,"Astros",2025,"LF","777","305","-27"
"Short, Zack",670097,"Astros",2025,"SS","635","149","-10"
"Alvarez, Yordan",670541,"Astros",2025,"LF","467","301","-27"
"Paredes, Isaac",670623,"Astros",2025,"3B","3172","120","-31"
"Meyers, Jake",676694,"Astros",2025,"CF","3492","322","0"
"McCormick, Chas",676801,"Astros",2025,"RF","169","300","25"
"McCormick, Chas",676801,"Astros",2025,"CF","757","324","-1"
"McCormick, Chas",676801,"Astros",2025,"LF","271","303","-26"
"Corona, Kenedy",685744,"Astros",2025,"CF","51","324","-2"
"Melton, Jacob",689200,"Astros",2025,"RF","33","303","27"
"Melton, Jacob",689200,"Astros",2025,"LF","233","309","-26"
"Melton, Jacob",689200,"Astros",2025,"CF","578","326","0"
"Whitcomb, Shay",694376,"Astros",2025,"LF","12","304","-26"
"Whitcomb, Shay",694376,"Astros",2025,"3B","109","118","-32"
"Whitcomb, Shay",694376,"Astros",2025,"2B","150","147","12"
"Matthews, Brice",694728,"Astros",2025,"2B","458","147","12"
"Dezenzo, Zach",701305,"Astros",2025,"LF","462","306","-26"
"Dezenzo, Zach",701305,"Astros",2025,"1B","47","112","36"
"Dezenzo, Zach",701305,"Astros",2025,"RF","350","306","26"
"Smith, Cam",701358,"Astros",2025,"RF","4531","301","26"
"Cole, Zach",805904,"Astros",2025,"LF","188","301","-26"
"Cole, Zach",805904,"Astros",2025,"RF","192","302","26"
"Cole, Zach",805904,"Astros",2025,"CF","104","326","0"
"Perez, Salvador",521692,"Royals",2025,"1B","1045","110","35"
"Grichuk, Randal",545341,"Royals",2025,"RF","403","287","28"
"Grichuk, Randal",545341,"Royals",2025,"LF","338","287","-28"
"Yastrzemski, Mike",573262,"Royals",2025,"LF","205","286","-29"
"Yastrzemski, Mike",573262,"Royals",2025,"RF","1047","288","28"
"Yastrzemski, Mike",573262,"Royals",2025,"CF","156","323","0"
"Canha, Mark",592192,"Royals",2025,"1B","57","108","33"
"Canha, Mark",592192,"Royals",2025,"LF","547","297","-29"
"Canha, Mark",592192,"Royals",2025,"RF","244","293","29"
"Renfroe, Hunter",592669,"Royals",2025,"RF","992","289","28"
"Biggio, Cavan",624415,"Royals",2025,"2B","44","147","10"
"Biggio, Cavan",624415,"Royals",2025,"3B","43","128","-31"
"Biggio, Cavan",624415,"Royals",2025,"LF","120","296","-29"
"Biggio, Cavan",624415,"Royals",2025,"1B","183","111","34"
"Biggio, Cavan",624415,"Royals",2025,"RF","174","290","27"
"Frazier, Adam",624428,"Royals",2025,"LF","510","287","-28"
"Frazier, Adam",624428,"Royals",2025,"RF","85","285","29"
"Frazier, Adam",624428,"Royals",2025,"2B","705","147","12"
"Frazier, Adam",624428,"Royals",2025,"3B","163","120","-31"
"India, Jonathan",663697,"Royals",2025,"2B","2504","147","12"
"India, Jonathan",663697,"Royals",2025,"LF","573","292","-28"
"India, Jonathan",663697,"Royals",2025,"3B","636","118","-33"
"Isbel, Kyle",664728,"Royals",2025,"CF","4307","319","0"
"Melendez, MJ",669004,"Royals",2025,"LF","455","287","-28"
"Melendez, MJ",669004,"Royals",2025,"RF","106","284","26"
"Rave, John",670231,"Royals",2025,"RF","642","291","28"
"Rave, John",670231,"Royals",2025,"LF","864","298","-29"
"Rave, John",670231,"Royals",2025,"CF","301","325","-1"
"Waters, Drew",671221,"Royals",2025,"CF","603","318","0"
"Waters, Drew",671221,"Royals",2025,"LF","974","290","-28"
"Waters, Drew",671221,"Royals",2025,"RF","550","283","27"
"Garcia, Maikel",672580,"Royals",2025,"2B","288","148","13"
"Garcia, Maikel",672580,"Royals",2025,"RF","32","290","25"
"Garcia, Maikel",672580,"Royals",2025,"SS","374","149","-11"
"Garcia, Maikel",672580,"Royals",2025,"CF","127","317","0"
"Garcia, Maikel",672580,"Royals",2025,"3B","4736","126","-32"
"Witt Jr., Bobby",677951,"Royals",2025,"SS","5568","149","-12"
"Loftin, Nick",679845,"Royals",2025,"1B","64","114","35"
"Loftin, Nick",679845,"Royals",2025,"LF","882","289","-29"
"Loftin, Nick",679845,"Royals",2025,"2B","369","148","12"
"Loftin, Nick",679845,"Royals",2025,"3B","360","124","-31"
"Blanco, Dairon",680118,"Royals",2025,"LF","47","289","-28"
"Blanco, Dairon",680118,"Royals",2025,"CF","62","320","-1"
"Pasquantino, Vinnie",686469,"Royals",2025,"1B","4526","112","34"
"Tolbert, Tyler",686475,"Royals",2025,"3B","41","121","-32"
"Tolbert, Tyler",686475,"Royals",2025,"CF","420","318","-1"
"Tolbert, Tyler",686475,"Royals",2025,"RF","38","291","27"
"Tolbert, Tyler",686475,"Royals",2025,"LF","116","293","-29"
"Tolbert, Tyler",686475,"Royals",2025,"2B","49","150","11"
"Tolbert, Tyler",686475,"Royals",2025,"SS","37","150","-11"
"Massey, Michael",686681,"Royals",2025,"LF","348","302","-29"
"Massey, Michael",686681,"Royals",2025,"2B","2011","149","11"
"Caglianone, Jac",695506,"Royals",2025,"1B","104","115","34"
"Caglianone, Jac",695506,"Royals",2025,"RF","1666","288","28"
"Trout, Mike",545361,"Angels",2025,"RF","822","296","27"
"Davis, J.D.",605204,"Angels",2025,"1B","66","106","33"
"Davis, J.D.",605204,"Angels",2025,"3B","34","111","-31"
"Newman, Kevin",621028,"Angels",2025,"2B","132","145","12"
"Newman, Kevin",621028,"Angels",2025,"3B","706","118","-30"
"Newman, Kevin",621028,"Angels",2025,"1B","72","108","37"
"Newman, Kevin",621028,"Angels",2025,"SS","389","147","-11"
"Taylor, Chris",621035,"Angels",2025,"2B","213","148","14"
"Taylor, Chris",621035,"Angels",2025,"3B","17","122","-32"
"Taylor, Chris",621035,"Angels",2025,"CF","137","321","1"
"Taylor, Chris",621035,"Angels",2025,"LF","155","299","-26"
"Taylor, Chris",621035,"Angels",2025,"RF","329","297","26"
"Ward, Taylor",621493,"Angels",2025,"LF","5779","300","-26"
"Soler, Jorge",624585,"Angels",2025,"RF","1337","299","26"
"Anderson, Tim",641313,"Angels",2025,"2B","569","147","12"
"Anderson, Tim",641313,"Angels",2025,"SS","418","146","-11"
"Rengifo, Luis",650859,"Angels",2025,"LF","10","312","-25"
"Rengifo, Luis",650859,"Angels",2025,"RF","63","299","28"
"Rengifo, Luis",650859,"Angels",2025,"2B","2535","144","14"
"Rengifo, Luis",650859,"Angels",2025,"3B","2442","120","-30"
"Moncada, Yoán",660162,"Angels",2025,"3B","2599","116","-31"
"Kingery, Scott",664068,"Angels",2025,"2B","223","147","13"
"Kingery, Scott",664068,"Angels",2025,"RF","14","295","27"
"Kingery, Scott",664068,"Angels",2025,"CF","38","326","0"
"Kingery, Scott",664068,"Angels",2025,"SS","54","149","-7"
"Wade Jr., LaMonte",664774,"Angels",2025,"1B","124","114","37"
"Wade Jr., LaMonte",664774,"Angels",2025,"RF","540","296","26"
"Wade Jr., LaMonte",664774,"Angels",2025,"LF","31","302","-28"
"Adell, Jo",666176,"Angels",2025,"CF","3117","324","0"
"Adell, Jo",666176,"Angels",2025,"RF","2364","297","27"
"Kieboom, Carter",666198,"Angels",2025,"1B","90","107","34"
"Teodosio, Bryce",669326,"Angels",2025,"CF","1781","324","0"
"Davidson, Logan",669722,"Angels",2025,"1B","232","111","36"
"Lopez, Nicky",670032,"Angels",2025,"3B","31","118","-33"
"Lopez, Nicky",670032,"Angels",2025,"SS","42","142","-13"
"Campero, Gustavo",672569,"Angels",2025,"RF","558","296","27"
"Campero, Gustavo",672569,"Angels",2025,"LF","50","293","-26"
"Campero, Gustavo",672569,"Angels",2025,"CF","16","330","-1"
"Peraza, Oswald",672724,"Angels",2025,"1B","480","113","39"
"Peraza, Oswald",672724,"Angels",2025,"3B","324","120","-30"
"Peraza, Oswald",672724,"Angels",2025,"SS","109","146","-13"
"Stevens, Chad",677060,"Angels",2025,"3B","57","120","-34"
"Stevens, Chad",677060,"Angels",2025,"2B","97","147","11"
"Paris, Kyren",677347,"Angels",2025,"2B","664","145","13"
"Paris, Kyren",677347,"Angels",2025,"CF","799","319","0"
"Lugo, Matthew",683090,"Angels",2025,"RF","183","296","27"
"Lugo, Matthew",683090,"Angels",2025,"LF","171","298","-26"
"Lugo, Matthew",683090,"Angels",2025,"CF","315","323","0"
"Neto, Zach",687263,"Angels",2025,"SS","4699","147","-10"
"Guzman, Denzer",694203,"Angels",2025,"SS","492","147","-12"
"Kavadas, Niko",694359,"Angels",2025,"1B","267","108","35"
"Schanuel, Nolan",694384,"Angels",2025,"1B","4879","109","37"
"Moore, Christian",695681,"Angels",2025,"2B","1777","145","13"
"Rojas, Miguel",500743,"Dodgers",2025,"2B","1873","150","10"
"Rojas, Miguel",500743,"Dodgers",2025,"3B","696","120","-32"
"Rojas, Miguel",500743,"Dodgers",2025,"SS","521","148","-13"
"Rojas, Miguel",500743,"Dodgers",2025,"1B","11","115","29"
"Freeman, Freddie",518692,"Dodgers",2025,"1B","5195","109","34"
"Hernández, Enrique",571771,"Dodgers",2025,"2B","360","148","12"
"Hernández, Enrique",571771,"Dodgers",2025,"LF","304","295","-27"
"Hernández, Enrique",571771,"Dodgers",2025,"CF","157","320","-1"
"Hernández, Enrique",571771,"Dodgers",2025,"3B","825","123","-32"
"Hernández, Enrique",571771,"Dodgers",2025,"1B","706","113","33"
"Muncy, Max",571970,"Dodgers",2025,"3B","3369","122","-32"
"Betts, Mookie",605141,"Dodgers",2025,"SS","5337","148","-14"
"Hernández, Teoscar",606192,"Dodgers",2025,"RF","4586","292","27"
"Taylor, Chris",621035,"Dodgers",2025,"CF","158","317","-1"
"Taylor, Chris",621035,"Dodgers",2025,"2B","65","150","9"
"Taylor, Chris",621035,"Dodgers",2025,"LF","179","295","-27"
"Conforto, Michael",624424,"Dodgers",2025,"LF","4242","295","-27"
"Ruiz, Esteury",665923,"Dodgers",2025,"LF","179","292","-27"
"Ruiz, Esteury",665923,"Dodgers",2025,"RF","83","288","27"
"Edman, Tommy",669242,"Dodgers",2025,"CF","757","316","0"
"Edman, Tommy",669242,"Dodgers",2025,"3B","428","120","-32"
"Edman, Tommy",669242,"Dodgers",2025,"2B","2222","149","11"
"Call, Alex",669743,"Dodgers",2025,"LF","494","295","-27"
"Call, Alex",669743,"Dodgers",2025,"RF","269","289","27"
"Kennedy, Buddy",671083,"Dodgers",2025,"3B","196","114","-34"
"Outman, James",681546,"Dodgers",2025,"RF","18","293","26"
"Outman, James",681546,"Dodgers",2025,"CF","465","319","-1"
"Pages, Andy",681624,"Dodgers",2025,"LF","645","297","-27"
"Pages, Andy",681624,"Dodgers",2025,"CF","4023","318","-1"
"Pages, Andy",681624,"Dodgers",2025,"RF","1082","293","26"
"Dean, Justin",681909,"Dodgers",2025,"CF","104","315","1"
"Rushing, Dalton",687221,"Dodgers",2025,"1B","119","116","35"
"Freeland, Alex",690976,"Dodgers",2025,"2B","375","150","10"
"Freeland, Alex",690976,"Dodgers",2025,"3B","529","123","-33"
"Kim, Hyeseong",808975,"Dodgers",2025,"CF","375","318","-1"
"Kim, Hyeseong",808975,"Dodgers",2025,"2B","1148","149","10"
"Kim, Hyeseong",808975,"Dodgers",2025,"SS","185","147","-12"
"Hill, Derek",656537,"Marlins",2025,"CF","1341","321","2"
"Sánchez, Jesús",660821,"Marlins",2025,"CF","301","322","2"
"Sánchez, Jesús",660821,"Marlins",2025,"RF","2374","292","28"
"Sánchez, Jesús",660821,"Marlins",2025,"LF","52","303","-27"
"Conine, Griffin",665052,"Marlins",2025,"LF","503","291","-27"
"Conine, Griffin",665052,"Marlins",2025,"RF","257","293","28"
"Myers, Dane",667472,"Marlins",2025,"CF","2192","320","1"
"Myers, Dane",667472,"Marlins",2025,"LF","249","297","-27"
"Myers, Dane",667472,"Marlins",2025,"RF","741","294","29"
"Stowers, Kyle",669065,"Marlins",2025,"LF","2221","303","-28"
"Stowers, Kyle",669065,"Marlins",2025,"RF","1164","295","28"
"Stowers, Kyle",669065,"Marlins",2025,"CF","235","325","0"
"Edwards, Xavier",669364,"Marlins",2025,"2B","3427","147","14"
"Edwards, Xavier",669364,"Marlins",2025,"SS","1585","147","-11"
"Mervis, Matt",670223,"Marlins",2025,"1B","881","109","35"
"Lopez, Otto",672640,"Marlins",2025,"2B","1199","145","13"
"Lopez, Otto",672640,"Marlins",2025,"SS","4022","147","-11"
"Winkler, Jack",676466,"Marlins",2025,"3B","25","118","-29"
"Winkler, Jack",676466,"Marlins",2025,"1B","11","112","34"
"Winkler, Jack",676466,"Marlins",2025,"SS","58","147","-12"
"Winkler, Jack",676466,"Marlins",2025,"2B","101","148","11"
"Wagaman, Eric",676572,"Marlins",2025,"RF","54","297","28"
"Wagaman, Eric",676572,"Marlins",2025,"3B","18","129","-29"
"Wagaman, Eric",676572,"Marlins",2025,"1B","3669","111","35"
"Wagaman, Eric",676572,"Marlins",2025,"LF","476","298","-27"
"Bride, Jonah",681146,"Marlins",2025,"3B","82","116","-31"
"Bride, Jonah",681146,"Marlins",2025,"1B","133","109","35"
"Norby, Connor",681393,"Marlins",2025,"3B","2958","120","-31"
"Hernández, Heriberto",681715,"Marlins",2025,"LF","1119","300","-27"
"Hernández, Heriberto",681715,"Marlins",2025,"RF","356","290","28"
"Simon, Ronny",682927,"Marlins",2025,"2B","261","145","14"
"Simon, Ronny",682927,"Marlins",2025,"LF","132","296","-27"
"Mesa Jr., Victor",683748,"Marlins",2025,"LF","117","309","-28"
"Mesa Jr., Victor",683748,"Marlins",2025,"CF","101","321","0"
"Mesa Jr., Victor",683748,"Marlins",2025,"RF","187","305","29"
"Wiemer, Joey",686894,"Marlins",2025,"LF","31","298","-28"
"Wiemer, Joey",686894,"Marlins",2025,"RF","616","303","28"
"Johnston, Troy",687859,"Marlins",2025,"LF","297","313","-28"
"Johnston, Troy",687859,"Marlins",2025,"1B","455","112","36"
"Johnston, Troy",687859,"Marlins",2025,"RF","294","302","30"
"Pauley, Graham",688363,"Marlins",2025,"2B","113","146","13"
"Pauley, Graham",688363,"Marlins",2025,"3B","1651","122","-30"
"Pauley, Graham",688363,"Marlins",2025,"1B","143","110","34"
"Hicks, Liam",689414,"Marlins",2025,"1B","863","110","36"
"Acosta, Maximo",691185,"Marlins",2025,"3B","346","122","-29"
"Acosta, Maximo",691185,"Marlins",2025,"SS","158","148","-12"
"Acosta, Maximo",691185,"Marlins",2025,"2B","194","146","16"
"Sanoja, Javier",691594,"Marlins",2025,"CF","316","317","2"
"Sanoja, Javier",691594,"Marlins",2025,"LF","702","300","-28"
"Sanoja, Javier",691594,"Marlins",2025,"2B","864","147","13"
"Sanoja, Javier",691594,"Marlins",2025,"3B","1079","118","-30"
"Sanoja, Javier",691594,"Marlins",2025,"SS","327","144","-11"
"Marsee, Jakob",805300,"Marlins",2025,"CF","1673","332","1"
"Marsee, Jakob",805300,"Marlins",2025,"LF","260","311","-29"
"Marsee, Jakob",805300,"Marlins",2025,"RF","116","300","29"
"Yelich, Christian",592885,"Brewers",2025,"LF","660","299","-28"
"Bauers, Jake",641343,"Brewers",2025,"LF","636","300","-28"
"Bauers, Jake",641343,"Brewers",2025,"RF","122","296","27"
"Bauers, Jake",641343,"Brewers",2025,"1B","939","112","35"
"Monasterio, Andruw",655316,"Brewers",2025,"SS","835","148","-13"
"Monasterio, Andruw",655316,"Brewers",2025,"3B","184","123","-32"
"Monasterio, Andruw",655316,"Brewers",2025,"1B","83","112","35"
"Monasterio, Andruw",655316,"Brewers",2025,"2B","293","148","12"
"Hoskins, Rhys",656555,"Brewers",2025,"1B","2818","113","35"
"Perkins, Blake",663368,"Brewers",2025,"CF","1551","328","0"
"Lockridge, Brandon",663604,"Brewers",2025,"RF","233","299","28"
"Lockridge, Brandon",663604,"Brewers",2025,"CF","198","332","0"
"Lockridge, Brandon",663604,"Brewers",2025,"LF","60","301","-28"
"Cameron, Daz",663662,"Brewers",2025,"LF","143","296","-28"
"Cameron, Daz",663662,"Brewers",2025,"RF","197","289","28"
"Turang, Brice",668930,"Brewers",2025,"2B","5497","148","12"
"Turang, Brice",668930,"Brewers",2025,"SS","36","146","-13"
"Mitchell, Garrett",669003,"Brewers",2025,"CF","781","330","0"
"Black, Tyler",672012,"Brewers",2025,"RF","12","297","27"
"Black, Tyler",672012,"Brewers",2025,"1B","42","107","36"
"Black, Tyler",672012,"Brewers",2025,"LF","25","304","-29"
"Berroa, Steward",672642,"Brewers",2025,"CF","53","329","0"
"Seigler, Anthony",678011,"Brewers",2025,"3B","538","121","-32"
"Capra, Vinny",681962,"Brewers",2025,"3B","470","122","-34"
"Capra, Vinny",681962,"Brewers",2025,"2B","32","149","10"
"Capra, Vinny",681962,"Brewers",2025,"SS","45","146","-15"
"Avans, Drew",682183,"Brewers",2025,"LF","36","304","-27"
"Vaughn, Andrew",683734,"Brewers",2025,"1B","2111","114","34"
"Frelick, Sal",686217,"Brewers",2025,"RF","4672","302","28"
"Frelick, Sal",686217,"Brewers",2025,"CF","298","328","0"
"Frelick, Sal",686217,"Brewers",2025,"1B","10","125","37"
"Dunn, Oliver",686554,"Brewers",2025,"1B","11","120","35"
"Dunn, Oliver",686554,"Brewers",2025,"3B","398","124","-32"
"Collins, Isaac",686555,"Brewers",2025,"2B","11","144","14"
"Collins, Isaac",686555,"Brewers",2025,"RF","233","302","28"
"Collins, Isaac",686555,"Brewers",2025,"LF","3401","306","-28"
"Ortiz, Joey",687401,"Brewers",2025,"SS","5089","149","-12"
"Chourio, Jackson",694192,"Brewers",2025,"RF","552","300","27"
"Chourio, Jackson",694192,"Brewers",2025,"CF","3140","330","0"
"Chourio, Jackson",694192,"Brewers",2025,"LF","1048","301","-28"
"Durbin, Caleb",702332,"Brewers",2025,"3B","4419","127","-33"
"Durbin, Caleb",702332,"Brewers",2025,"2B","188","148","9"
"Durbin, Caleb",702332,"Brewers",2025,"SS","16","145","-13"
"Correa, Carlos",621043,"Twins",2025,"SS","3188","149","-11"
"Buxton, Byron",621439,"Twins",2025,"CF","4182","325","1"
"Castro, Willi",650489,"Twins",2025,"SS","106","147","-12"
"Castro, Willi",650489,"Twins",2025,"RF","670","295","30"
"Castro, Willi",650489,"Twins",2025,"LF","1033","299","-27"
"Castro, Willi",650489,"Twins",2025,"2B","988","147","14"
"Castro, Willi",650489,"Twins",2025,"3B","314","120","-33"
"Larnach, Trevor",663616,"Twins",2025,"LF","567","296","-28"
"Larnach, Trevor",663616,"Twins",2025,"RF","1255","293","29"
"France, Ty",664034,"Twins",2025,"1B","3417","114","35"
"Bader, Harrison",664056,"Twins",2025,"RF","179","297","29"
"Bader, Harrison",664056,"Twins",2025,"LF","2109","296","-27"
"Bader, Harrison",664056,"Twins",2025,"CF","769","327","1"
"Clemens, Kody",665019,"Twins",2025,"1B","1728","116","37"
"Clemens, Kody",665019,"Twins",2025,"RF","265","296","29"
"Clemens, Kody",665019,"Twins",2025,"LF","215","300","-28"
"Clemens, Kody",665019,"Twins",2025,"2B","1292","146","15"
"Julien, Edouard",666397,"Twins",2025,"2B","775","146","14"
"Julien, Edouard",666397,"Twins",2025,"1B","759","111","36"
"Martin, Austin",668885,"Twins",2025,"LF","1123","295","-27"
"Martin, Austin",668885,"Twins",2025,"2B","146","142","17"
"Martin, Austin",668885,"Twins",2025,"CF","305","332","1"
"Lewis, Royce",668904,"Twins",2025,"3B","3528","118","-30"
"Miranda, Jose",669304,"Twins",2025,"3B","354","122","-32"
"Wallner, Matt",670242,"Twins",2025,"RF","2890","293","30"
"McCusker, Carson",676812,"Twins",2025,"RF","194","293","30"
"Keirsey Jr., DaShawn",680577,"Twins",2025,"CF","384","326","0"
"Keirsey Jr., DaShawn",680577,"Twins",2025,"RF","374","290","29"
"Keirsey Jr., DaShawn",680577,"Twins",2025,"LF","295","297","-27"
"Fitzgerald, Ryan",680837,"Twins",2025,"2B","183","148","14"
"Fitzgerald, Ryan",680837,"Twins",2025,"3B","138","116","-29"
"Fitzgerald, Ryan",680837,"Twins",2025,"1B","13","110","35"
"Fitzgerald, Ryan",680837,"Twins",2025,"SS","219","148","-10"
"Bride, Jonah",681146,"Twins",2025,"3B","538","118","-31"
"Bride, Jonah",681146,"Twins",2025,"2B","28","144","16"
"Bride, Jonah",681146,"Twins",2025,"1B","79","109","36"
"Gasper, Mickey",681508,"Twins",2025,"2B","53","144","12"
"Gasper, Mickey",681508,"Twins",2025,"1B","94","108","35"
"Gasper, Mickey",681508,"Twins",2025,"LF","16","299","-30"
"Outman, James",681546,"Twins",2025,"LF","439","295","-27"
"Outman, James",681546,"Twins",2025,"CF","398","322","0"
"Outman, James",681546,"Twins",2025,"RF","247","293","29"
"Lee, Brooks",686797,"Twins",2025,"2B","1048","145","16"
"Lee, Brooks",686797,"Twins",2025,"3B","1218","121","-32"
"Lee, Brooks",686797,"Twins",2025,"SS","2573","148","-11"
"Roden, Alan",702176,"Twins",2025,"RF","16","295","29"
"Roden, Alan",702176,"Twins",2025,"CF","39","333","0"
"Roden, Alan",702176,"Twins",2025,"LF","293","303","-27"
"Keaschall, Luke",807712,"Twins",2025,"2B","1571","146","15"
"Marte, Starling",516782,"Mets",2025,"LF","206","299","-27"
"Marte, Starling",516782,"Mets",2025,"RF","66","293","27"
"Lindor, Francisco",596019,"Mets",2025,"SS","5838","147","-13"
"Nimmo, Brandon",607043,"Mets",2025,"CF","68","326","0"
"Nimmo, Brandon",607043,"Mets",2025,"LF","5421","298","-27"
"Winker, Jesse",608385,"Mets",2025,"LF","23","301","-28"
"Taylor, Tyrone",621438,"Mets",2025,"RF","19","290","28"
"Taylor, Tyrone",621438,"Mets",2025,"CF","3306","323","1"
"Taylor, Tyrone",621438,"Mets",2025,"LF","103","300","-27"
"Alonso, Pete",624413,"Mets",2025,"1B","5978","111","35"
"Azocar, José",640492,"Mets",2025,"CF","75","316","-1"
"Azocar, José",640492,"Mets",2025,"LF","87","296","-25"
"Azocar, José",640492,"Mets",2025,"RF","61","293","26"
"Siri, Jose",642350,"Mets",2025,"CF","405","314","0"
"McNeil, Jeff",643446,"Mets",2025,"LF","243","306","-27"
"McNeil, Jeff",643446,"Mets",2025,"2B","2522","147","12"
"McNeil, Jeff",643446,"Mets",2025,"1B","10","107","35"
"McNeil, Jeff",643446,"Mets",2025,"RF","103","298","28"
"McNeil, Jeff",643446,"Mets",2025,"CF","919","328","0"
"Mullins, Cedric",656775,"Mets",2025,"CF","1318","320","0"
"Soto, Juan",665742,"Mets",2025,"RF","5846","293","27"
"Vientos, Mark",668901,"Mets",2025,"3B","2347","120","-32"
"Vientos, Mark",668901,"Mets",2025,"1B","96","107","35"
"Young, Jared",676724,"Mets",2025,"LF","14","296","-26"
"Young, Jared",676724,"Mets",2025,"1B","12","114","36"
"Mauricio, Ronny",677595,"Mets",2025,"2B","223","149","11"
"Mauricio, Ronny",677595,"Mets",2025,"3B","1276","122","-33"
"Mauricio, Ronny",677595,"Mets",2025,"SS","98","148","-13"
"Acuña, Luisangel",682668,"Mets",2025,"SS","168","147","-13"
"Acuña, Luisangel",682668,"Mets",2025,"3B","53","111","-33"
"Acuña, Luisangel",682668,"Mets",2025,"2B","1797","147","12"
"Acuña, Luisangel",682668,"Mets",2025,"CF","13","318","1"
"Baty, Brett",683146,"Mets",2025,"3B","2428","119","-32"
"Baty, Brett",683146,"Mets",2025,"2B","1562","148","12"
"Goldschmidt, Paul",502671,"Yankees",2025,"1B","4313","112","34"
"LeMahieu, DJ",518934,"Yankees",2025,"2B","1364","150","12"
"Stanton, Giancarlo",519317,"Yankees",2025,"RF","421","292","26"
"Stanton, Giancarlo",519317,"Yankees",2025,"LF","152","293","-26"
"Judge, Aaron",592450,"Yankees",2025,"RF","3436","288","26"
"Slater, Austin",596103,"Yankees",2025,"LF","128","291","-26"
"Slater, Austin",596103,"Yankees",2025,"RF","92","293","26"
"Reyes, Pablo",622569,"Yankees",2025,"3B","85","118","-34"
"Reyes, Pablo",622569,"Yankees",2025,"RF","97","297","28"
"Reyes, Pablo",622569,"Yankees",2025,"2B","132","147","14"
"Bellinger, Cody",641355,"Yankees",2025,"LF","2395","290","-26"
"Bellinger, Cody",641355,"Yankees",2025,"RF","1760","287","26"
"Bellinger, Cody",641355,"Yankees",2025,"1B","124","113","36"
"Bellinger, Cody",641355,"Yankees",2025,"CF","1297","318","0"
"Escarra, J.C.",641555,"Yankees",2025,"1B","50","116","34"
"Escarra, J.C.",641555,"Yankees",2025,"3B","11","105","-32"
"McMahon, Ryan",641857,"Yankees",2025,"3B","1838","126","-31"
"Rosario, Amed",642708,"Yankees",2025,"3B","219","123","-30"
"Rosario, Amed",642708,"Yankees",2025,"RF","63","291","25"
"Rosario, Amed",642708,"Yankees",2025,"2B","17","152","9"
"Grisham, Trent",663757,"Yankees",2025,"CF","4766","319","0"
"Cabrera, Oswaldo",665828,"Yankees",2025,"1B","16","113","32"
"Cabrera, Oswaldo",665828,"Yankees",2025,"3B","1098","118","-32"
"Chisholm Jr., Jazz",665862,"Yankees",2025,"2B","3602","148","11"
"Chisholm Jr., Jazz",665862,"Yankees",2025,"3B","1005","124","-33"
"Peraza, Oswald",672724,"Yankees",2025,"SS","180","148","-12"
"Peraza, Oswald",672724,"Yankees",2025,"2B","367","150","10"
"Peraza, Oswald",672724,"Yankees",2025,"3B","1278","124","-31"
"Caballero, José",676609,"Yankees",2025,"SS","426","149","-12"
"Caballero, José",676609,"Yankees",2025,"LF","24","291","-26"
"Caballero, José",676609,"Yankees",2025,"3B","181","123","-31"
"Caballero, José",676609,"Yankees",2025,"2B","171","149","10"
"Caballero, José",676609,"Yankees",2025,"RF","189","293","26"
"Vivas, Jorbit",678391,"Yankees",2025,"2B","411","147","10"
"Vivas, Jorbit",678391,"Yankees",2025,"3B","349","119","-30"
"Volpe, Anthony",683011,"Yankees",2025,"SS","5458","150","-12"
"Domínguez, Jasson",691176,"Yankees",2025,"LF","3353","294","-27"
"Rice, Ben",700250,"Yankees",2025,"1B","1561","112","36"
"Harper, Bryce",547180,"Phillies",2025,"1B","4723","108","35"
"Castellanos, Nick",592206,"Phillies",2025,"RF","5024","291","28"
"Kepler, Max",596146,"Phillies",2025,"LF","3197","299","-27"
"Kepler, Max",596146,"Phillies",2025,"CF","27","328","1"
"Kepler, Max",596146,"Phillies",2025,"RF","982","296","28"
"Turner, Trea",607208,"Phillies",2025,"SS","5087","147","-14"
"Walton, Donovan",622268,"Phillies",2025,"2B","77","150","12"
"Sosa, Edmundo",624641,"Phillies",2025,"LF","47","298","-27"
"Sosa, Edmundo",624641,"Phillies",2025,"2B","964","147","12"
"Sosa, Edmundo",624641,"Phillies",2025,"3B","1004","117","-34"
"Sosa, Edmundo",624641,"Phillies",2025,"SS","505","147","-14"
"Wilson, Weston",642215,"Phillies",2025,"2B","327","148","12"
"Wilson, Weston",642215,"Phillies",2025,"1B","144","115","36"
"Wilson, Weston",642215,"Phillies",2025,"LF","778","296","-27"
"Schwarber, Kyle",656941,"Phillies",2025,"LF","299","292","-26"
"Bader, Harrison",664056,"Phillies",2025,"CF","1607","322","1"
"Bohm, Alec",664761,"Phillies",2025,"3B","3924","117","-33"
"Bohm, Alec",664761,"Phillies",2025,"1B","507","111","35"
"Clemens, Kody",665019,"Phillies",2025,"LF","16","293","-28"
"Marsh, Brandon",669016,"Phillies",2025,"RF","11","288","28"
"Marsh, Brandon",669016,"Phillies",2025,"CF","2523","322","1"
"Marsh, Brandon",669016,"Phillies",2025,"LF","1428","291","-27"
"Stevenson, Cal",670276,"Phillies",2025,"CF","65","316","1"
"Kennedy, Buddy",671083,"Phillies",2025,"3B","14","115","-34"
"Kennedy, Buddy",671083,"Phillies",2025,"1B","50","105","34"
"Rojas, Johan",679032,"Phillies",2025,"CF","1791","315","1"
"Stott, Bryson",681082,"Phillies",2025,"SS","425","146","-14"
"Stott, Bryson",681082,"Phillies",2025,"2B","4560","148","13"
"Kemp, Otto",805249,"Phillies",2025,"LF","252","301","-27"
"Kemp, Otto",805249,"Phillies",2025,"1B","593","108","35"
"Kemp, Otto",805249,"Phillies",2025,"2B","80","148","11"
"Kemp, Otto",805249,"Phillies",2025,"3B","1072","114","-33"
"McCutchen, Andrew",457705,"Pirates",2025,"RF","207","304","27"
"McCutchen, Andrew",457705,"Pirates",2025,"LF","39","296","-27"
"Pham, Tommy",502054,"Pirates",2025,"LF","3856","287","-27"
"Pham, Tommy",502054,"Pirates",2025,"RF","107","289","26"
"Frazier, Adam",624428,"Pirates",2025,"LF","421","290","-26"
"Frazier, Adam",624428,"Pirates",2025,"RF","140","287","28"
"Frazier, Adam",624428,"Pirates",2025,"2B","1773","146","13"
"Kiner-Falefa, Isiah",643396,"Pirates",2025,"SS","3411","146","-11"
"Kiner-Falefa, Isiah",643396,"Pirates",2025,"3B","892","114","-31"
"Hayes, Ke'Bryan",663647,"Pirates",2025,"3B","3559","115","-31"
"Cruz, Oneil",665833,"Pirates",2025,"CF","4413","311","0"
"Valdez, Enmanuel",665839,"Pirates",2025,"1B","797","107","36"
"Valdez, Enmanuel",665839,"Pirates",2025,"2B","84","148","13"
"Reynolds, Bryan",668804,"Pirates",2025,"RF","4131","296","28"
"Solak, Nick",669256,"Pirates",2025,"LF","30","298","-28"
"Solak, Nick",669256,"Pirates",2025,"2B","14","136","13"
"Solak, Nick",669256,"Pirates",2025,"1B","81","105","35"
"Suwinski, Jack",669261,"Pirates",2025,"CF","606","315","1"
"Suwinski, Jack",669261,"Pirates",2025,"RF","484","290","28"
"Suwinski, Jack",669261,"Pirates",2025,"LF","577","292","-27"
"Triolo, Jared",669707,"Pirates",2025,"2B","350","146","12"
"Triolo, Jared",669707,"Pirates",2025,"1B","475","113","35"
"Triolo, Jared",669707,"Pirates",2025,"SS","1619","147","-11"
"Triolo, Jared",669707,"Pirates",2025,"3B","1108","119","-31"
"Canario, Alexander",672744,"Pirates",2025,"CF","780","320","0"
"Canario, Alexander",672744,"Pirates",2025,"LF","812","296","-27"
"Canario, Alexander",672744,"Pirates",2025,"RF","598","291","27"
"Bae, Ji Hwan",678225,"Pirates",2025,"RF","33","279","26"
"Bae, Ji Hwan",678225,"Pirates",2025,"CF","79","322","1"
"Bae, Ji Hwan",678225,"Pirates",2025,"LF","136","289","-26"
"Peguero, Liover",678894,"Pirates",2025,"2B","169","148","11"
"Peguero, Liover",678894,"Pirates",2025,"1B","238","108","34"
"Peguero, Liover",678894,"Pirates",2025,"SS","426","148","-10"
"Rodríguez, Endy",682848,"Pirates",2025,"1B","326","105","33"
"Simon, Ronny",682927,"Pirates",2025,"LF","86","300","-25"
"Simon, Ronny",682927,"Pirates",2025,"RF","143","291","27"
"Gorski, Matt",685301,"Pirates",2025,"CF","49","324","1"
"Gorski, Matt",685301,"Pirates",2025,"1B","329","106","36"
"Horwitz, Spencer",687462,"Pirates",2025,"2B","22","143","15"
"Horwitz, Spencer",687462,"Pirates",2025,"1B","3442","109","35"
"Devanney, Cam",687478,"Pirates",2025,"3B","389","118","-32"
"Cheng, Tsung-Che",691907,"Pirates",2025,"SS","62","148","-11"
"Cheng, Tsung-Che",691907,"Pirates",2025,"2B","23","149","9"
"Gonzales, Nick",693304,"Pirates",2025,"SS","443","148","-10"
"Gonzales, Nick",693304,"Pirates",2025,"2B","3071","146","12"
"Yorke, Nick",694377,"Pirates",2025,"RF","103","290","28"
"Yorke, Nick",694377,"Pirates",2025,"2B","455","145","14"
"Yorke, Nick",694377,"Pirates",2025,"3B","13","114","-30"
"Yorke, Nick",694377,"Pirates",2025,"1B","126","108","36"
"Cook, Billy",695257,"Pirates",2025,"CF","34","315","0"
"Cook, Billy",695257,"Pirates",2025,"RF","14","294","27"
"Flores, Rafael",804668,"Pirates",2025,"1B","141","111","36"
"Gurriel, Yuli",493329,"Padres",2025,"1B","147","113","34"
"Heyward, Jason",518792,"Padres",2025,"CF","45","320","1"
"Heyward, Jason",518792,"Padres",2025,"RF","68","295","27"
"Heyward, Jason",518792,"Padres",2025,"LF","761","302","-28"
"Iglesias, Jose",578428,"Padres",2025,"SS","941","147","-12"
"Iglesias, Jose",578428,"Padres",2025,"2B","1260","148","13"
"Iglesias, Jose",578428,"Padres",2025,"3B","673","119","-30"
"Iglesias, Jose",578428,"Padres",2025,"LF","13","291","-27"
"Machado, Manny",592518,"Padres",2025,"3B","5238","122","-28"
"Bogaerts, Xander",593428,"Padres",2025,"SS","4482","148","-11"
"Cronenworth, Jake",630105,"Padres",2025,"SS","320","148","-12"
"Cronenworth, Jake",630105,"Padres",2025,"1B","362","112","33"
"Cronenworth, Jake",630105,"Padres",2025,"2B","4089","148","12"
"Wade, Tyler",642180,"Padres",2025,"RF","50","295","27"
"Wade, Tyler",642180,"Padres",2025,"3B","45","126","-29"
"Wade, Tyler",642180,"Padres",2025,"2B","167","149","13"
"Wade, Tyler",642180,"Padres",2025,"SS","19","145","-12"
"Wade, Tyler",642180,"Padres",2025,"LF","354","302","-27"
"Wade, Tyler",642180,"Padres",2025,"CF","624","324","0"
"Arraez, Luis",650333,"Padres",2025,"1B","4162","119","34"
"Arraez, Luis",650333,"Padres",2025,"2B","335","149","12"
"Joe, Connor",656582,"Padres",2025,"CF","24","322","-2"
"Joe, Connor",656582,"Padres",2025,"1B","21","115","33"
"Joe, Connor",656582,"Padres",2025,"LF","14","299","-27"
"O'Hearn, Ryan",656811,"Padres",2025,"1B","852","112","35"
"O'Hearn, Ryan",656811,"Padres",2025,"RF","83","295","27"
"Laureano, Ramón",657656,"Padres",2025,"CF","383","330","0"
"Laureano, Ramón",657656,"Padres",2025,"LF","1257","304","-27"
"Laureano, Ramón",657656,"Padres",2025,"RF","83","301","27"
"Sheets, Gavin",657757,"Padres",2025,"LF","2003","303","-27"
"Sheets, Gavin",657757,"Padres",2025,"1B","415","110","33"
"Gonzalez, Oscar",660757,"Padres",2025,"LF","390","298","-28"
"Gonzalez, Oscar",660757,"Padres",2025,"RF","101","295","27"
"Lockridge, Brandon",663604,"Padres",2025,"RF","56","297","27"
"Lockridge, Brandon",663604,"Padres",2025,"CF","388","324","0"
"Lockridge, Brandon",663604,"Padres",2025,"LF","565","298","-27"
"Tatis Jr., Fernando",665487,"Padres",2025,"RF","5394","297","27"
"McCoy, Mason",669200,"Padres",2025,"SS","197","146","-13"
"McCoy, Mason",669200,"Padres",2025,"2B","65","149","12"
"Johnson, Bryce",669369,"Padres",2025,"LF","432","301","-27"
"Johnson, Bryce",669369,"Padres",2025,"CF","322","323","0"
"Johnson, Bryce",669369,"Padres",2025,"RF","124","294","27"
"Brooks, Trenton",670092,"Padres",2025,"LF","27","303","-27"
"Ornelas, Tirso",672359,"Padres",2025,"CF","10","329","1"
"Ornelas, Tirso",672359,"Padres",2025,"LF","143","301","-27"
"Wagner, Will",695238,"Padres",2025,"2B","43","147","12"
"Merrill, Jackson",701538,"Padres",2025,"CF","4163","322","0"
"Solano, Donovan",456781,"Mariners",2025,"3B","19","124","-32"
"Solano, Donovan",456781,"Mariners",2025,"1B","1573","113","34"
"Suárez, Eugenio",553993,"Mariners",2025,"1B","19","105","37"
"Suárez, Eugenio",553993,"Mariners",2025,"3B","1891","116","-31"
"Polanco, Jorge",593871,"Mariners",2025,"3B","195","117","-32"
"Polanco, Jorge",593871,"Mariners",2025,"2B","1186","147","12"
"Crawford, J.P.",641487,"Mariners",2025,"SS","5720","145","-12"
"Tellez, Rowdy",642133,"Mariners",2025,"1B","1654","113","34"
"Robles, Victor",645302,"Mariners",2025,"CF","36","318","-1"
"Robles, Victor",645302,"Mariners",2025,"RF","982","290","26"
"Naylor, Josh",647304,"Mariners",2025,"1B","1767","112","32"
"Rivas, Leo",660844,"Mariners",2025,"3B","19","116","-32"
"Rivas, Leo",660844,"Mariners",2025,"RF","37","284","26"
"Rivas, Leo",660844,"Mariners",2025,"2B","823","146","13"
"Rivas, Leo",660844,"Mariners",2025,"SS","167","146","-12"
"Moore, Dylan",664238,"Mariners",2025,"SS","154","149","-10"
"Moore, Dylan",664238,"Mariners",2025,"1B","139","113","35"
"Moore, Dylan",664238,"Mariners",2025,"2B","748","148","12"
"Moore, Dylan",664238,"Mariners",2025,"RF","616","295","26"
"Moore, Dylan",664238,"Mariners",2025,"3B","317","120","-32"
"Taveras, Leody",665750,"Mariners",2025,"RF","901","299","26"
"Taveras, Leody",665750,"Mariners",2025,"CF","74","320","0"
"Arozarena, Randy",668227,"Mariners",2025,"LF","5818","290","-27"
"Bliss, Ryan",669208,"Mariners",2025,"2B","410","145","11"
"Taylor, Samad",669392,"Mariners",2025,"RF","69","300","26"
"Taylor, Samad",669392,"Mariners",2025,"CF","11","322","0"
"Raley, Luke",670042,"Mariners",2025,"1B","860","111","34"
"Raley, Luke",670042,"Mariners",2025,"CF","130","318","0"
"Raley, Luke",670042,"Mariners",2025,"LF","39","295","-26"
"Raley, Luke",670042,"Mariners",2025,"RF","851","296","27"
"Mastrobuoni, Miles",670156,"Mariners",2025,"2B","346","146","12"
"Mastrobuoni, Miles",670156,"Mariners",2025,"RF","325","296","26"
"Mastrobuoni, Miles",670156,"Mariners",2025,"LF","178","297","-26"
"Mastrobuoni, Miles",670156,"Mariners",2025,"3B","642","118","-30"
"Mastrobuoni, Miles",670156,"Mariners",2025,"1B","37","111","37"
"Rodríguez, Julio",677594,"Mariners",2025,"CF","5792","321","0"
"Canzone, Dominic",686527,"Mariners",2025,"RF","2191","297","27"
"Thomas, Rhylan",689041,"Mariners",2025,"RF","78","299","26"
"Thomas, Rhylan",689041,"Mariners",2025,"LF","13","297","-27"
"Young, Cole",702284,"Mariners",2025,"2B","2537","145","13"
"Williamson, Ben",810938,"Mariners",2025,"3B","2967","120","-30"
"Flores, Wilmer",527038,"Giants",2025,"1B","921","108","35"
"Flores, Wilmer",527038,"Giants",2025,"3B","40","113","-33"
"Yastrzemski, Mike",573262,"Giants",2025,"RF","3179","294","28"
"Smith, Dominic",642086,"Giants",2025,"1B","1759","114","36"
"Adames, Willy",642715,"Giants",2025,"SS","5884","147","-11"
"Alcántara, Sergio",642727,"Giants",2025,"3B","32","115","-32"
"Devers, Rafael",646240,"Giants",2025,"1B","1078","112","36"
"Devers, Rafael",646240,"Giants",2025,"3B","37","115","-31"
"Chapman, Matt",656305,"Giants",2025,"3B","4708","121","-33"
"Wade Jr., LaMonte",664774,"Giants",2025,"1B","1431","110","34"
"Fitzgerald, Tyler",666149,"Giants",2025,"RF","90","294","28"
"Fitzgerald, Tyler",666149,"Giants",2025,"2B","2340","148","13"
"Encarnacion, Jerar",666464,"Giants",2025,"LF","36","280","-26"
"Encarnacion, Jerar",666464,"Giants",2025,"1B","32","108","33"
"Encarnacion, Jerar",666464,"Giants",2025,"RF","405","291","28"
"Johnson, Daniel",669288,"Giants",2025,"CF","143","324","0"
"Johnson, Daniel",669288,"Giants",2025,"RF","111","296","27"
"Johnson, Daniel",669288,"Giants",2025,"LF","15","295","-26"
"Schmitt, Casey",669477,"Giants",2025,"SS","36","148","-9"
"Schmitt, Casey",669477,"Giants",2025,"3B","875","121","-32"
"Schmitt, Casey",669477,"Giants",2025,"1B","491","110","37"
"Schmitt, Casey",669477,"Giants",2025,"2B","1874","147","14"
"Ramos, Heliot",671218,"Giants",2025,"LF","5644","293","-28"
"Villar, David",681584,"Giants",2025,"1B","236","112","34"
"Matos, Luis",682641,"Giants",2025,"RF","1122","296","28"
"Matos, Luis",682641,"Giants",2025,"CF","292","323","1"
"Matos, Luis",682641,"Giants",2025,"LF","312","300","-27"
"Koss, Christian",683766,"Giants",2025,"3B","294","117","-33"
"Koss, Christian",683766,"Giants",2025,"SS","139","147","-12"
"Koss, Christian",683766,"Giants",2025,"2B","1422","147","14"
"McCray, Grant",687529,"Giants",2025,"RF","249","297","28"
"McCray, Grant",687529,"Giants",2025,"LF","57","300","-29"
"Gilbert, Drew",687551,"Giants",2025,"CF","231","325","0"
"Gilbert, Drew",687551,"Giants",2025,"LF","10","304","-26"
"Gilbert, Drew",687551,"Giants",2025,"RF","914","294","27"
"Wisely, Brett",689172,"Giants",2025,"3B","84","116","-34"
"Wisely, Brett",689172,"Giants",2025,"2B","438","147","13"
"Eldridge, Bryce",805811,"Giants",2025,"1B","126","105","35"
"Lee, Jung Hoo",808982,"Giants",2025,"CF","5400","324","0"
"Arenado, Nolan",571448,"Cardinals",2025,"3B","3723","117","-31"
"Contreras, Willson",575929,"Cardinals",2025,"1B","4326","110","36"
"Hampson, Garrett",641658,"Cardinals",2025,"LF","101","300","-27"
"Hampson, Garrett",641658,"Cardinals",2025,"RF","87","296","27"
"Hampson, Garrett",641658,"Cardinals",2025,"CF","152","324","1"
"Hampson, Garrett",641658,"Cardinals",2025,"SS","14","150","-13"
"Pozo, Yohel",650968,"Cardinals",2025,"1B","56","113","36"
"Nootbaar, Lars",663457,"Cardinals",2025,"RF","815","294","27"
"Nootbaar, Lars",663457,"Cardinals",2025,"CF","394","314","1"
"Nootbaar, Lars",663457,"Cardinals",2025,"LF","3595","296","-26"
"Baker, Luken",663609,"Cardinals",2025,"1B","23","110","33"
"Fermín, José",665877,"Cardinals",2025,"2B","412","148","12"
"Fermín, José",665877,"Cardinals",2025,"RF","34","295","27"
"Fermín, José",665877,"Cardinals",2025,"3B","84","123","-29"
"Fermín, José",665877,"Cardinals",2025,"LF","69","303","-27"
"Vilade, Ryan",668723,"Cardinals",2025,"RF","129","294","28"
"Vilade, Ryan",668723,"Cardinals",2025,"LF","18","295","-26"
"Gorman, Nolan",669357,"Cardinals",2025,"1B","171","112","36"
"Gorman, Nolan",669357,"Cardinals",2025,"3B","1774","114","-32"
"Gorman, Nolan",669357,"Cardinals",2025,"2B","924","146","12"
"Herrera, Iván",671056,"Cardinals",2025,"LF","121","304","-26"
"Siani, Michael",672279,"Cardinals",2025,"CF","261","317","1"
"Burleson, Alec",676475,"Cardinals",2025,"RF","1121","297","28"
"Burleson, Alec",676475,"Cardinals",2025,"1B","1514","110","36"
"Burleson, Alec",676475,"Cardinals",2025,"LF","1408","301","-27"
"Barrero, José",676480,"Cardinals",2025,"CF","143","326","1"
"Barrero, José",676480,"Cardinals",2025,"SS","167","147","-12"
"Barrero, José",676480,"Cardinals",2025,"RF","13","295","28"
"Barrero, José",676480,"Cardinals",2025,"3B","12","125","-31"
"Barrero, José",676480,"Cardinals",2025,"2B","30","149","13"
"Donovan, Brendan",680977,"Cardinals",2025,"LF","652","299","-27"
"Donovan, Brendan",680977,"Cardinals",2025,"2B","3433","146","13"
"Donovan, Brendan",680977,"Cardinals",2025,"SS","157","147","-13"
"Pagés, Pedro",686780,"Cardinals",2025,"1B","12","119","36"
"Pagés, Pedro",686780,"Cardinals",2025,"2B","14","145","17"
"Scott II, Victor",687363,"Cardinals",2025,"RF","42","303","28"
"Scott II, Victor",687363,"Cardinals",2025,"LF","87","302","-26"
"Scott II, Victor",687363,"Cardinals",2025,"CF","4568","325","0"
"Walker, Jordan",691023,"Cardinals",2025,"RF","3790","293","27"
"Winn, Masyn",691026,"Cardinals",2025,"SS","4721","147","-12"
"Prieto, César",693409,"Cardinals",2025,"2B","42","147","14"
"Saggese, Thomas",695336,"Cardinals",2025,"SS","1043","146","-13"
"Saggese, Thomas",695336,"Cardinals",2025,"2B","1243","146","13"
"Saggese, Thomas",695336,"Cardinals",2025,"3B","506","117","-32"
"Church, Nathan",701675,"Cardinals",2025,"RF","71","297","28"
"Church, Nathan",701675,"Cardinals",2025,"CF","584","324","1"
"Church, Nathan",701675,"Cardinals",2025,"LF","51","296","-27"
"Jankowski, Travis",608671,"Rays",2025,"LF","145","304","-26"
"Jankowski, Travis",608671,"Rays",2025,"RF","189","300","28"
"Díaz, Yandy",650490,"Rays",2025,"1B","1268","106","35"
"Gray, Tristan",656484,"Rays",2025,"SS","258","148","-10"
"Gray, Tristan",656484,"Rays",2025,"2B","352","148","10"
"Gray, Tristan",656484,"Rays",2025,"3B","129","123","-33"
"Gray, Tristan",656484,"Rays",2025,"1B","78","114","35"
"Montes, Coco",663796,"Rays",2025,"3B","33","116","-37"
"Montes, Coco",663796,"Rays",2025,"2B","61","148","12"
"Montes, Coco",663796,"Rays",2025,"LF","12","304","-27"
"Mangum, Jake",663968,"Rays",2025,"RF","938","300","28"
"Mangum, Jake",663968,"Rays",2025,"CF","1138","324","0"
"Mangum, Jake",663968,"Rays",2025,"LF","1814","300","-27"
"Lowe, Brandon",664040,"Rays",2025,"1B","75","108","36"
"Lowe, Brandon",664040,"Rays",2025,"2B","4183","147","12"
"Aranda, Jonathan",666018,"Rays",2025,"1B","3181","110","35"
"Lowe, Josh",666139,"Rays",2025,"RF","3556","301","28"
"Morel, Christopher",666624,"Rays",2025,"LF","1910","302","-26"
"Morel, Christopher",666624,"Rays",2025,"RF","40","288","28"
"Misner, Kameron",670224,"Rays",2025,"LF","119","311","-26"
"Misner, Kameron",670224,"Rays",2025,"RF","445","301","28"
"Misner, Kameron",670224,"Rays",2025,"CF","1508","327","1"
"Walls, Taylor",670764,"Rays",2025,"2B","125","148","14"
"Walls, Taylor",670764,"Rays",2025,"SS","2944","147","-14"
"Peters, Tristan",671976,"Rays",2025,"CF","122","326","1"
"Kim, Ha-Seong",673490,"Rays",2025,"SS","653","147","-13"
"Kim, Ha-Seong",673490,"Rays",2025,"2B","171","148","13"
"Seymour, Bob",676044,"Rays",2025,"1B","809","109","35"
"DeLuca, Jonny",676356,"Rays",2025,"CF","580","326","1"
"Caballero, José",676609,"Rays",2025,"RF","656","300","28"
"Caballero, José",676609,"Rays",2025,"CF","64","333","0"
"Caballero, José",676609,"Rays",2025,"SS","1012","146","-13"
"Caballero, José",676609,"Rays",2025,"2B","461","147","13"
"Caballero, José",676609,"Rays",2025,"3B","316","119","-31"
"Caballero, José",676609,"Rays",2025,"LF","98","306","-26"
"Pereira, Everson",677592,"Rays",2025,"RF","66","295","28"
"Pereira, Everson",677592,"Rays",2025,"CF","623","323","1"
"Mead, Curtis",678554,"Rays",2025,"3B","222","120","-34"
"Mead, Curtis",678554,"Rays",2025,"1B","441","110","35"
"Mead, Curtis",678554,"Rays",2025,"2B","428","149","11"
"Palacios, Richie",680700,"Rays",2025,"LF","130","303","-26"
"Palacios, Richie",680700,"Rays",2025,"RF","33","298","27"
"Palacios, Richie",680700,"Rays",2025,"2B","143","148","12"
"Palacios, Richie",680700,"Rays",2025,"1B","64","111","36"
"Caminero, Junior",691406,"Rays",2025,"3B","5228","120","-32"
"Caminero, Junior",691406,"Rays",2025,"1B","10","100","33"
"Williams, Carson",700246,"Rays",2025,"SS","1066","147","-13"
"Simpson, Chandler",802415,"Rays",2025,"LF","1705","303","-26"
"Simpson, Chandler",802415,"Rays",2025,"RF","10","301","28"
"Simpson, Chandler",802415,"Rays",2025,"CF","1898","325","1"
"Solano, Donovan",456781,"Rangers",2025,"2B","40","149","9"
"Semien, Marcus",543760,"Rangers",2025,"2B","4549","149","12"
"Pederson, Joc",592626,"Rangers",2025,"RF","15","285","27"
"Pederson, Joc",592626,"Rangers",2025,"1B","82","106","35"
"Ahmed, Nick",605113,"Rangers",2025,"SS","120","150","-11"
"Pillar, Kevin",607680,"Rangers",2025,"RF","53","291","27"
"Pillar, Kevin",607680,"Rangers",2025,"LF","75","297","-27"
"Pillar, Kevin",607680,"Rangers",2025,"CF","230","321","0"
"Seager, Corey",608369,"Rangers",2025,"SS","3382","149","-10"
"McKinney, Billy",641856,"Rangers",2025,"RF","122","305","28"
"McKinney, Billy",641856,"Rangers",2025,"LF","33","299","-27"
"Tellez, Rowdy",642133,"Rangers",2025,"1B","1030","114","35"
"Haggerty, Sam",664059,"Rangers",2025,"2B","28","148","14"
"Haggerty, Sam",664059,"Rangers",2025,"LF","595","288","-27"
"Haggerty, Sam",664059,"Rangers",2025,"RF","147","290","27"
"Haggerty, Sam",664059,"Rangers",2025,"CF","376","320","0"
"Moore, Dylan",664238,"Rangers",2025,"RF","55","292","27"
"Moore, Dylan",664238,"Rangers",2025,"1B","23","114","34"
"Moore, Dylan",664238,"Rangers",2025,"2B","132","149","10"
"Taveras, Leody",665750,"Rangers",2025,"CF","883","323","0"
"García, Adolis",666969,"Rangers",2025,"RF","4603","294","27"
"Burger, Jake",669394,"Rangers",2025,"1B","3119","114","34"
"Smith, Josh",669701,"Rangers",2025,"RF","213","295","26"
"Smith, Josh",669701,"Rangers",2025,"3B","1006","115","-30"
"Smith, Josh",669701,"Rangers",2025,"2B","88","148","10"
"Smith, Josh",669701,"Rangers",2025,"1B","874","107","36"
"Smith, Josh",669701,"Rangers",2025,"LF","269","289","-27"
"Smith, Josh",669701,"Rangers",2025,"CF","52","318","0"
"Smith, Josh",669701,"Rangers",2025,"SS","1757","146","-12"
"Jung, Josh",673962,"Rangers",2025,"3B","4469","114","-32"
"Duran, Ezequiel",677649,"Rangers",2025,"LF","79","292","-28"
"Duran, Ezequiel",677649,"Rangers",2025,"2B","366","147","13"
"Duran, Ezequiel",677649,"Rangers",2025,"3B","291","121","-29"
"Duran, Ezequiel",677649,"Rangers",2025,"1B","578","109","35"
"Duran, Ezequiel",677649,"Rangers",2025,"SS","600","148","-13"
"Duran, Ezequiel",677649,"Rangers",2025,"RF","145","294","27"
"Foscue, Justin",679822,"Rangers",2025,"1B","102","111","34"
"Ornelas, Jonathan",680716,"Rangers",2025,"SS","53","151","-10"
"Ornelas, Jonathan",680716,"Rangers",2025,"2B","15","149","15"
"Helman, Michael",680737,"Rangers",2025,"CF","1045","320","0"
"Freeman, Cody",683227,"Rangers",2025,"3B","150","112","-33"
"Freeman, Cody",683227,"Rangers",2025,"RF","90","298","26"
"Freeman, Cody",683227,"Rangers",2025,"2B","698","145","12"
"Freeman, Cody",683227,"Rangers",2025,"LF","52","299","-27"
"Harris, Dustin",687957,"Rangers",2025,"RF","75","295","29"
"Harris, Dustin",687957,"Rangers",2025,"CF","91","315","0"
"Harris, Dustin",687957,"Rangers",2025,"LF","208","295","-28"
"Crim, Blaine",688760,"Rangers",2025,"1B","108","115","37"
"Carter, Evan",694497,"Rangers",2025,"CF","1888","321","0"
"Langford, Wyatt",694671,"Rangers",2025,"CF","1318","312","0"
"Langford, Wyatt",694671,"Rangers",2025,"LF","3473","290","-27"
"Osuna, Alejandro",696030,"Rangers",2025,"RF","398","302","27"
"Osuna, Alejandro",696030,"Rangers",2025,"LF","1132","299","-27"
"Osuna, Alejandro",696030,"Rangers",2025,"CF","33","330","-1"
"Springer, George",543807,"Blue Jays",2025,"RF","1164","300","27"
"Springer, George",543807,"Blue Jays",2025,"CF","296","328","-1"
"Springer, George",543807,"Blue Jays",2025,"LF","367","297","-28"
"Santander, Anthony",623993,"Blue Jays",2025,"RF","519","300","26"
"Santander, Anthony",623993,"Blue Jays",2025,"LF","226","295","-28"
"Kiner-Falefa, Isiah",643396,"Blue Jays",2025,"SS","10","145","-13"
"Kiner-Falefa, Isiah",643396,"Blue Jays",2025,"2B","109","146","13"
"Kiner-Falefa, Isiah",643396,"Blue Jays",2025,"3B","192","114","-32"
"Varsho, Daulton",662139,"Blue Jays",2025,"CF","2311","322","-1"
"France, Ty",664034,"Blue Jays",2025,"1B","688","117","35"
"Straw, Myles",664702,"Blue Jays",2025,"CF","2247","321","-1"
"Straw, Myles",664702,"Blue Jays",2025,"2B","11","149","15"
"Straw, Myles",664702,"Blue Jays",2025,"RF","207","294","27"
"Straw, Myles",664702,"Blue Jays",2025,"LF","507","290","-29"
"Lukes, Nathan",664770,"Blue Jays",2025,"LF","1017","295","-29"
"Lukes, Nathan",664770,"Blue Jays",2025,"CF","890","323","-1"
"Lukes, Nathan",664770,"Blue Jays",2025,"RF","1889","295","28"
"Guerrero Jr., Vladimir",665489,"Blue Jays",2025,"1B","4750","110","35"
"Giménez, Andrés",665926,"Blue Jays",2025,"SS","503","149","-12"
"Giménez, Andrés",665926,"Blue Jays",2025,"2B","3060","148","14"
"Bichette, Bo",666182,"Blue Jays",2025,"SS","4795","146","-14"
"Kennedy, Buddy",671083,"Blue Jays",2025,"3B","40","116","-30"
"Kennedy, Buddy",671083,"Blue Jays",2025,"2B","21","146","13"
"Clement, Ernie",676391,"Blue Jays",2025,"2B","1793","147","14"
"Clement, Ernie",676391,"Blue Jays",2025,"3B","2524","118","-31"
"Clement, Ernie",676391,"Blue Jays",2025,"1B","299","108","35"
"Clement, Ernie",676391,"Blue Jays",2025,"SS","712","146","-14"
"Schneider, Davis",676914,"Blue Jays",2025,"LF","1519","293","-29"
"Schneider, Davis",676914,"Blue Jays",2025,"2B","526","147","13"
"Jiménez, Leo",677870,"Blue Jays",2025,"SS","34","145","-13"
"Jiménez, Leo",677870,"Blue Jays",2025,"2B","329","146","12"
"Barger, Addison",680718,"Blue Jays",2025,"3B","2586","118","-31"
"Barger, Addison",680718,"Blue Jays",2025,"RF","1744","296","28"
"Clase, Jonatan",682729,"Blue Jays",2025,"LF","775","294","-29"
"Clase, Jonatan",682729,"Blue Jays",2025,"RF","25","281","28"
"Clase, Jonatan",682729,"Blue Jays",2025,"CF","288","327","0"
"Stefanic, Michael",683021,"Blue Jays",2025,"2B","207","150","11"
"Robertson, Will",683770,"Blue Jays",2025,"RF","43","290","28"
"Robertson, Will",683770,"Blue Jays",2025,"LF","74","288","-30"
"Loperfido, Joey",694388,"Blue Jays",2025,"RF","237","292","27"
"Loperfido, Joey",694388,"Blue Jays",2025,"LF","712","295","-28"
"Wagner, Will",695238,"Blue Jays",2025,"3B","717","119","-31"
"Wagner, Will",695238,"Blue Jays",2025,"1B","315","111","34"
"Roden, Alan",702176,"Blue Jays",2025,"CF","22","324","-2"
"Roden, Alan",702176,"Blue Jays",2025,"LF","865","294","-28"
"Roden, Alan",702176,"Blue Jays",2025,"RF","234","299","27"
"Bell, Josh",605137,"Nationals",2025,"1B","1113","110","34"
"Rosario, Amed",642708,"Nationals",2025,"2B","523","149","9"
"Rosario, Amed",642708,"Nationals",2025,"3B","806","121","-34"
"DeJong, Paul",657557,"Nationals",2025,"SS","309","147","-12"
"DeJong, Paul",657557,"Nationals",2025,"3B","1170","120","-34"
"DeJong, Paul",657557,"Nationals",2025,"2B","421","149","10"
"DeJong, Paul",657557,"Nationals",2025,"1B","46","105","33"
"Lowe, Nathaniel",663993,"Nationals",2025,"1B","4380","109","36"
"Chaparro, Andrés",665953,"Nationals",2025,"1B","669","112","34"
"Call, Alex",669743,"Nationals",2025,"RF","1357","297","27"
"Call, Alex",669743,"Nationals",2025,"CF","112","325","0"
"Call, Alex",669743,"Nationals",2025,"LF","677","297","-27"
"García Jr., Luis",671277,"Nationals",2025,"1B","63","116","36"
"García Jr., Luis",671277,"Nationals",2025,"2B","4784","149","10"
"Tena, José",677588,"Nationals",2025,"2B","179","149","11"
"Tena, José",677588,"Nationals",2025,"3B","1543","125","-34"
"Abrams, CJ",682928,"Nationals",2025,"SS","5392","148","-14"
"Nuñez, Nasim",683083,"Nationals",2025,"2B","374","147","10"
"Nuñez, Nasim",683083,"Nationals",2025,"CF","23","329","0"
"Nuñez, Nasim",683083,"Nationals",2025,"SS","566","146","-12"
"Crews, Dylan",686611,"Nationals",2025,"CF","486","324","-1"
"Crews, Dylan",686611,"Nationals",2025,"RF","2662","295","26"
"Hassell III, Robert",690987,"Nationals",2025,"LF","132","301","-27"
"Hassell III, Robert",690987,"Nationals",2025,"RF","299","296","27"
"Hassell III, Robert",690987,"Nationals",2025,"CF","1653","326","0"
"House, Brady",691781,"Nationals",2025,"3B","2730","121","-33"
"Wood, James",695578,"Nationals",2025,"LF","4681","301","-27"
"Lile, Daylen",695734,"Nationals",2025,"LF","791","298","-27"
"Lile, Daylen",695734,"Nationals",2025,"RF","1959","299","27"
"Young, Jacob",696285,"Nationals",2025,"CF","4007","323","-1"
"Lipscomb, Trey",702358,"Nationals",2025,"3B","32","123","-27"