"year","last_name, first_name","name_abbrev","player_id","pitch_hand","pitch_comp","pitch_a","pitch_name_a","pitch_b","pitch_name_b","n_pitches","n_pitch_a","pitch_a_active_spin_formatted","pitch_a_hawkeye_measured_clock","pitch_a_hawkeye_measured_clock_label","pitch_a_movement_inferred_clock","pitch_a_movement_inferred_clock_label","pitch_a_diff_measured_inferred_minutes","n_pitch_b","pitch_b_active_spin_formatted","pitch_b_hawkeye_measured_clock","pitch_b_hawkeye_measured_clock_label","pitch_b_movement_inferred_clock","pitch_b_movement_inferred_clock_label","pitch_b_diff_measured_inferred_minutes","gap_diff_measured_inferred_minutes","diff_clock_label","diff_measured_hours","diff_inferred_hours"
2025,"Hill, Rich",,448179,"L","4-Seamer / Sinker","FF","4-Seamer","SI","Sinker",74,63,82,11,"11:00",11.5,"11:30",-30,11,79,10.75,"10:45",9.75,"9:45",60,90,"+0H 15M","0.25","1.75"
2025,"Morton, Charlie",,450203,"R","4-Seamer / Sinker","FF","4-Seamer","SI","Sinker",1087,702,87,1.75,"1:45",1.5,"1:30",15,385,88,2,"2:00",2.75,"2:45",-45,-60,"-0H 15M","-0.25","-1.25"
2025,"Martin, Chris",,455119,"R","4-Seamer / Sinker","FF","4-Seamer","SI","Sinker",275,195,92,1,"1:00",1,"1:00",0,80,83,1,"1:00",2,"2:00",-60,-60," 0H 00M","0","-1"
2025,"Carrasco, Carlos",,471911,"R","4-Seamer / Sinker","FF","4-Seamer","SI","Sinker",337,164,76,1.25,"1:15",1,"1:00",15,173,72,1.5,"1:30",2.5,"2:30",-60,-75,"-0H 15M","-0.25","-1.5"
2025,"García, Luis",,472610,"R","4-Seamer / Sinker","FF","4-Seamer","SI","Sinker",385,11,83,1,"1:00",12.75,"12:45",15,374,85,1,"1:00",2,"2:00",-60,-75," 0H 00M","0","-1.25"
2025,"Kershaw, Clayton",,477132,"L","4-Seamer / Sinker","FF","4-Seamer","SI","Sinker",598,587,84,11.75,"11:45",12,"12:00",-15,11,73,11.75,"11:45",11,"11:00",45,60," 0H 00M","0","1"
2025,"Miley, Wade",,489119,"L","4-Seamer / Sinker","FF","4-Seamer","SI","Sinker",78,47,89,11.25,"11:15",11.5,"11:30",-15,31,88,11,"11:00",10.25,"10:15",45,60,"+0H 15M","0.25","1.25"
2025,"Ottavino, Adam",,493603,"R","4-Seamer / Sinker","FF","4-Seamer","SI","Sinker",25,10,87,1.5,"1:30",1.25,"1:15",15,15,79,1.5,"1:30",2.5,"2:30",-60,-75," 0H 00M","0","-1.25"
2025,"Quintana, Jose",,500779,"L","4-Seamer / Sinker","FF","4-Seamer","SI","Sinker",1200,254,87,11,"11:00",11.5,"11:30",-30,946,86,11,"11:00",10.25,"10:15",45,75," 0H 00M","0","1.25"
2025,"Gibson, Kyle",,502043,"R","4-Seamer / Sinker","FF","4-Seamer","SI","Sinker",125,26,87,1,"1:00",12.75,"12:45",15,99,78,1,"1:00",2.25,"2:15",-75,-90," 0H 00M","0","-1.5"
2025,"Darvish, Yu",,506433,"R","4-Seamer / Sinker","FF","4-Seamer","SI","Sinker",417,172,87,1.5,"1:30",1.25,"1:15",15,245,88,1.5,"1:30",2.25,"2:15",-45,-60," 0H 00M","0","-1"
2025,"Brasier, Ryan",,518489,"R","4-Seamer / Sinker","FF","4-Seamer","SI","Sinker",198,134,90,1.25,"1:15",1,"1:00",15,64,91,1.25,"1:15",2,"2:00",-45,-60," 0H 00M","0","-1"
2025,"Cruz, Fernando",,518585,"R","4-Seamer / Sinker","FF","4-Seamer","SI","Sinker",264,153,91,1,"1:00",12.75,"12:45",15,111,92,12.75,"12:45",1.75,"1:45",-60,-75,"+0H 15M","0.25","-1"
2025,"Kelly, Merrill",,518876,"R","4-Seamer / Sinker","FF","4-Seamer","SI","Sinker",1022,648,84,1.5,"1:30",1.25,"1:15",15,374,82,1.5,"1:30",2.5,"2:30",-60,-75," 0H 00M","0","-1.25"
2025,"Pressly, Ryan",,519151,"R","4-Seamer / Sinker","FF","4-Seamer","SI","Sinker",311,238,71,12.5,"12:30",12,"12:00",30,73,72,12.75,"12:45",2,"2:00",-75,-105,"-0H 15M","-0.25","-2"
2025,"Sale, Chris",,519242,"L","4-Seamer / Sinker","FF","4-Seamer","SI","Sinker",907,837,94,9.75,"9:45",10,"10:00",-15,70,93,9.5,"9:30",9,"9:00",30,45,"+0H 15M","0.25","1"
2025,"Strickland, Hunter",,519326,"R","4-Seamer / Sinker","FF","4-Seamer","SI","Sinker",150,116,81,1.25,"1:15",1,"1:00",15,34,87,1.5,"1:30",2.5,"2:30",-60,-75,"-0H 15M","-0.25","-1.5"
2025,"Pérez, Martín",,527048,"L","4-Seamer / Sinker","FF","4-Seamer","SI","Sinker",313,32,97,10.5,"10:30",10.75,"10:45",-15,281,96,10.5,"10:30",10,"10:00",30,45," 0H 00M","0","0.75"
2025,"Anderson, Tyler",,542881,"L","4-Seamer / Sinker","FF","4-Seamer","SI","Sinker",977,891,99,11.25,"11:15",11.25,"11:15",0,86,96,10.5,"10:30",10,"10:00",30,30,"+0H 45M","0.75","1.25"
2025,"Armstrong, Shawn",,542888,"R","4-Seamer / Sinker","FF","4-Seamer","SI","Sinker",578,321,81,1,"1:00",12.75,"12:45",15,257,87,1.25,"1:15",2,"2:00",-45,-60,"-0H 15M","-0.25","-1.25"
2025,"Coulombe, Danny",,543056,"L","4-Seamer / Sinker","FF","4-Seamer","SI","Sinker",250,137,71,11.75,"11:45",12,"12:00",-15,113,70,11.75,"11:45",10.75,"10:45",60,75," 0H 00M","0","1.25"
2025,"DeSclafani, Anthony",,543101,"R","4-Seamer / Sinker","FF","4-Seamer","SI","Sinker",227,106,96,1.5,"1:30",1.5,"1:30",0,121,95,1.5,"1:30",2,"2:00",-30,-30," 0H 00M","0","-0.5"
2025,"Eovaldi, Nathan",,543135,"R","4-Seamer / Sinker","FF","4-Seamer","SI","Sinker",525,428,94,1.5,"1:30",1.75,"1:45",-15,97,94,1.5,"1:30",2.25,"2:15",-45,-30," 0H 00M","0","-0.5"
2025,"Gray, Sonny",,543243,"R","4-Seamer / Sinker","FF","4-Seamer","SI","Sinker",1063,589,58,12.5,"12:30",11.75,"11:45",45,474,57,12.75,"12:45",1.75,"1:45",-60,-105,"-0H 15M","-0.25","-2"
2025,"Hendricks, Kyle",,543294,"R","4-Seamer / Sinker","FF","4-Seamer","SI","Sinker",1364,391,88,1.25,"1:15",12.75,"12:45",30,973,80,1,"1:00",2.25,"2:15",-75,-105,"+0H 15M","0.25","-1.5"
2025,"McGough, Scott",,543518,"R","4-Seamer / Sinker","FF","4-Seamer","SI","Sinker",127,115,95,1,"1:00",12.75,"12:45",15,12,97,1,"1:00",1.5,"1:30",-30,-45," 0H 00M","0","-0.75"
2025,"Tonkin, Michael",,543859,"R","4-Seamer / Sinker","FF","4-Seamer","SI","Sinker",258,213,93,2,"2:00",1.75,"1:45",15,45,90,2,"2:00",2.5,"2:30",-30,-45," 0H 00M","0","-0.75"
2025,"Lorenzen, Michael",,547179,"R","4-Seamer / Sinker","FF","4-Seamer","SI","Sinker",924,506,95,1.5,"1:30",1.25,"1:15",15,418,91,1.5,"1:30",2.25,"2:15",-45,-60," 0H 00M","0","-1"
2025,"Kelly, Michael",,547184,"R","4-Seamer / Sinker","FF","4-Seamer","SI","Sinker",220,192,81,1,"1:00",12.75,"12:45",15,28,79,1,"1:00",2,"2:00",-60,-75," 0H 00M","0","-1.25"
2025,"Chapman, Aroldis",,547973,"L","4-Seamer / Sinker","FF","4-Seamer","SI","Sinker",674,372,90,11.5,"11:30",11.75,"11:45",-15,302,88,11.5,"11:30",10.75,"10:45",45,60," 0H 00M","0","1"
2025,"Kittredge, Andrew",,552640,"R","4-Seamer / Sinker","FF","4-Seamer","SI","Sinker",352,81,74,12.75,"12:45",12.25,"12:15",30,271,83,1,"1:00",2,"2:00",-60,-90,"-0H 15M","-0.25","-1.75"
2025,"García, Yimi",,554340,"R","4-Seamer / Sinker","FF","4-Seamer","SI","Sinker",210,157,81,1.5,"1:30",1.25,"1:15",15,53,82,1.5,"1:30",2.5,"2:30",-60,-75," 0H 00M","0","-1.25"
2025,"Wheeler, Zack",,554430,"R","4-Seamer / Sinker","FF","4-Seamer","SI","Sinker",1383,977,86,1.5,"1:30",1.25,"1:15",15,406,86,1.5,"1:30",2.25,"2:15",-45,-60," 0H 00M","0","-1"
2025,"Ureña, José",,570632,"R","4-Seamer / Sinker","FF","4-Seamer","SI","Sinker",428,328,98,1.75,"1:45",2,"2:00",-15,100,96,1.75,"1:45",2.25,"2:15",-30,-15," 0H 00M","0","-0.25"
2025,"Boyd, Matthew",,571510,"L","4-Seamer / Sinker","FF","4-Seamer","SI","Sinker",1374,1273,95,10.25,"10:15",10.5,"10:30",-15,101,95,10.25,"10:15",9.75,"9:45",30,45," 0H 00M","0","0.75"
2025,"Corbin, Patrick",,571578,"L","4-Seamer / Sinker","FF","4-Seamer","SI","Sinker",808,85,86,10.75,"10:45",11,"11:00",-15,723,84,10.75,"10:45",10,"10:00",45,60," 0H 00M","0","1"
2025,"Heaney, Andrew",,571760,"L","4-Seamer / Sinker","FF","4-Seamer","SI","Sinker",1138,907,99,10,"10:00",10.25,"10:15",-15,231,97,9.5,"9:30",9.25,"9:15",15,30,"+0H 30M","0.5","1"
2025,"Mikolas, Miles",,571945,"R","4-Seamer / Sinker","FF","4-Seamer","SI","Sinker",1107,699,91,1.25,"1:15",1,"1:00",15,408,85,1.25,"1:15",2,"2:00",-45,-60," 0H 00M","0","-1"
2025,"Milner, Hoby",,571948,"L","4-Seamer / Sinker","FF","4-Seamer","SI","Sinker",522,163,95,9.25,"9:15",9.5,"9:30",-15,359,92,9.25,"9:15",8.75,"8:45",30,45," 0H 00M","0","0.75"
2025,"Stroman, Marcus",,573186,"R","4-Seamer / Sinker","FF","4-Seamer","SI","Sinker",281,30,64,1,"1:00",12.75,"12:45",15,251,61,1,"1:00",2.5,"2:30",-90,-105," 0H 00M","0","-1.75"
2025,"Kikuchi, Yusei",,579328,"L","4-Seamer / Sinker","FF","4-Seamer","SI","Sinker",1115,1079,91,10.5,"10:30",11,"11:00",-30,36,89,10.75,"10:45",10,"10:00",45,75,"-0H 15M","-0.25","1"
2025,"Stewart, Brock",,592779,"R","4-Seamer / Sinker","FF","4-Seamer","SI","Sinker",390,322,73,1,"1:00",12.75,"12:45",15,68,77,1.5,"1:30",2.5,"2:30",-60,-75,"-0H 30M","-0.5","-1.75"
2025,"Taillon, Jameson",,592791,"R","4-Seamer / Sinker","FF","4-Seamer","SI","Sinker",893,759,94,1,"1:00",12.75,"12:45",15,134,93,12.75,"12:45",1.5,"1:30",-45,-60,"+0H 15M","0.25","-0.75"
2025,"Walker, Taijuan",,592836,"R","4-Seamer / Sinker","FF","4-Seamer","SI","Sinker",612,195,97,1.25,"1:15",1,"1:00",15,417,96,1.25,"1:15",1.75,"1:45",-30,-45," 0H 00M","0","-0.75"
2025,"Williams, Trevor",,592866,"R","4-Seamer / Sinker","FF","4-Seamer","SI","Sinker",732,617,62,1,"1:00",12.5,"12:30",30,115,68,1.25,"1:15",2.5,"2:30",-75,-105,"-0H 15M","-0.25","-2"
2025,"Montas, Frankie",,593423,"R","4-Seamer / Sinker","FF","4-Seamer","SI","Sinker",297,172,83,1,"1:00",12.5,"12:30",30,125,80,12.75,"12:45",2,"2:00",-75,-105,"+0H 15M","0.25","-1.5"
2025,"Neris, Héctor",,593576,"R","4-Seamer / Sinker","FF","4-Seamer","SI","Sinker",260,220,87,1.25,"1:15",1,"1:00",15,40,91,1.25,"1:15",2,"2:00",-45,-60," 0H 00M","0","-1"
2025,"Rodriguez, Eduardo",,593958,"L","4-Seamer / Sinker","FF","4-Seamer","SI","Sinker",1427,1177,80,11.25,"11:15",11.25,"11:15",0,250,78,11.25,"11:15",10.5,"10:30",45,45," 0H 00M","0","0.75"
2025,"Peralta, Wandy",,593974,"L","4-Seamer / Sinker","FF","4-Seamer","SI","Sinker",556,59,95,10.5,"10:30",10.5,"10:30",0,497,95,10.5,"10:30",9.75,"9:45",45,45," 0H 00M","0","0.75"
2025,"Moll, Sam",,594580,"L","4-Seamer / Sinker","FF","4-Seamer","SI","Sinker",139,68,70,9.75,"9:45",10.5,"10:30",-45,71,76,9.5,"9:30",8.75,"8:45",45,90,"+0H 15M","0.25","1.75"
2025,"Lively, Ben",,594902,"R","4-Seamer / Sinker","FF","4-Seamer","SI","Sinker",414,207,97,1.25,"1:15",1,"1:00",15,207,96,1.25,"1:15",1.75,"1:45",-30,-45," 0H 00M","0","-0.75"
2025,"Treinen, Blake",,595014,"R","4-Seamer / Sinker","FF","4-Seamer","SI","Sinker",201,58,79,1.5,"1:30",1.25,"1:15",15,143,82,1.5,"1:30",2.5,"2:30",-60,-75," 0H 00M","0","-1.25"
2025,"Burdi, Nick",,595897,"R","4-Seamer / Sinker","FF","4-Seamer","SI","Sinker",54,19,81,2,"2:00",1.5,"1:30",30,35,82,2,"2:00",3,"3:00",-60,-90," 0H 00M","0","-1.5"
2025,"Junis, Jakob",,596001,"R","4-Seamer / Sinker","FF","4-Seamer","SI","Sinker",343,89,75,1.25,"1:15",12.75,"12:45",30,254,71,1.25,"1:15",2.5,"2:30",-75,-105," 0H 00M","0","-1.75"
2025,"Lawrence, Casey",,596271,"R","4-Seamer / Sinker","FF","4-Seamer","SI","Sinker",128,19,89,2,"2:00",1.75,"1:45",15,109,89,1.75,"1:45",2.75,"2:45",-60,-75,"+0H 15M","0.25","-1"
2025,"Leclerc, José",,600917,"R","4-Seamer / Sinker","FF","4-Seamer","SI","Sinker",92,74,79,12.75,"12:45",12.25,"12:15",30,18,78,12.75,"12:45",2,"2:00",-75,-105," 0H 00M","0","-1.75"
2025,"Pivetta, Nick",,601713,"R","4-Seamer / Sinker","FF","4-Seamer","SI","Sinker",1446,1382,95,12.25,"12:15",12.25,"12:15",0,64,96,12.5,"12:30",1,"1:00",-30,-30,"-0H 15M","-0.25","-0.75"
2025,"Barlow, Scott",,605130,"R","4-Seamer / Sinker","FF","4-Seamer","SI","Sinker",453,259,66,1.25,"1:15",12.5,"12:30",45,194,69,1,"1:00",2,"2:00",-60,-105,"+0H 15M","0.25","-1.5"
2025,"Bassitt, Chris",,605135,"R","4-Seamer / Sinker","FF","4-Seamer","SI","Sinker",1374,263,74,1.25,"1:15",1,"1:00",15,1111,76,1.5,"1:30",2.5,"2:30",-60,-75,"-0H 15M","-0.25","-1.5"
2025,"Chafin, Andrew",,605177,"L","4-Seamer / Sinker","FF","4-Seamer","SI","Sinker",371,130,95,10.75,"10:45",11,"11:00",-15,241,93,10.75,"10:45",10.25,"10:15",30,45," 0H 00M","0","0.75"
2025,"Holmes, Clay",,605280,"R","4-Seamer / Sinker","FF","4-Seamer","SI","Sinker",1181,143,77,1.25,"1:15",1,"1:00",15,1038,68,1.5,"1:30",2.75,"2:45",-75,-90,"-0H 15M","-0.25","-1.75"
2025,"Houser, Adrian",,605288,"R","4-Seamer / Sinker","FF","4-Seamer","SI","Sinker",1087,220,92,1.5,"1:30",1.25,"1:15",15,867,89,1.5,"1:30",2.5,"2:30",-60,-75," 0H 00M","0","-1.25"
2025,"López, Jorge",,605347,"R","4-Seamer / Sinker","FF","4-Seamer","SI","Sinker",203,99,96,1.5,"1:30",1.25,"1:15",15,104,95,1.5,"1:30",2.25,"2:15",-45,-60," 0H 00M","0","-1"
2025,"Nola, Aaron",,605400,"R","4-Seamer / Sinker","FF","4-Seamer","SI","Sinker",749,473,95,1.5,"1:30",1.5,"1:30",0,276,93,1.5,"1:30",2.25,"2:15",-45,-45," 0H 00M","0","-0.75"
2025,"Ross, Joe",,605452,"R","4-Seamer / Sinker","FF","4-Seamer","SI","Sinker",550,321,76,1,"1:00",12.5,"12:30",30,229,79,1,"1:00",2,"2:00",-60,-90," 0H 00M","0","-1.5"
2025,"Scott, Tayler",,605463,"R","4-Seamer / Sinker","FF","4-Seamer","SI","Sinker",271,256,96,2,"2:00",2,"2:00",0,15,96,2.5,"2:30",2.75,"2:45",-15,-15,"-0H 30M","-0.5","-0.75"
2025,"Woodruff, Brandon",,605540,"R","4-Seamer / Sinker","FF","4-Seamer","SI","Sinker",593,296,87,12.75,"12:45",12.5,"12:30",15,297,87,12.75,"12:45",1.5,"1:30",-45,-60," 0H 00M","0","-1"
2025,"Montero, Rafael",,606160,"R","4-Seamer / Sinker","FF","4-Seamer","SI","Sinker",495,439,89,1.5,"1:30",1.25,"1:15",15,56,87,1.25,"1:15",2.25,"2:15",-60,-75,"+0H 15M","0.25","-1"
2025,"Payamps, Joel",,606303,"R","4-Seamer / Sinker","FF","4-Seamer","SI","Sinker",232,166,74,1,"1:00",12.75,"12:45",15,66,76,1,"1:00",2.25,"2:15",-75,-90," 0H 00M","0","-1.5"
2025,"Hart, Kyle",,606996,"L","4-Seamer / Sinker","FF","4-Seamer","SI","Sinker",261,110,88,10.5,"10:30",11,"11:00",-30,151,86,10.5,"10:30",9.75,"9:45",45,75," 0H 00M","0","1.25"
2025,"Rea, Colin",,607067,"R","4-Seamer / Sinker","FF","4-Seamer","SI","Sinker",1317,1066,87,1.25,"1:15",1.25,"1:15",0,251,80,1,"1:00",2.25,"2:15",-75,-75,"+0H 15M","0.25","-1"
2025,"Rodón, Carlos",,607074,"L","4-Seamer / Sinker","FF","4-Seamer","SI","Sinker",1643,1338,98,10.75,"10:45",11,"11:00",-15,305,81,10.5,"10:30",9.5,"9:30",60,75,"+0H 15M","0.25","1.5"
2025,"Glasnow, Tyler",,607192,"R","4-Seamer / Sinker","FF","4-Seamer","SI","Sinker",796,523,75,12.25,"12:15",12.25,"12:15",0,273,74,12.25,"12:15",1.25,"1:15",-60,-60," 0H 00M","0","-1"
2025,"Martinez, Nick",,607259,"R","4-Seamer / Sinker","FF","4-Seamer","SI","Sinker",974,535,91,12.75,"12:45",12.5,"12:30",15,439,90,12.75,"12:45",1.5,"1:30",-45,-60," 0H 00M","0","-1"
2025,"Banda, Anthony",,607455,"L","4-Seamer / Sinker","FF","4-Seamer","SI","Sinker",489,235,96,10.5,"10:30",10.75,"10:45",-15,254,94,10.5,"10:30",10,"10:00",30,45," 0H 00M","0","0.75"
2025,"Bummer, Aaron",,607481,"L","4-Seamer / Sinker","FF","4-Seamer","SI","Sinker",431,117,75,10.25,"10:15",10.75,"10:45",-30,314,75,10,"10:00",9,"9:00",60,90,"+0H 15M","0.25","1.75"
2025,"Freeland, Kyle",,607536,"L","4-Seamer / Sinker","FF","4-Seamer","SI","Sinker",975,827,89,10.75,"10:45",11,"11:00",-15,148,83,10.75,"10:45",9.75,"9:45",60,75," 0H 00M","0","1.25"
2025,"Lugo, Seth",,607625,"R","4-Seamer / Sinker","FF","4-Seamer","SI","Sinker",846,500,85,1,"1:00",1,"1:00",0,346,83,1.25,"1:15",2.25,"2:15",-60,-60,"-0H 15M","-0.25","-1.25"
2025,"Fried, Max",,608331,"L","4-Seamer / Sinker","FF","4-Seamer","SI","Sinker",929,387,81,11.25,"11:15",11.5,"11:30",-15,542,65,11,"11:00",9.5,"9:30",90,105,"+0H 15M","0.25","2"
2025,"Fulmer, Carson",,608334,"R","4-Seamer / Sinker","FF","4-Seamer","SI","Sinker",219,122,88,1.25,"1:15",1,"1:00",15,97,80,1.25,"1:15",2,"2:00",-45,-60," 0H 00M","0","-1"
2025,"Sugano, Tomoyuki",,608372,"R","4-Seamer / Sinker","FF","4-Seamer","SI","Sinker",889,485,86,1,"1:00",12.75,"12:45",15,404,83,1,"1:00",1.75,"1:45",-45,-60," 0H 00M","0","-1"
2025,"Wacha, Michael",,608379,"R","4-Seamer / Sinker","FF","4-Seamer","SI","Sinker",1053,769,98,12.75,"12:45",12.75,"12:45",0,284,96,1,"1:00",1.5,"1:30",-30,-30,"-0H 15M","-0.25","-0.75"
2025,"Márquez, Germán",,608566,"R","4-Seamer / Sinker","FF","4-Seamer","SI","Sinker",1148,737,96,1.5,"1:30",1.25,"1:15",15,411,94,1.25,"1:15",2,"2:00",-45,-60,"+0H 15M","0.25","-0.75"
2025,"Enns, Dietrich",,608650,"L","4-Seamer / Sinker","FF","4-Seamer","SI","Sinker",341,306,96,11.25,"11:15",11.25,"11:15",0,35,96,11,"11:00",10.75,"10:45",15,15,"+0H 15M","0.25","0.5"
2025,"Graveman, Kendall",,608665,"R","4-Seamer / Sinker","FF","4-Seamer","SI","Sinker",180,52,90,1.25,"1:15",1,"1:00",15,128,94,1.5,"1:30",2,"2:00",-30,-45,"-0H 15M","-0.25","-1"
2025,"Stratton, Chris",,608717,"R","4-Seamer / Sinker","FF","4-Seamer","SI","Sinker",176,165,81,1,"1:00",12.75,"12:45",15,11,78,1,"1:00",2.25,"2:15",-75,-90," 0H 00M","0","-1.5"
2025,"Suter, Brent",,608718,"L","4-Seamer / Sinker","FF","4-Seamer","SI","Sinker",702,460,71,11.75,"11:45",12.5,"12:30",-45,242,88,11.25,"11:15",10.5,"10:30",45,90,"+0H 30M","0.5","2"
2025,"Castro, Miguel",,612434,"R","4-Seamer / Sinker","FF","4-Seamer","SI","Sinker",63,50,99,2.25,"2:15",2.5,"2:30",-15,13,98,2.5,"2:30",2.75,"2:45",-15,0,"-0H 15M","-0.25","-0.25"
2025,"Ruiz, José",,614179,"R","4-Seamer / Sinker","FF","4-Seamer","SI","Sinker",162,115,93,1,"1:00",12.75,"12:45",15,47,91,1,"1:00",1.75,"1:45",-45,-60," 0H 00M","0","-1"
2025,"Quantrill, Cal",,615698,"R","4-Seamer / Sinker","FF","4-Seamer","SI","Sinker",741,408,99,1.25,"1:15",1.25,"1:15",0,333,98,1.5,"1:30",1.75,"1:45",-15,-15,"-0H 15M","-0.25","-0.5"
2025,"Castillo, José",,620454,"L","4-Seamer / Sinker","FF","4-Seamer","SI","Sinker",281,81,78,10.5,"10:30",11,"11:00",-30,200,75,10.75,"10:45",9.5,"9:30",75,105,"-0H 15M","-0.25","1.5"
2025,"Ferguson, Tyler",,621053,"R","4-Seamer / Sinker","FF","4-Seamer","SI","Sinker",525,380,84,1.5,"1:30",1,"1:00",30,145,83,1.75,"1:45",2.5,"2:30",-45,-75,"-0H 15M","-0.25","-1.5"
2025,"Eflin, Zach",,621107,"R","4-Seamer / Sinker","FF","4-Seamer","SI","Sinker",332,144,83,1.75,"1:45",1.5,"1:30",15,188,75,1.75,"1:45",2.75,"2:45",-60,-75," 0H 00M","0","-1.25"
2025,"Buehler, Walker",,621111,"R","4-Seamer / Sinker","FF","4-Seamer","SI","Sinker",910,553,92,12.75,"12:45",12.75,"12:45",0,357,89,1.25,"1:15",2,"2:00",-45,-45,"-0H 30M","-0.5","-1.25"
2025,"Blackburn, Paul",,621112,"R","4-Seamer / Sinker","FF","4-Seamer","SI","Sinker",227,29,80,1,"1:00",12.75,"12:45",15,198,84,1,"1:00",2.25,"2:15",-75,-90," 0H 00M","0","-1.5"
2025,"McCullers Jr., Lance",,621121,"R","4-Seamer / Sinker","FF","4-Seamer","SI","Sinker",346,64,73,1.5,"1:30",1.25,"1:15",15,282,70,1.5,"1:30",2.5,"2:30",-60,-75," 0H 00M","0","-1.25"
2025,"Bowman, Matt",,621199,"R","4-Seamer / Sinker","FF","4-Seamer","SI","Sinker",206,13,75,1.5,"1:30",1,"1:00",30,193,90,2,"2:00",2.75,"2:45",-45,-75,"-0H 30M","-0.5","-1.75"
2025,"Berríos, José",,621244,"R","4-Seamer / Sinker","FF","4-Seamer","SI","Sinker",1326,478,94,1.5,"1:30",1.25,"1:15",15,848,99,1.5,"1:30",2,"2:00",-30,-45," 0H 00M","0","-0.75"
2025,"Strahm, Matt",,621381,"L","4-Seamer / Sinker","FF","4-Seamer","SI","Sinker",516,367,98,10.5,"10:30",10.5,"10:30",0,149,98,10.5,"10:30",10,"10:00",30,30," 0H 00M","0","0.5"
2025,"Banks, Tanner",,621383,"L","4-Seamer / Sinker","FF","4-Seamer","SI","Sinker",361,230,79,11.25,"11:15",11.75,"11:45",-30,131,79,11.25,"11:15",10,"10:00",75,105," 0H 00M","0","1.75"
2025,"Castillo, Luis F.",,622379,"R","4-Seamer / Sinker","FF","4-Seamer","SI","Sinker",104,77,84,2,"2:00",1.75,"1:45",15,27,90,2.25,"2:15",3,"3:00",-45,-60,"-0H 15M","-0.25","-1.25"
2025,"Castillo, Luis",,622491,"R","4-Seamer / Sinker","FF","4-Seamer","SI","Sinker",1991,1354,91,2,"2:00",1.75,"1:45",15,637,93,2,"2:00",2.75,"2:45",-45,-60," 0H 00M","0","-1"
2025,"Crismatt, Nabil",,622503,"R","4-Seamer / Sinker","FF","4-Seamer","SI","Sinker",213,85,90,1.25,"1:15",1,"1:00",15,128,88,1.25,"1:15",2,"2:00",-45,-60," 0H 00M","0","-1"
2025,"Domínguez, Seranthony",,622554,"R","4-Seamer / Sinker","FF","4-Seamer","SI","Sinker",617,471,83,1,"1:00",12.75,"12:45",15,146,82,1,"1:00",2,"2:00",-60,-75," 0H 00M","0","-1.25"
2025,"Senzatela, Antonio",,622608,"R","4-Seamer / Sinker","FF","4-Seamer","SI","Sinker",1332,1216,84,1,"1:00",12.75,"12:45",15,116,85,1.25,"1:15",1.25,"1:15",0,-15,"-0H 15M","-0.25","-0.5"
2025,"Severino, Luis",,622663,"R","4-Seamer / Sinker","FF","4-Seamer","SI","Sinker",1321,754,92,1,"1:00",12.75,"12:45",15,567,91,1,"1:00",1.75,"1:45",-45,-60," 0H 00M","0","-1"
2025,"Tinoco, Jesus",,622786,"R","4-Seamer / Sinker","FF","4-Seamer","SI","Sinker",128,31,91,2,"2:00",1.75,"1:45",15,97,88,2,"2:00",2.75,"2:45",-45,-60," 0H 00M","0","-1"
2025,"Brazobán, Huascar",,623211,"R","4-Seamer / Sinker","FF","4-Seamer","SI","Sinker",498,121,93,1.5,"1:30",1.25,"1:15",15,377,91,1.5,"1:30",2.25,"2:15",-45,-60," 0H 00M","0","-1"
2025,"Herget, Jimmy",,623474,"R","4-Seamer / Sinker","FF","4-Seamer","SI","Sinker",449,94,87,2.25,"2:15",2,"2:00",15,355,88,2.25,"2:15",3.25,"3:15",-60,-75," 0H 00M","0","-1.25"
2025,"Suárez, Ranger",,624133,"L","4-Seamer / Sinker","FF","4-Seamer","SI","Sinker",1004,354,80,10.5,"10:30",11,"11:00",-30,650,73,10.75,"10:45",9.5,"9:30",75,105,"-0H 15M","-0.25","1.5"
2025,"Maeda, Kenta",,628317,"R","4-Seamer / Sinker","FF","4-Seamer","SI","Sinker",43,33,77,1,"1:00",12.75,"12:45",15,10,69,1,"1:00",2.25,"2:15",-75,-90," 0H 00M","0","-1.5"
2025,"Iglesias, Raisel",,628452,"R","4-Seamer / Sinker","FF","4-Seamer","SI","Sinker",587,373,86,1.5,"1:30",1,"1:00",30,214,90,1.5,"1:30",2.25,"2:15",-45,-75," 0H 00M","0","-1.25"
2025,"López, Pablo",,641154,"R","4-Seamer / Sinker","FF","4-Seamer","SI","Sinker",598,517,78,1.25,"1:15",1,"1:00",15,81,79,1.25,"1:15",2.25,"2:15",-60,-75," 0H 00M","0","-1.25"
2025,"Alexander, Tyler",,641302,"L","4-Seamer / Sinker","FF","4-Seamer","SI","Sinker",704,414,90,10.75,"10:45",11,"11:00",-15,290,90,10.5,"10:30",9.75,"9:45",45,60,"+0H 15M","0.25","1.25"
2025,"Hamilton, Ian",,641656,"R","4-Seamer / Sinker","FF","4-Seamer","SI","Sinker",393,90,93,1.25,"1:15",1.25,"1:15",0,303,87,1.5,"1:30",2.25,"2:15",-45,-45,"-0H 15M","-0.25","-1"
2025,"Hatch, Thomas",,641672,"R","4-Seamer / Sinker","FF","4-Seamer","SI","Sinker",170,69,81,1,"1:00",12.75,"12:45",15,101,84,1,"1:00",2,"2:00",-60,-75," 0H 00M","0","-1.25"
2025,"Keller, Brad",,641745,"R","4-Seamer / Sinker","FF","4-Seamer","SI","Sinker",607,472,75,12.5,"12:30",12.25,"12:15",15,135,78,12.75,"12:45",1.75,"1:45",-60,-75,"-0H 15M","-0.25","-1.5"
2025,"Littell, Zack",,641793,"R","4-Seamer / Sinker","FF","4-Seamer","SI","Sinker",1071,642,96,1,"1:00",1,"1:00",0,429,94,1,"1:00",1.75,"1:45",-45,-45," 0H 00M","0","-0.75"
2025,"Ober, Bailey",,641927,"R","4-Seamer / Sinker","FF","4-Seamer","SI","Sinker",920,839,90,1,"1:00",1,"1:00",0,81,95,1.5,"1:30",1.75,"1:45",-15,-15,"-0H 30M","-0.5","-0.75"
2025,"Robert, Daniel",,642016,"R","4-Seamer / Sinker","FF","4-Seamer","SI","Sinker",82,59,85,1.25,"1:15",1,"1:00",15,23,79,1.25,"1:15",2.25,"2:15",-60,-75," 0H 00M","0","-1.25"
2025,"Speier, Gabe",,642100,"L","4-Seamer / Sinker","FF","4-Seamer","SI","Sinker",658,394,94,10.5,"10:30",10.75,"10:45",-15,264,93,10.5,"10:30",9.75,"9:45",45,60," 0H 00M","0","1"
2025,"Trivino, Lou",,642152,"R","4-Seamer / Sinker","FF","4-Seamer","SI","Sinker",316,132,94,1.25,"1:15",1,"1:00",15,184,90,1.25,"1:15",2,"2:00",-45,-60," 0H 00M","0","-1"
2025,"Winans, Allan",,642216,"R","4-Seamer / Sinker","FF","4-Seamer","SI","Sinker",78,25,90,1.75,"1:45",1.5,"1:30",15,53,85,1.75,"1:45",2.5,"2:30",-45,-60," 0H 00M","0","-1"
2025,"Yarbrough, Ryan",,642232,"L","4-Seamer / Sinker","FF","4-Seamer","SI","Sinker",347,140,99,9.75,"9:45",10,"10:00",-15,207,99,9.75,"9:45",9.25,"9:15",30,45," 0H 00M","0","0.75"
2025,"Soto, Gregory",,642397,"L","4-Seamer / Sinker","FF","4-Seamer","SI","Sinker",603,70,90,10.75,"10:45",10.5,"10:30",15,533,92,10.5,"10:30",9.75,"9:45",45,30,"+0H 15M","0.25","0.75"
2025,"Garabito, Gerson",,642520,"R","4-Seamer / Sinker","FF","4-Seamer","SI","Sinker",46,25,80,1,"1:00",12.5,"12:30",30,21,75,1,"1:00",2.25,"2:15",-75,-105," 0H 00M","0","-1.75"
2025,"Loáisiga, Jonathan",,642528,"R","4-Seamer / Sinker","FF","4-Seamer","SI","Sinker",283,14,88,1.5,"1:30",1,"1:00",30,269,89,1.5,"1:30",2.5,"2:30",-60,-90," 0H 00M","0","-1.5"
2025,"Santana, Dennis",,642701,"R","4-Seamer / Sinker","FF","4-Seamer","SI","Sinker",358,282,92,1.5,"1:30",1.25,"1:15",15,76,89,1.5,"1:30",2.25,"2:15",-45,-60," 0H 00M","0","-1"
2025,"Green, Chad",,643338,"R","4-Seamer / Sinker","FF","4-Seamer","SI","Sinker",372,356,92,1,"1:00",12.75,"12:45",15,16,89,1,"1:00",1.75,"1:45",-45,-60," 0H 00M","0","-1"
2025,"Jax, Griffin",,643377,"R","4-Seamer / Sinker","FF","4-Seamer","SI","Sinker",320,194,82,1,"1:00",12.75,"12:45",15,126,79,1,"1:00",2,"2:00",-60,-75," 0H 00M","0","-1.25"
2025,"Alcantara, Sandy",,645261,"R","4-Seamer / Sinker","FF","4-Seamer","SI","Sinker",1240,505,97,1.75,"1:45",1.75,"1:45",0,735,96,1.75,"1:45",2.25,"2:15",-30,-30," 0H 00M","0","-0.5"
2025,"Soroka, Michael",,647336,"R","4-Seamer / Sinker","FF","4-Seamer","SI","Sinker",841,689,86,1.5,"1:30",1,"1:00",30,152,86,1.5,"1:30",2.25,"2:15",-45,-75," 0H 00M","0","-1.25"
2025,"Abreu, Bryan",,650556,"R","4-Seamer / Sinker","FF","4-Seamer","SI","Sinker",608,594,87,1,"1:00",12.75,"12:45",15,14,88,1.25,"1:15",2,"2:00",-45,-60,"-0H 15M","-0.25","-1.25"
2025,"King, Michael",,650633,"R","4-Seamer / Sinker","FF","4-Seamer","SI","Sinker",627,296,85,1.25,"1:15",12.75,"12:45",30,331,77,1.5,"1:30",2.75,"2:45",-75,-105,"-0H 15M","-0.25","-2"
2025,"Civale, Aaron",,650644,"R","4-Seamer / Sinker","FF","4-Seamer","SI","Sinker",563,271,94,1,"1:00",12.75,"12:45",15,292,92,1.25,"1:15",1.75,"1:45",-30,-45,"-0H 15M","-0.25","-1"
2025,"Cabrera, Génesis",,650893,"L","4-Seamer / Sinker","FF","4-Seamer","SI","Sinker",337,155,93,10.75,"10:45",11,"11:00",-15,182,92,10.75,"10:45",10.25,"10:15",30,45," 0H 00M","0","0.75"
2025,"Rodríguez, Manuel",,655889,"R","4-Seamer / Sinker","FF","4-Seamer","SI","Sinker",217,71,80,12.75,"12:45",12.5,"12:30",15,146,88,1,"1:00",2,"2:00",-60,-75,"-0H 15M","-0.25","-1.5"
2025,"Altavilla, Dan",,656186,"R","4-Seamer / Sinker","FF","4-Seamer","SI","Sinker",237,119,95,1.5,"1:30",1.25,"1:15",15,118,91,1.5,"1:30",2.25,"2:15",-45,-60," 0H 00M","0","-1"
2025,"Burke, Brock",,656271,"L","4-Seamer / Sinker","FF","4-Seamer","SI","Sinker",511,431,93,10.75,"10:45",11,"11:00",-15,80,88,10.75,"10:45",10,"10:00",45,60," 0H 00M","0","1"
2025,"Cease, Dylan",,656302,"R","4-Seamer / Sinker","FF","4-Seamer","SI","Sinker",1393,1250,89,12.5,"12:30",12.5,"12:30",0,143,85,12.25,"12:15",1.25,"1:15",-60,-60,"+0H 15M","0.25","-0.75"
2025,"Flaherty, Jack",,656427,"R","4-Seamer / Sinker","FF","4-Seamer","SI","Sinker",1327,1285,87,1,"1:00",12.75,"12:45",15,42,82,1,"1:00",2.25,"2:15",-75,-90," 0H 00M","0","-1.5"
2025,"Gilbert, Tyler",,656457,"L","4-Seamer / Sinker","FF","4-Seamer","SI","Sinker",351,98,85,10.25,"10:15",10.5,"10:30",-15,253,84,10,"10:00",9.25,"9:15",45,60,"+0H 15M","0.25","1.25"
2025,"Ginkel, Kevin",,656464,"R","4-Seamer / Sinker","FF","4-Seamer","SI","Sinker",282,242,90,1.25,"1:15",1,"1:00",15,40,91,1.25,"1:15",1.75,"1:45",-30,-45," 0H 00M","0","-0.75"
2025,"Hoffman, Jeff",,656546,"R","4-Seamer / Sinker","FF","4-Seamer","SI","Sinker",522,440,98,1.25,"1:15",1.25,"1:15",0,82,99,1.5,"1:30",1.75,"1:45",-15,-15,"-0H 15M","-0.25","-0.5"
2025,"Houck, Tanner",,656557,"R","4-Seamer / Sinker","FF","4-Seamer","SI","Sinker",334,44,74,2,"2:00",1.75,"1:45",15,290,78,2,"2:00",3,"3:00",-60,-75," 0H 00M","0","-1.25"
2025,"Keller, Mitch",,656605,"R","4-Seamer / Sinker","FF","4-Seamer","SI","Sinker",1500,1057,85,1.25,"1:15",1,"1:00",15,443,74,1.25,"1:15",2,"2:00",-45,-60," 0H 00M","0","-1"
2025,"Megill, Tylor",,656731,"R","4-Seamer / Sinker","FF","4-Seamer","SI","Sinker",759,521,85,1,"1:00",12.75,"12:45",15,238,80,1,"1:00",2.25,"2:15",-75,-90," 0H 00M","0","-1.5"
2025,"Newcomb, Sean",,656794,"L","4-Seamer / Sinker","FF","4-Seamer","SI","Sinker",790,455,90,10.5,"10:30",10.75,"10:45",-15,335,83,10.5,"10:30",9.5,"9:30",60,75," 0H 00M","0","1.25"
2025,"Peterson, David",,656849,"L","4-Seamer / Sinker","FF","4-Seamer","SI","Sinker",1374,611,72,11,"11:00",11.25,"11:15",-15,763,75,11,"11:00",9.75,"9:45",75,90," 0H 00M","0","1.5"
2025,"Rasmussen, Drew",,656876,"R","4-Seamer / Sinker","FF","4-Seamer","SI","Sinker",1345,819,91,12.75,"12:45",12.5,"12:30",15,526,89,1,"1:00",1.75,"1:45",-45,-60,"-0H 15M","-0.25","-1.25"
2025,"Steele, Justin",,657006,"L","4-Seamer / Sinker","FF","4-Seamer","SI","Sinker",159,142,66,11.25,"11:15",12,"12:00",-45,17,72,11.25,"11:15",10,"10:00",75,120," 0H 00M","0","2"
2025,"Thompson, Ryan",,657044,"R","4-Seamer / Sinker","FF","4-Seamer","SI","Sinker",329,50,73,2.75,"2:45",2,"2:00",45,279,75,3,"3:00",4,"4:00",-60,-105,"-0H 15M","-0.25","-2"
2025,"Webb, Logan",,657277,"R","4-Seamer / Sinker","FF","4-Seamer","SI","Sinker",1251,256,76,2,"2:00",1.5,"1:30",30,995,78,2,"2:00",3,"3:00",-60,-90," 0H 00M","0","-1.5"
2025,"Schmidt, Clarke",,657376,"R","4-Seamer / Sinker","FF","4-Seamer","SI","Sinker",200,100,71,1,"1:00",12.75,"12:45",15,100,63,1.5,"1:30",2.5,"2:30",-60,-75,"-0H 30M","-0.5","-1.75"
2025,"Gage, Matt",,657424,"L","4-Seamer / Sinker","FF","4-Seamer","SI","Sinker",196,146,81,11.5,"11:30",12,"12:00",-30,50,86,11.25,"11:15",10.5,"10:30",45,75,"+0H 15M","0.25","1.5"
2025,"Ferguson, Caleb",,657571,"L","4-Seamer / Sinker","FF","4-Seamer","SI","Sinker",566,328,85,11,"11:00",11.5,"11:30",-30,238,83,11,"11:00",10.25,"10:15",45,75," 0H 00M","0","1.25"
2025,"Garrett, Reed",,657585,"R","4-Seamer / Sinker","FF","4-Seamer","SI","Sinker",267,41,88,1.5,"1:30",1.25,"1:15",15,226,83,1.5,"1:30",2.25,"2:15",-45,-60," 0H 00M","0","-1"
2025,"Hill, Tim",,657612,"L","4-Seamer / Sinker","FF","4-Seamer","SI","Sinker",845,120,96,9,"9:00",9,"9:00",0,725,93,8.75,"8:45",8,"8:00",45,45,"+0H 15M","0.25","1"
2025,"Koenig, Jared",,657649,"L","4-Seamer / Sinker","FF","4-Seamer","SI","Sinker",587,11,82,11,"11:00",11.25,"11:15",-15,576,80,11,"11:00",10.25,"10:15",45,60," 0H 00M","0","1"
2025,"Ryan, Joe",,657746,"R","4-Seamer / Sinker","FF","4-Seamer","SI","Sinker",1742,1428,97,1.5,"1:30",1.5,"1:30",0,314,95,1.75,"1:45",2.25,"2:15",-30,-30,"-0H 15M","-0.25","-0.75"
2025,"Ohtani, Shohei",,660271,"R","4-Seamer / Sinker","FF","4-Seamer","SI","Sinker",343,291,78,1,"1:00",12.75,"12:45",15,52,78,1.25,"1:15",2.25,"2:15",-60,-75,"-0H 15M","-0.25","-1.5"
2025,"Suarez, José",,660761,"L","4-Seamer / Sinker","FF","4-Seamer","SI","Sinker",142,123,93,10.75,"10:45",11,"11:00",-15,19,91,11,"11:00",10.25,"10:15",45,60,"-0H 15M","-0.25","0.75"
2025,"De los Santos, Yerry",,660787,"R","4-Seamer / Sinker","FF","4-Seamer","SI","Sinker",370,49,99,1.75,"1:45",1.5,"1:30",15,321,98,1.75,"1:45",2.25,"2:15",-30,-45," 0H 00M","0","-0.75"
2025,"Bazardo, Eduard",,660825,"R","4-Seamer / Sinker","FF","4-Seamer","SI","Sinker",647,171,92,1.25,"1:15",1,"1:00",15,476,92,1.25,"1:15",2,"2:00",-45,-60," 0H 00M","0","-1"
2025,"Alcala, Jorge",,660896,"R","4-Seamer / Sinker","FF","4-Seamer","SI","Sinker",629,486,95,1,"1:00",1,"1:00",0,143,92,1.25,"1:15",1.75,"1:45",-30,-30,"-0H 15M","-0.25","-0.75"
2025,"Martinez, Seth",,661527,"R","4-Seamer / Sinker","FF","4-Seamer","SI","Sinker",42,32,76,2,"2:00",1.5,"1:30",30,10,76,2,"2:00",3,"3:00",-60,-90," 0H 00M","0","-1.5"
2025,"Muñoz, Andrés",,662253,"R","4-Seamer / Sinker","FF","4-Seamer","SI","Sinker",483,367,91,1.5,"1:30",1.5,"1:30",0,116,88,1.5,"1:30",2.5,"2:30",-60,-60," 0H 00M","0","-1"
2025,"Suarez, Robert",,663158,"R","4-Seamer / Sinker","FF","4-Seamer","SI","Sinker",817,650,94,12.75,"12:45",12.75,"12:45",0,167,95,12.75,"12:45",1.25,"1:15",-30,-30," 0H 00M","0","-0.5"
2025,"Feltner, Ryan",,663372,"R","4-Seamer / Sinker","FF","4-Seamer","SI","Sinker",238,173,72,1,"1:00",12.5,"12:30",30,65,65,1,"1:00",2,"2:00",-60,-90," 0H 00M","0","-1.5"
2025,"Waddell, Brandon",,663399,"L","4-Seamer / Sinker","FF","4-Seamer","SI","Sinker",217,116,75,11.25,"11:15",11.5,"11:30",-15,101,74,11,"11:00",10,"10:00",60,75,"+0H 15M","0.25","1.5"
2025,"Thornton, Trent",,663423,"R","4-Seamer / Sinker","FF","4-Seamer","SI","Sinker",228,212,74,12.75,"12:45",12.5,"12:30",15,16,72,12.75,"12:45",2,"2:00",-75,-90," 0H 00M","0","-1.5"
2025,"Martin, Davis",,663436,"R","4-Seamer / Sinker","FF","4-Seamer","SI","Sinker",999,751,84,1,"1:00",12.75,"12:45",15,248,83,1.25,"1:15",2.25,"2:15",-60,-75,"-0H 15M","-0.25","-1.5"
2025,"Bubic, Kris",,663460,"L","4-Seamer / Sinker","FF","4-Seamer","SI","Sinker",786,672,85,11.25,"11:15",11.5,"11:30",-15,114,83,11,"11:00",10,"10:00",60,75,"+0H 15M","0.25","1.5"
2025,"Campbell, Isaiah",,663462,"R","4-Seamer / Sinker","FF","4-Seamer","SI","Sinker",31,20,83,12.75,"12:45",12.5,"12:30",15,11,73,1,"1:00",2,"2:00",-60,-75,"-0H 15M","-0.25","-1.5"
2025,"Allard, Kolby",,663465,"L","4-Seamer / Sinker","FF","4-Seamer","SI","Sinker",475,379,93,11,"11:00",11.25,"11:15",-15,96,94,10.75,"10:45",10.25,"10:15",30,45,"+0H 15M","0.25","1"
2025,"Sands, Cole",,663485,"R","4-Seamer / Sinker","FF","4-Seamer","SI","Sinker",406,304,86,1.5,"1:30",1.5,"1:30",0,102,81,1.5,"1:30",2.5,"2:30",-60,-60," 0H 00M","0","-1"
2025,"Hudson, Bryan",,663542,"L","4-Seamer / Sinker","FF","4-Seamer","SI","Sinker",231,209,79,10.25,"10:15",10.75,"10:45",-30,22,72,10.5,"10:30",9.25,"9:15",75,105,"-0H 15M","-0.25","1.5"
2025,"Mize, Casey",,663554,"R","4-Seamer / Sinker","FF","4-Seamer","SI","Sinker",1085,799,98,1,"1:00",1,"1:00",0,286,97,1.25,"1:15",1.75,"1:45",-30,-30,"-0H 15M","-0.25","-0.75"
2025,"Falter, Bailey",,663559,"L","4-Seamer / Sinker","FF","4-Seamer","SI","Sinker",1181,915,99,11.5,"11:30",11.5,"11:30",0,266,98,11.75,"11:45",11.25,"11:15",30,30,"-0H 15M","-0.25","0.25"
2025,"Davis, Noah",,663562,"R","4-Seamer / Sinker","FF","4-Seamer","SI","Sinker",112,18,91,1.75,"1:45",1.5,"1:30",15,94,93,1.75,"1:45",2.5,"2:30",-45,-60," 0H 00M","0","-1"
2025,"Kolek, Stephen",,663568,"R","4-Seamer / Sinker","FF","4-Seamer","SI","Sinker",827,432,88,1.5,"1:30",1.25,"1:15",15,395,76,1.5,"1:30",2.75,"2:45",-75,-90," 0H 00M","0","-1.5"
2025,"Irvin, Jake",,663623,"R","4-Seamer / Sinker","FF","4-Seamer","SI","Sinker",1585,945,86,1.5,"1:30",1.25,"1:15",15,640,81,1.5,"1:30",2.5,"2:30",-60,-75," 0H 00M","0","-1.25"
2025,"Lynch IV, Daniel",,663738,"L","4-Seamer / Sinker","FF","4-Seamer","SI","Sinker",452,245,94,10.5,"10:30",10.75,"10:45",-15,207,90,10.5,"10:30",9.75,"9:45",45,60," 0H 00M","0","1"
2025,"Woodford, Jake",,663765,"R","4-Seamer / Sinker","FF","4-Seamer","SI","Sinker",303,108,82,1.25,"1:15",1,"1:00",15,195,85,1.5,"1:30",2.5,"2:30",-60,-75,"-0H 15M","-0.25","-1.5"
2025,"Shugart, Chase",,663767,"R","4-Seamer / Sinker","FF","4-Seamer","SI","Sinker",265,128,91,1.25,"1:15",1,"1:00",15,137,91,1.5,"1:30",2,"2:00",-30,-45,"-0H 15M","-0.25","-1"
2025,"Hicks, Jordan",,663855,"R","4-Seamer / Sinker","FF","4-Seamer","SI","Sinker",748,111,92,1.5,"1:30",1.5,"1:30",0,637,87,1.5,"1:30",2.25,"2:15",-45,-45," 0H 00M","0","-0.75"
2025,"Singer, Brady",,663903,"R","4-Seamer / Sinker","FF","4-Seamer","SI","Sinker",1449,298,73,1,"1:00",12.75,"12:45",15,1151,83,1.25,"1:15",2,"2:00",-45,-60,"-0H 15M","-0.25","-1.25"
2025,"Holton, Tyler",,663947,"L","4-Seamer / Sinker","FF","4-Seamer","SI","Sinker",374,128,86,10.75,"10:45",11.25,"11:15",-30,246,88,10.75,"10:45",10,"10:00",45,75," 0H 00M","0","1.25"
2025,"Phillips, Tyler",,663969,"R","4-Seamer / Sinker","FF","4-Seamer","SI","Sinker",450,99,73,1.25,"1:15",1,"1:00",15,351,91,1.75,"1:45",2.5,"2:30",-45,-60,"-0H 30M","-0.5","-1.5"
2025,"Paddack, Chris",,663978,"R","4-Seamer / Sinker","FF","4-Seamer","SI","Sinker",1245,1132,100,1,"1:00",1,"1:00",0,113,99,1.25,"1:15",1.5,"1:30",-15,-15,"-0H 15M","-0.25","-0.5"
2025,"Lovelady, Richard",,663992,"L","4-Seamer / Sinker","FF","4-Seamer","SI","Sinker",102,28,69,10.75,"10:45",11,"11:00",-15,74,69,10.5,"10:30",9.25,"9:15",75,90,"+0H 15M","0.25","1.75"
2025,"Cleavinger, Garrett",,664076,"L","4-Seamer / Sinker","FF","4-Seamer","SI","Sinker",425,107,91,10.75,"10:45",11,"11:00",-15,318,85,10.75,"10:45",9.75,"9:45",60,75," 0H 00M","0","1.25"
2025,"Hartlieb, Geoff",,664129,"R","4-Seamer / Sinker","FF","4-Seamer","SI","Sinker",42,26,85,1.25,"1:15",1,"1:00",15,16,85,1.25,"1:15",2,"2:00",-45,-60," 0H 00M","0","-1"
2025,"Brubaker, JT",,664141,"R","4-Seamer / Sinker","FF","4-Seamer","SI","Sinker",231,19,88,1.25,"1:15",1.75,"1:45",-30,212,86,1.25,"1:15",2,"2:00",-45,-15," 0H 00M","0","-0.25"
2025,"Lucchesi, Joey",,664192,"L","4-Seamer / Sinker","FF","4-Seamer","SI","Sinker",457,161,82,11,"11:00",11.25,"11:15",-15,296,80,11,"11:00",10,"10:00",60,75," 0H 00M","0","1.25"
2025,"Clarke, Taylor",,664199,"R","4-Seamer / Sinker","FF","4-Seamer","SI","Sinker",345,189,91,1,"1:00",12.75,"12:45",15,156,88,1,"1:00",1.75,"1:45",-45,-60," 0H 00M","0","-1"
2025,"Valdez, Framber",,664285,"L","4-Seamer / Sinker","FF","4-Seamer","SI","Sinker",1286,44,57,10.75,"10:45",10.5,"10:30",15,1242,76,10.75,"10:45",9.5,"9:30",75,60," 0H 00M","0","1"
2025,"Javier, Cristian",,664299,"R","4-Seamer / Sinker","FF","4-Seamer","SI","Sinker",304,245,90,12.75,"12:45",12.5,"12:30",15,59,93,1.25,"1:15",1.75,"1:45",-30,-45,"-0H 30M","-0.5","-1.25"
2025,"Lawrence, Justin",,664875,"R","4-Seamer / Sinker","FF","4-Seamer","SI","Sinker",132,25,79,2.25,"2:15",2,"2:00",15,107,79,2.25,"2:15",3.25,"3:15",-60,-75," 0H 00M","0","-1.25"
2025,"Wolfram, Grant",,664991,"L","4-Seamer / Sinker","FF","4-Seamer","SI","Sinker",290,79,81,11,"11:00",11.25,"11:15",-15,211,82,11,"11:00",10.25,"10:15",45,60," 0H 00M","0","1"
2025,"Kremer, Dean",,665152,"R","4-Seamer / Sinker","FF","4-Seamer","SI","Sinker",1234,722,98,1,"1:00",12.75,"12:45",15,512,92,1.25,"1:15",1.75,"1:45",-30,-45,"-0H 15M","-0.25","-1"
2025,"Alvarado, Elvis",,665660,"R","4-Seamer / Sinker","FF","4-Seamer","SI","Sinker",489,412,98,1.75,"1:45",1.75,"1:45",0,77,97,1.75,"1:45",2.25,"2:15",-30,-30," 0H 00M","0","-0.5"
2025,"Cabrera, Edward",,665795,"R","4-Seamer / Sinker","FF","4-Seamer","SI","Sinker",748,287,92,1.5,"1:30",1.25,"1:15",15,461,88,1.5,"1:30",2.25,"2:15",-45,-60," 0H 00M","0","-1"
2025,"Assad, Javier",,665871,"R","4-Seamer / Sinker","FF","4-Seamer","SI","Sinker",303,80,89,1,"1:00",12.5,"12:30",30,223,88,12.75,"12:45",1.75,"1:45",-60,-90,"+0H 15M","0.25","-1.25"
2025,"Lodolo, Nick",,666157,"L","4-Seamer / Sinker","FF","4-Seamer","SI","Sinker",1211,707,98,9.75,"9:45",9.75,"9:45",0,504,99,9.75,"9:45",9.5,"9:30",15,15," 0H 00M","0","0.25"
2025,"Thompson, Mason",,666168,"R","4-Seamer / Sinker","FF","4-Seamer","SI","Sinker",138,42,95,1,"1:00",12.75,"12:45",15,96,92,1.25,"1:15",2,"2:00",-45,-60,"-0H 15M","-0.25","-1.25"
2025,"Luzardo, Jesús",,666200,"L","4-Seamer / Sinker","FF","4-Seamer","SI","Sinker",1316,1015,95,10.25,"10:15",10.5,"10:30",-15,301,95,10.25,"10:15",9.75,"9:45",30,45," 0H 00M","0","0.75"
2025,"Whitley, Forrest",,666215,"R","4-Seamer / Sinker","FF","4-Seamer","SI","Sinker",131,80,95,1.25,"1:15",1,"1:00",15,51,94,1.25,"1:15",1.75,"1:45",-30,-45," 0H 00M","0","-0.75"
2025,"Soriano, George",,666277,"R","4-Seamer / Sinker","FF","4-Seamer","SI","Sinker",255,130,84,1.5,"1:30",1.25,"1:15",15,125,80,1.5,"1:30",2.5,"2:30",-60,-75," 0H 00M","0","-1.25"
2025,"Brash, Matt",,666374,"R","4-Seamer / Sinker","FF","4-Seamer","SI","Sinker",215,40,87,1.5,"1:30",1.5,"1:30",0,175,91,1.5,"1:30",2.25,"2:15",-45,-45," 0H 00M","0","-0.75"
2025,"Lao, Sauryn",,666659,"R","4-Seamer / Sinker","FF","4-Seamer","SI","Sinker",82,55,78,1,"1:00",1,"1:00",0,27,79,1.25,"1:15",2.25,"2:15",-60,-60,"-0H 15M","-0.25","-1.25"
2025,"Morillo, Juan",,666661,"R","4-Seamer / Sinker","FF","4-Seamer","SI","Sinker",404,292,92,1,"1:00",12.75,"12:45",15,112,91,12.75,"12:45",1.75,"1:45",-60,-75,"+0H 15M","0.25","-1"
2025,"Peguero, Joel",,666711,"R","4-Seamer / Sinker","FF","4-Seamer","SI","Sinker",208,106,86,1,"1:00",1.25,"1:15",-15,102,81,1.25,"1:15",2,"2:00",-45,-30,"-0H 15M","-0.25","-0.75"
2025,"Cano, Yennier",,666974,"R","4-Seamer / Sinker","FF","4-Seamer","SI","Sinker",550,111,87,2.5,"2:30",2.25,"2:15",15,439,87,2.5,"2:30",3.25,"3:15",-45,-60," 0H 00M","0","-1"
2025,"King, John",,667463,"L","4-Seamer / Sinker","FF","4-Seamer","SI","Sinker",468,13,70,10.5,"10:30",11,"11:00",-30,455,73,10.25,"10:15",9.25,"9:15",60,90,"+0H 15M","0.25","1.75"
2025,"Soriano, José",,667755,"R","4-Seamer / Sinker","FF","4-Seamer","SI","Sinker",1519,238,82,1.5,"1:30",1.25,"1:15",15,1281,82,1.5,"1:30",2.75,"2:45",-75,-90," 0H 00M","0","-1.5"
2025,"Winn, Cole",,668390,"R","4-Seamer / Sinker","FF","4-Seamer","SI","Sinker",282,161,92,1,"1:00",12.75,"12:45",15,121,87,1.25,"1:15",2.25,"2:15",-60,-75,"-0H 15M","-0.25","-1.5"
2025,"Erceg, Lucas",,668674,"R","4-Seamer / Sinker","FF","4-Seamer","SI","Sinker",516,317,98,1.25,"1:15",1.25,"1:15",0,199,98,1.5,"1:30",2,"2:00",-30,-30,"-0H 15M","-0.25","-0.75"
2025,"Gallen, Zac",,668678,"R","4-Seamer / Sinker","FF","4-Seamer","SI","Sinker",1489,1412,86,12.75,"12:45",12.5,"12:30",15,77,86,12.75,"12:45",1.25,"1:15",-30,-45," 0H 00M","0","-0.75"
2025,"McGee, Easton",,668834,"R","4-Seamer / Sinker","FF","4-Seamer","SI","Sinker",116,45,85,1.25,"1:15",1,"1:00",15,71,86,1.5,"1:30",2.25,"2:15",-45,-60,"-0H 15M","-0.25","-1.25"
2025,"Williams, Gavin",,668909,"R","4-Seamer / Sinker","FF","4-Seamer","SI","Sinker",1267,1078,96,1.25,"1:15",1.25,"1:15",0,189,99,1.75,"1:45",2,"2:00",-15,-15,"-0H 30M","-0.5","-0.75"
2025,"Romero, JoJo",,668941,"L","4-Seamer / Sinker","FF","4-Seamer","SI","Sinker",364,59,84,10.25,"10:15",10.5,"10:30",-15,305,84,10,"10:00",9.25,"9:15",45,60,"+0H 15M","0.25","1.25"
2025,"Hollowell, Gavin",,668970,"R","4-Seamer / Sinker","FF","4-Seamer","SI","Sinker",113,77,76,2,"2:00",1.5,"1:30",30,36,85,2,"2:00",3,"3:00",-60,-90," 0H 00M","0","-1.5"
2025,"Legumina, Casey",,668984,"R","4-Seamer / Sinker","FF","4-Seamer","SI","Sinker",587,457,97,1.75,"1:45",1.75,"1:45",0,130,96,1.75,"1:45",2.25,"2:15",-30,-30," 0H 00M","0","-0.5"
2025,"Wilson, Bryse",,669060,"R","4-Seamer / Sinker","FF","4-Seamer","SI","Sinker",348,146,89,1.25,"1:15",1,"1:00",15,202,87,1.5,"1:30",2.25,"2:15",-45,-60,"-0H 15M","-0.25","-1.25"
2025,"Miller, Erik",,669062,"L","4-Seamer / Sinker","FF","4-Seamer","SI","Sinker",248,162,94,10.5,"10:30",10.75,"10:45",-15,86,96,10.25,"10:15",9.75,"9:45",30,45,"+0H 15M","0.25","1"
2025,"Hall, DL",,669084,"L","4-Seamer / Sinker","FF","4-Seamer","SI","Sinker",216,174,90,10.75,"10:45",11.25,"11:15",-30,42,88,10.75,"10:45",10.25,"10:15",30,60," 0H 00M","0","1"
2025,"Zimmermann, Bruce",,669145,"L","4-Seamer / Sinker","FF","4-Seamer","SI","Sinker",38,10,70,10.75,"10:45",11,"11:00",-15,28,78,10.5,"10:30",9.5,"9:30",60,75,"+0H 15M","0.25","1.5"
2025,"May, Dustin",,669160,"R","4-Seamer / Sinker","FF","4-Seamer","SI","Sinker",1089,361,89,1.75,"1:45",1.5,"1:30",15,728,85,2,"2:00",2.5,"2:30",-30,-45,"-0H 15M","-0.25","-1"
2025,"Gilbert, Logan",,669302,"R","4-Seamer / Sinker","FF","4-Seamer","SI","Sinker",790,762,97,1,"1:00",1,"1:00",0,28,99,1.5,"1:30",1.75,"1:45",-15,-15,"-0H 30M","-0.5","-0.75"
2025,"Henry, Cole",,669371,"R","4-Seamer / Sinker","FF","4-Seamer","SI","Sinker",585,493,95,1.75,"1:45",1.5,"1:30",15,92,94,1.75,"1:45",2.5,"2:30",-45,-60," 0H 00M","0","-1"
2025,"Skubal, Tarik",,669373,"L","4-Seamer / Sinker","FF","4-Seamer","SI","Sinker",1507,835,90,11.25,"11:15",11.5,"11:30",-15,672,87,11.25,"11:15",10.5,"10:30",45,60," 0H 00M","0","1"
2025,"Mlodzinski, Carmen",,669387,"R","4-Seamer / Sinker","FF","4-Seamer","SI","Sinker",812,584,91,1.5,"1:30",1.5,"1:30",0,228,91,1.75,"1:45",2.5,"2:30",-45,-45,"-0H 15M","-0.25","-1"
2025,"Sauer, Matt",,669422,"R","4-Seamer / Sinker","FF","4-Seamer","SI","Sinker",201,111,90,1,"1:00",12.75,"12:45",15,90,93,1,"1:00",1.75,"1:45",-45,-60," 0H 00M","0","-1"
2025,"Rogers, Trevor",,669432,"L","4-Seamer / Sinker","FF","4-Seamer","SI","Sinker",908,662,88,10.25,"10:15",10.75,"10:45",-30,246,89,10.5,"10:30",9.75,"9:45",45,75,"-0H 15M","-0.25","1"
2025,"Englert, Mason",,669438,"R","4-Seamer / Sinker","FF","4-Seamer","SI","Sinker",261,145,91,1,"1:00",1,"1:00",0,116,84,1.25,"1:15",2.25,"2:15",-60,-60,"-0H 15M","-0.25","-1.25"
2025,"Liberatore, Matthew",,669461,"L","4-Seamer / Sinker","FF","4-Seamer","SI","Sinker",962,707,97,11,"11:00",11.25,"11:15",-15,255,93,11,"11:00",10.5,"10:30",30,45," 0H 00M","0","0.75"
2025,"Pallante, Andre",,669467,"R","4-Seamer / Sinker","FF","4-Seamer","SI","Sinker",1535,1197,69,12,"12:00",12,"12:00",0,338,79,12.5,"12:30",1.25,"1:15",-45,-45,"-0H 30M","-0.5","-1.25"
2025,"Basso, Brady",,669620,"L","4-Seamer / Sinker","FF","4-Seamer","SI","Sinker",114,104,90,11.25,"11:15",11.5,"11:30",-15,10,91,11.25,"11:15",10.75,"10:45",30,45," 0H 00M","0","0.75"
2025,"Bender, Anthony",,669622,"R","4-Seamer / Sinker","FF","4-Seamer","SI","Sinker",214,13,84,2,"2:00",1.75,"1:45",15,201,83,1.75,"1:45",2.75,"2:45",-60,-75,"+0H 15M","0.25","-1"
2025,"Long, Sam",,669674,"L","4-Seamer / Sinker","FF","4-Seamer","SI","Sinker",352,275,92,11,"11:00",11.25,"11:15",-15,77,84,10.5,"10:30",9.75,"9:45",45,60,"+0H 30M","0.5","1.5"
2025,"Murphy, Chris",,669684,"L","4-Seamer / Sinker","FF","4-Seamer","SI","Sinker",207,182,88,11.25,"11:15",11.25,"11:15",0,25,82,10.75,"10:45",9.75,"9:45",60,60,"+0H 30M","0.5","1.5"
2025,"Strowd, Kade",,669704,"R","4-Seamer / Sinker","FF","4-Seamer","SI","Sinker",132,75,80,12.5,"12:30",12.25,"12:15",15,57,81,12.75,"12:45",1.75,"1:45",-60,-75,"-0H 15M","-0.25","-1.5"
2025,"Weissert, Greg",,669711,"R","4-Seamer / Sinker","FF","4-Seamer","SI","Sinker",645,356,75,1.5,"1:30",1.25,"1:15",15,289,78,2,"2:00",2.75,"2:45",-45,-60,"-0H 30M","-0.5","-1.5"
2025,"Wesneski, Hayden",,669713,"R","4-Seamer / Sinker","FF","4-Seamer","SI","Sinker",235,182,82,1,"1:00",1,"1:00",0,53,84,1,"1:00",2,"2:00",-60,-60," 0H 00M","0","-1"
2025,"Hanifee, Brenan",,669724,"R","4-Seamer / Sinker","FF","4-Seamer","SI","Sinker",703,108,94,1.75,"1:45",1.75,"1:45",0,595,93,2,"2:00",2.75,"2:45",-45,-45,"-0H 15M","-0.25","-1"
2025,"Alexander, Jason",,669920,"R","4-Seamer / Sinker","FF","4-Seamer","SI","Sinker",625,126,92,2,"2:00",1.75,"1:45",15,499,92,2.25,"2:15",3,"3:00",-45,-60,"-0H 15M","-0.25","-1.25"
2025,"Kirby, George",,669923,"R","4-Seamer / Sinker","FF","4-Seamer","SI","Sinker",1117,584,90,1.5,"1:30",1.25,"1:15",15,533,87,1.5,"1:30",2.25,"2:15",-45,-60," 0H 00M","0","-1"
2025,"Festa, Matt",,670036,"R","4-Seamer / Sinker","FF","4-Seamer","SI","Sinker",386,320,60,12.5,"12:30",11.75,"11:45",45,66,61,12.75,"12:45",2,"2:00",-75,-120,"-0H 15M","-0.25","-2.25"
2025,"Holderman, Colin",,670059,"R","4-Seamer / Sinker","FF","4-Seamer","SI","Sinker",215,33,86,1.5,"1:30",1.25,"1:15",15,182,87,1.5,"1:30",2.25,"2:15",-45,-60," 0H 00M","0","-1"
2025,"Francis, Bowden",,670102,"R","4-Seamer / Sinker","FF","4-Seamer","SI","Sinker",658,638,92,1,"1:00",12.75,"12:45",15,20,94,1,"1:00",1.75,"1:45",-45,-60," 0H 00M","0","-1"
2025,"Schreiber, John",,670167,"R","4-Seamer / Sinker","FF","4-Seamer","SI","Sinker",516,330,80,2,"2:00",1.75,"1:45",15,186,78,2,"2:00",3.25,"3:15",-75,-90," 0H 00M","0","-1.5"
2025,"Winckowski, Josh",,670174,"R","4-Seamer / Sinker","FF","4-Seamer","SI","Sinker",99,61,87,12.75,"12:45",12.5,"12:30",15,38,88,1.25,"1:15",2.25,"2:15",-60,-75,"-0H 30M","-0.5","-1.75"
2025,"McCaughan, Darren",,670766,"R","4-Seamer / Sinker","FF","4-Seamer","SI","Sinker",40,20,72,1.25,"1:15",12.75,"12:45",30,20,81,1.5,"1:30",2.25,"2:15",-45,-75,"-0H 15M","-0.25","-1.5"
2025,"Oviedo, Johan",,670912,"R","4-Seamer / Sinker","FF","4-Seamer","SI","Sinker",307,246,81,1,"1:00",12.75,"12:45",15,61,75,1.25,"1:15",2.25,"2:15",-60,-75,"-0H 15M","-0.25","-1.5"
2025,"Uceta, Edwin",,670955,"R","4-Seamer / Sinker","FF","4-Seamer","SI","Sinker",504,484,87,1.75,"1:45",1.5,"1:30",15,20,86,1.75,"1:45",2.5,"2:30",-45,-60," 0H 00M","0","-1"
2025,"Morejon, Adrian",,670970,"L","4-Seamer / Sinker","FF","4-Seamer","SI","Sinker",627,31,87,11,"11:00",11.25,"11:15",-15,596,81,11,"11:00",10,"10:00",60,75," 0H 00M","0","1.25"
2025,"Ramírez, Yohan",,670990,"R","4-Seamer / Sinker","FF","4-Seamer","SI","Sinker",310,271,87,1.75,"1:45",1.25,"1:15",30,39,88,1.5,"1:30",2.25,"2:15",-45,-75,"+0H 15M","0.25","-1"
2025,"Allen, Logan",,671106,"L","4-Seamer / Sinker","FF","4-Seamer","SI","Sinker",1263,908,90,11,"11:00",11.25,"11:15",-15,355,90,10.75,"10:45",10,"10:00",45,60,"+0H 15M","0.25","1.25"
2025,"Peralta, Sammy",,671111,"L","4-Seamer / Sinker","FF","4-Seamer","SI","Sinker",61,11,80,10,"10:00",10.25,"10:15",-15,50,84,10.5,"10:30",9.25,"9:15",75,90,"-0H 30M","-0.5","1"
2025,"Rutledge, Jackson",,671131,"R","4-Seamer / Sinker","FF","4-Seamer","SI","Sinker",685,264,91,1.5,"1:30",1.25,"1:15",15,421,96,1.75,"1:45",2.25,"2:15",-30,-45,"-0H 15M","-0.25","-1"
2025,"Otañez, Michel",,671305,"R","4-Seamer / Sinker","FF","4-Seamer","SI","Sinker",78,51,97,1.5,"1:30",1.25,"1:15",15,27,97,1.5,"1:30",1.75,"1:45",-15,-30," 0H 00M","0","-0.5"
2025,"Bradley, Taj",,671737,"R","4-Seamer / Sinker","FF","4-Seamer","SI","Sinker",1065,1054,97,12.75,"12:45",12.75,"12:45",0,11,97,12.75,"12:45",1.5,"1:30",-45,-45," 0H 00M","0","-0.75"
2025,"Detmers, Reid",,672282,"L","4-Seamer / Sinker","FF","4-Seamer","SI","Sinker",515,478,99,11,"11:00",11.25,"11:15",-15,37,99,11,"11:00",10.5,"10:30",30,45," 0H 00M","0","0.75"
2025,"Pérez, Cionel",,672335,"L","4-Seamer / Sinker","FF","4-Seamer","SI","Sinker",232,49,86,11,"11:00",11,"11:00",0,183,81,11,"11:00",9.75,"9:45",75,75," 0H 00M","0","1.25"
2025,"Montero, Keider",,672456,"R","4-Seamer / Sinker","FF","4-Seamer","SI","Sinker",736,450,86,1,"1:00",12.75,"12:45",15,286,83,1,"1:00",2,"2:00",-60,-75," 0H 00M","0","-1.25"
2025,"Hernández, Carlos",,672578,"R","4-Seamer / Sinker","FF","4-Seamer","SI","Sinker",408,386,95,1,"1:00",1,"1:00",0,22,96,1,"1:00",1.5,"1:30",-30,-30," 0H 00M","0","-0.5"
2025,"Zerpa, Angel",,672582,"L","4-Seamer / Sinker","FF","4-Seamer","SI","Sinker",674,216,91,10.5,"10:30",10.5,"10:30",0,458,85,10.25,"10:15",9.25,"9:15",60,60,"+0H 15M","0.25","1.25"
2025,"Contreras, Roansy",,672710,"R","4-Seamer / Sinker","FF","4-Seamer","SI","Sinker",105,83,96,1,"1:00",12.75,"12:45",15,22,96,1,"1:00",1.5,"1:30",-30,-45," 0H 00M","0","-0.75"
2025,"Gómez, Yoendrys",,672782,"R","4-Seamer / Sinker","FF","4-Seamer","SI","Sinker",579,368,89,1,"1:00",12.75,"12:45",15,211,90,1.25,"1:15",2,"2:00",-45,-60,"-0H 15M","-0.25","-1.25"
2025,"Vargas, Carlos",,672841,"R","4-Seamer / Sinker","FF","4-Seamer","SI","Sinker",677,38,78,1.25,"1:15",1.25,"1:15",0,639,75,1.25,"1:15",2.5,"2:30",-75,-75," 0H 00M","0","-1.25"
2025,"Matsui, Yuki",,673513,"L","4-Seamer / Sinker","FF","4-Seamer","SI","Sinker",430,414,94,11.25,"11:15",11.5,"11:30",-15,16,91,11.25,"11:15",10.5,"10:30",45,60," 0H 00M","0","1"
2025,"Senga, Kodai",,673540,"R","4-Seamer / Sinker","FF","4-Seamer","SI","Sinker",710,597,88,1.25,"1:15",1,"1:00",15,113,86,1.5,"1:30",2.5,"2:30",-60,-75,"-0H 15M","-0.25","-1.5"
2025,"Piña, Robinson",,673820,"R","4-Seamer / Sinker","FF","4-Seamer","SI","Sinker",37,11,95,1.5,"1:30",1.25,"1:15",15,26,94,1.5,"1:30",2,"2:00",-30,-45," 0H 00M","0","-0.75"
2025,"Leasure, Jordan",,673929,"R","4-Seamer / Sinker","FF","4-Seamer","SI","Sinker",619,605,96,12.5,"12:30",12.5,"12:30",0,14,96,12.5,"12:30",1,"1:00",-30,-30," 0H 00M","0","-0.5"
2025,"Salazar, Eduardo",,674285,"R","4-Seamer / Sinker","FF","4-Seamer","SI","Sinker",361,143,90,1.5,"1:30",1.5,"1:30",0,218,84,1.75,"1:45",2.5,"2:30",-45,-45,"-0H 15M","-0.25","-1"
2025,"Bido, Osvaldo",,674370,"R","4-Seamer / Sinker","FF","4-Seamer","SI","Sinker",725,515,92,1.25,"1:15",1.25,"1:15",0,210,90,1.25,"1:15",2,"2:00",-45,-45," 0H 00M","0","-0.75"
2025,"Alvarez, Andrew",,674841,"L","4-Seamer / Sinker","FF","4-Seamer","SI","Sinker",160,142,71,11,"11:00",11.5,"11:30",-30,18,63,10.75,"10:45",9.75,"9:45",60,90,"+0H 15M","0.25","1.75"
2025,"Melton, Troy",,675512,"R","4-Seamer / Sinker","FF","4-Seamer","SI","Sinker",343,264,90,1,"1:00",12.75,"12:45",15,79,88,1,"1:00",2,"2:00",-60,-75," 0H 00M","0","-1.25"
2025,"Snider, Collin",,676092,"R","4-Seamer / Sinker","FF","4-Seamer","SI","Sinker",170,149,35,1.25,"1:15",12.25,"12:15",60,21,43,1.5,"1:30",2,"2:00",-30,-90,"-0H 15M","-0.25","-1.75"
2025,"Hancock, Emerson",,676106,"R","4-Seamer / Sinker","FF","4-Seamer","SI","Sinker",909,365,90,1.75,"1:45",1.75,"1:45",0,544,92,2,"2:00",2.75,"2:45",-45,-45,"-0H 15M","-0.25","-1"
2025,"Buttó, José",,676130,"R","4-Seamer / Sinker","FF","4-Seamer","SI","Sinker",516,337,76,1,"1:00",12.5,"12:30",30,179,82,1,"1:00",2,"2:00",-60,-90," 0H 00M","0","-1.5"
2025,"Miller, Bobby",,676272,"R","4-Seamer / Sinker","FF","4-Seamer","SI","Sinker",57,31,99,1.25,"1:15",1,"1:00",15,26,99,1.25,"1:15",1.5,"1:30",-15,-30," 0H 00M","0","-0.5"
2025,"Hurter, Brant",,676428,"L","4-Seamer / Sinker","FF","4-Seamer","SI","Sinker",572,52,72,10.5,"10:30",11.25,"11:15",-45,520,78,10.25,"10:15",9.25,"9:15",60,105,"+0H 15M","0.25","2"
2025,"Bibee, Tanner",,676440,"R","4-Seamer / Sinker","FF","4-Seamer","SI","Sinker",1273,810,86,12.75,"12:45",12.75,"12:45",0,463,87,1,"1:00",2,"2:00",-60,-60,"-0H 15M","-0.25","-1.25"
2025,"Gordon, Colton",,676467,"L","4-Seamer / Sinker","FF","4-Seamer","SI","Sinker",751,606,99,10.75,"10:45",10.75,"10:45",0,145,98,10.5,"10:30",10,"10:00",30,30,"+0H 15M","0.25","0.75"
2025,"Casparius, Ben",,676508,"R","4-Seamer / Sinker","FF","4-Seamer","SI","Sinker",390,375,85,12.75,"12:45",12.25,"12:15",30,15,78,12.5,"12:30",1.5,"1:30",-60,-90,"+0H 15M","0.25","-1.25"
2025,"Faucher, Calvin",,676534,"R","4-Seamer / Sinker","FF","4-Seamer","SI","Sinker",312,184,79,1.25,"1:15",1,"1:00",15,128,80,1.25,"1:15",2.5,"2:30",-75,-90," 0H 00M","0","-1.5"
2025,"Poulin, PJ",,676571,"L","4-Seamer / Sinker","FF","4-Seamer","SI","Sinker",224,185,97,9.75,"9:45",10,"10:00",-15,39,95,9.5,"9:30",9,"9:00",30,45,"+0H 15M","0.25","1"
2025,"Zuber, Tyler",,676604,"R","4-Seamer / Sinker","FF","4-Seamer","SI","Sinker",98,68,90,1.25,"1:15",1,"1:00",15,30,88,1.25,"1:15",2.25,"2:15",-60,-75," 0H 00M","0","-1.25"
2025,"Sears, JP",,676664,"L","4-Seamer / Sinker","FF","4-Seamer","SI","Sinker",1113,961,98,10.5,"10:30",10.5,"10:30",0,152,97,10,"10:00",9.75,"9:45",15,15,"+0H 30M","0.5","0.75"
2025,"Cosgrove, Tom",,676680,"L","4-Seamer / Sinker","FF","4-Seamer","SI","Sinker",34,16,55,10.75,"10:45",11.5,"11:30",-45,18,59,10.75,"10:45",9.75,"9:45",60,105," 0H 00M","0","1.75"
2025,"Vest, Will",,676684,"R","4-Seamer / Sinker","FF","4-Seamer","SI","Sinker",777,591,89,1,"1:00",12.75,"12:45",15,186,87,1,"1:00",1.75,"1:45",-45,-60," 0H 00M","0","-1"
2025,"Winn, Keaton",,676775,"R","4-Seamer / Sinker","FF","4-Seamer","SI","Sinker",85,44,91,1.5,"1:30",1,"1:00",30,41,84,1.25,"1:15",2.25,"2:15",-60,-90,"+0H 15M","0.25","-1.25"
2025,"Ashby, Aaron",,676879,"L","4-Seamer / Sinker","FF","4-Seamer","SI","Sinker",552,33,77,11,"11:00",11,"11:00",0,519,81,11,"11:00",9.75,"9:45",75,75," 0H 00M","0","1.25"
2025,"Cavalli, Cade",,676917,"R","4-Seamer / Sinker","FF","4-Seamer","SI","Sinker",378,233,81,12.75,"12:45",12.5,"12:30",15,145,82,1,"1:00",2.25,"2:15",-75,-90,"-0H 15M","-0.25","-1.75"
2025,"Boushley, Caleb",,676961,"R","4-Seamer / Sinker","FF","4-Seamer","SI","Sinker",350,145,84,1,"1:00",12.75,"12:45",15,205,86,1.25,"1:15",2,"2:00",-45,-60,"-0H 15M","-0.25","-1.25"
2025,"Meyer, Max",,676974,"R","4-Seamer / Sinker","FF","4-Seamer","SI","Sinker",362,225,78,1.25,"1:15",1,"1:00",15,137,77,1.5,"1:30",2.5,"2:30",-60,-75,"-0H 15M","-0.25","-1.5"
2025,"Crochet, Garrett",,676979,"L","4-Seamer / Sinker","FF","4-Seamer","SI","Sinker",1614,1122,86,10.75,"10:45",11,"11:00",-15,492,86,10.75,"10:45",9.75,"9:45",60,75," 0H 00M","0","1.25"
2025,"Kelly, Zack",,677161,"R","4-Seamer / Sinker","FF","4-Seamer","SI","Sinker",204,115,94,1.25,"1:15",1.25,"1:15",0,89,95,1.25,"1:15",2,"2:00",-45,-45," 0H 00M","0","-0.75"
2025,"Cecconi, Slade",,677944,"R","4-Seamer / Sinker","FF","4-Seamer","SI","Sinker",1126,899,95,1.25,"1:15",1.25,"1:15",0,227,96,1.75,"1:45",2.25,"2:15",-30,-30,"-0H 30M","-0.5","-1"
2025,"Ashcraft, Braxton",,677952,"R","4-Seamer / Sinker","FF","4-Seamer","SI","Sinker",491,327,87,1.25,"1:15",1,"1:00",15,164,84,1.25,"1:15",2.25,"2:15",-60,-75," 0H 00M","0","-1.25"
2025,"Hill, Jaden",,677955,"R","4-Seamer / Sinker","FF","4-Seamer","SI","Sinker",249,126,95,1.5,"1:30",1.5,"1:30",0,123,96,1.75,"1:45",2.25,"2:15",-30,-30,"-0H 15M","-0.25","-0.75"
2025,"Rocker, Kumar",,677958,"R","4-Seamer / Sinker","FF","4-Seamer","SI","Sinker",505,225,89,1.5,"1:30",1.5,"1:30",0,280,91,1.5,"1:30",2.5,"2:30",-60,-60," 0H 00M","0","-1"
2025,"Weathers, Ryan",,677960,"L","4-Seamer / Sinker","FF","4-Seamer","SI","Sinker",310,286,93,10.75,"10:45",11,"11:00",-15,24,92,10.5,"10:30",10,"10:00",30,45,"+0H 15M","0.25","1"
2025,"Dobnak, Randy",,677976,"R","4-Seamer / Sinker","FF","4-Seamer","SI","Sinker",38,10,93,2.25,"2:15",2,"2:00",15,28,93,2.25,"2:15",3,"3:00",-45,-60," 0H 00M","0","-1"
2025,"Vasil, Mike",,678024,"R","4-Seamer / Sinker","FF","4-Seamer","SI","Sinker",856,231,78,1.25,"1:15",1,"1:00",15,625,69,1.25,"1:15",2.5,"2:30",-75,-90," 0H 00M","0","-1.5"
2025,"Bello, Brayan",,678394,"R","4-Seamer / Sinker","FF","4-Seamer","SI","Sinker",1340,408,81,1.5,"1:30",1,"1:00",30,932,88,1.5,"1:30",2.5,"2:30",-60,-90," 0H 00M","0","-1.5"
2025,"Henriquez, Ronny",,678692,"R","4-Seamer / Sinker","FF","4-Seamer","SI","Sinker",368,344,88,1,"1:00",12.75,"12:45",15,24,88,1.25,"1:15",2.25,"2:15",-60,-75,"-0H 15M","-0.25","-1.5"
2025,"Teng, Kai-Wei",,678906,"R","4-Seamer / Sinker","FF","4-Seamer","SI","Sinker",214,143,78,1.5,"1:30",1.25,"1:15",15,71,76,1.75,"1:45",2.75,"2:45",-60,-75,"-0H 15M","-0.25","-1.5"
2025,"Avila, Luinder",,679883,"R","4-Seamer / Sinker","FF","4-Seamer","SI","Sinker",110,64,71,12.5,"12:30",12,"12:00",30,46,71,12.5,"12:30",1.75,"1:45",-75,-105," 0H 00M","0","-1.75"
2025,"Martinez, Justin",,679885,"R","4-Seamer / Sinker","FF","4-Seamer","SI","Sinker",157,49,96,1.5,"1:30",1.25,"1:15",15,108,95,1.5,"1:30",2.25,"2:15",-45,-60," 0H 00M","0","-1"
2025,"Hoglund, Gunnar",,680684,"R","4-Seamer / Sinker","FF","4-Seamer","SI","Sinker",285,195,94,12.75,"12:45",12.75,"12:45",0,90,95,1.25,"1:15",1.75,"1:45",-30,-30,"-0H 30M","-0.5","-1"
2025,"Richardson, Lyon",,680689,"R","4-Seamer / Sinker","FF","4-Seamer","SI","Sinker",316,130,93,1.25,"1:15",1.25,"1:15",0,186,89,1.5,"1:30",2.25,"2:15",-45,-45,"-0H 15M","-0.25","-1"
2025,"Bradish, Kyle",,680694,"R","4-Seamer / Sinker","FF","4-Seamer","SI","Sinker",245,110,78,12,"12:00",11.75,"11:45",15,135,78,12.25,"12:15",1.25,"1:15",-60,-75,"-0H 15M","-0.25","-1.5"
2025,"Sandlin, Nick",,680704,"R","4-Seamer / Sinker","FF","4-Seamer","SI","Sinker",89,60,84,2,"2:00",1.75,"1:45",15,29,85,2,"2:00",2.75,"2:45",-45,-60," 0H 00M","0","-1"
2025,"Burke, Sean",,680732,"R","4-Seamer / Sinker","FF","4-Seamer","SI","Sinker",1138,1018,88,12.75,"12:45",12.5,"12:30",15,120,94,1,"1:00",1.5,"1:30",-30,-45,"-0H 15M","-0.25","-1"
2025,"Wrobleski, Justin",,680736,"L","4-Seamer / Sinker","FF","4-Seamer","SI","Sinker",536,311,87,10.75,"10:45",11.25,"11:15",-30,225,88,10.75,"10:45",10,"10:00",45,75," 0H 00M","0","1.25"
2025,"Bowlan, Jonathan",,680742,"R","4-Seamer / Sinker","FF","4-Seamer","SI","Sinker",368,243,94,1,"1:00",12.75,"12:45",15,125,93,1,"1:00",1.75,"1:45",-45,-60," 0H 00M","0","-1"
2025,"Schwellenbach, Spencer",,680885,"R","4-Seamer / Sinker","FF","4-Seamer","SI","Sinker",706,556,82,1.25,"1:15",12.75,"12:45",30,150,77,1.25,"1:15",2.25,"2:15",-60,-90," 0H 00M","0","-1.5"
2025,"Simpson, Josh",,681006,"L","4-Seamer / Sinker","FF","4-Seamer","SI","Sinker",208,72,80,10.5,"10:30",10.75,"10:45",-15,136,74,10.5,"10:30",9.5,"9:30",60,75," 0H 00M","0","1.25"
2025,"Murray, Jayden",,681151,"R","4-Seamer / Sinker","FF","4-Seamer","SI","Sinker",122,75,82,1.5,"1:30",1.25,"1:15",15,47,83,1.5,"1:30",2.25,"2:15",-45,-60," 0H 00M","0","-1"
2025,"Curvelo, Luis",,681168,"R","4-Seamer / Sinker","FF","4-Seamer","SI","Sinker",176,99,98,1.5,"1:30",1.5,"1:30",0,77,98,1.5,"1:30",2,"2:00",-30,-30," 0H 00M","0","-0.5"
2025,"Vásquez, Randy",,681190,"R","4-Seamer / Sinker","FF","4-Seamer","SI","Sinker",861,450,88,1,"1:00",1,"1:00",0,411,86,1.25,"1:15",2,"2:00",-45,-45,"-0H 15M","-0.25","-1"
2025,"Silseth, Chase",,681217,"R","4-Seamer / Sinker","FF","4-Seamer","SI","Sinker",102,76,88,1.25,"1:15",1,"1:00",15,26,87,1,"1:00",2,"2:00",-60,-75,"+0H 15M","0.25","-1"
2025,"Arrighetti, Spencer",,681293,"R","4-Seamer / Sinker","FF","4-Seamer","SI","Sinker",251,196,95,1.5,"1:30",1.5,"1:30",0,55,94,1.5,"1:30",2.25,"2:15",-45,-45," 0H 00M","0","-0.75"
2025,"Smith, Shane",,681343,"R","4-Seamer / Sinker","FF","4-Seamer","SI","Sinker",1368,1091,80,1.25,"1:15",1,"1:00",15,277,87,1.25,"1:15",2,"2:00",-45,-60," 0H 00M","0","-1"
2025,"Burrows, Mike",,681347,"R","4-Seamer / Sinker","FF","4-Seamer","SI","Sinker",689,603,92,12.75,"12:45",12.75,"12:45",0,86,94,1,"1:00",1.75,"1:45",-45,-45,"-0H 15M","-0.25","-1"
2025,"Leahy, Kyle",,681517,"R","4-Seamer / Sinker","FF","4-Seamer","SI","Sinker",509,410,86,12.75,"12:45",12.5,"12:30",15,99,84,12.75,"12:45",1.75,"1:45",-60,-75," 0H 00M","0","-1.25"
2025,"Warren, Austin",,681810,"R","4-Seamer / Sinker","FF","4-Seamer","SI","Sinker",72,20,96,1.75,"1:45",1.5,"1:30",15,52,97,1.75,"1:45",2.5,"2:30",-45,-60," 0H 00M","0","-1"
2025,"Olson, Reese",,681857,"R","4-Seamer / Sinker","FF","4-Seamer","SI","Sinker",491,185,88,1.5,"1:30",1.25,"1:15",15,306,89,1.5,"1:30",2,"2:00",-30,-45," 0H 00M","0","-0.75"
2025,"Dubin, Shawn",,681869,"R","4-Seamer / Sinker","FF","4-Seamer","SI","Sinker",276,187,91,1.25,"1:15",1.5,"1:30",-15,89,91,1.5,"1:30",2.25,"2:15",-45,-30,"-0H 15M","-0.25","-0.75"
2025,"Selby, Colin",,681882,"R","4-Seamer / Sinker","FF","4-Seamer","SI","Sinker",122,32,92,1,"1:00",12.75,"12:45",15,90,88,1,"1:00",2,"2:00",-60,-75," 0H 00M","0","-1.25"
2025,"Sisk, Evan",,681895,"L","4-Seamer / Sinker","FF","4-Seamer","SI","Sinker",157,65,74,10.75,"10:45",11,"11:00",-15,92,73,10.5,"10:30",9.5,"9:30",60,75,"+0H 15M","0.25","1.5"
2025,"Smith, Dylan",,681916,"R","4-Seamer / Sinker","FF","4-Seamer","SI","Sinker",94,84,92,12.5,"12:30",12.25,"12:15",15,10,98,1,"1:00",1.5,"1:30",-30,-45,"-0H 30M","-0.5","-1.25"
2025,"Anderson, Grant",,681982,"R","4-Seamer / Sinker","FF","4-Seamer","SI","Sinker",664,384,82,2,"2:00",1.75,"1:45",15,280,81,2.25,"2:15",3,"3:00",-45,-60,"-0H 15M","-0.25","-1.25"
2025,"Lopez, Jacob",,682052,"L","4-Seamer / Sinker","FF","4-Seamer","SI","Sinker",687,613,94,10.25,"10:15",10.25,"10:15",0,74,94,10,"10:00",9.5,"9:30",30,30,"+0H 15M","0.25","0.75"
2025,"Herrin, Tim",,682120,"L","4-Seamer / Sinker","FF","4-Seamer","SI","Sinker",314,195,70,10.5,"10:30",10.75,"10:45",-15,119,70,10.25,"10:15",9.25,"9:15",60,75,"+0H 15M","0.25","1.5"
2025,"Murfee, Penn",,682171,"R","4-Seamer / Sinker","FF","4-Seamer","SI","Sinker",116,86,37,2.25,"2:15",1,"1:00",75,30,61,2.5,"2:30",3.5,"3:30",-60,-135,"-0H 15M","-0.25","-2.5"
2025,"Miller, Bryce",,682243,"R","4-Seamer / Sinker","FF","4-Seamer","SI","Sinker",883,630,93,12.75,"12:45",12.75,"12:45",0,253,90,1,"1:00",1.75,"1:45",-45,-45,"-0H 15M","-0.25","-1"
2025,"Muñoz, Roddery",,682610,"R","4-Seamer / Sinker","FF","4-Seamer","SI","Sinker",86,37,81,1.5,"1:30",1,"1:00",30,49,79,1.25,"1:15",2.5,"2:30",-75,-105,"+0H 15M","0.25","-1.5"
2025,"Uribe, Abner",,682842,"R","4-Seamer / Sinker","FF","4-Seamer","SI","Sinker",613,36,71,1.25,"1:15",1,"1:00",15,577,71,1,"1:00",2.25,"2:15",-75,-90,"+0H 15M","0.25","-1.25"
2025,"Ortiz, Luis",,682847,"R","4-Seamer / Sinker","FF","4-Seamer","SI","Sinker",725,439,90,1.75,"1:45",1.75,"1:45",0,286,81,1.75,"1:45",2.75,"2:45",-60,-60," 0H 00M","0","-1"
2025,"Leiter, Jack",,683004,"R","4-Seamer / Sinker","FF","4-Seamer","SI","Sinker",1298,978,95,1,"1:00",1,"1:00",0,320,95,1,"1:00",1.5,"1:30",-30,-30," 0H 00M","0","-0.5"
2025,"Estes, Joey",,683155,"R","4-Seamer / Sinker","FF","4-Seamer","SI","Sinker",110,96,93,1,"1:00",12.75,"12:45",15,14,93,1,"1:00",1.75,"1:45",-45,-60," 0H 00M","0","-1"
2025,"Henriquez, Edgardo",,683618,"R","4-Seamer / Sinker","FF","4-Seamer","SI","Sinker",146,65,95,1,"1:00",1,"1:00",0,81,96,1,"1:00",1.75,"1:45",-45,-45," 0H 00M","0","-0.75"
2025,"Imanaga, Shota",,684007,"L","4-Seamer / Sinker","FF","4-Seamer","SI","Sinker",1056,1028,99,10.75,"10:45",10.75,"10:45",0,28,92,10.5,"10:30",10,"10:00",30,30,"+0H 15M","0.25","0.75"
2025,"Rodríguez, Yariel",,684320,"R","4-Seamer / Sinker","FF","4-Seamer","SI","Sinker",542,472,76,1,"1:00",12.5,"12:30",30,70,86,1.25,"1:15",2,"2:00",-45,-75,"-0H 15M","-0.25","-1.5"
2025,"Ragsdale, Carson",,685068,"R","4-Seamer / Sinker","FF","4-Seamer","SI","Sinker",49,27,96,12.75,"12:45",12.5,"12:30",15,22,94,1,"1:00",1.75,"1:45",-45,-60,"-0H 15M","-0.25","-1.25"
2025,"Veneziano, Anthony",,685107,"L","4-Seamer / Sinker","FF","4-Seamer","SI","Sinker",202,146,87,10.5,"10:30",11,"11:00",-30,56,90,10.5,"10:30",10,"10:00",30,60," 0H 00M","0","1"
2025,"Eisert, Brandon",,685126,"L","4-Seamer / Sinker","FF","4-Seamer","SI","Sinker",423,384,96,10.5,"10:30",10.75,"10:45",-15,39,93,10.5,"10:30",9.75,"9:45",45,60," 0H 00M","0","1"
2025,"Saalfrank, Andrew",,685314,"L","4-Seamer / Sinker","FF","4-Seamer","SI","Sinker",236,57,47,11.5,"11:30",12.25,"12:15",-45,179,54,11.5,"11:30",9.75,"9:45",105,150," 0H 00M","0","2.5"
2025,"Cannon, Jonathan",,686563,"R","4-Seamer / Sinker","FF","4-Seamer","SI","Sinker",714,324,86,1.5,"1:30",1,"1:00",30,390,84,1.5,"1:30",2.5,"2:30",-60,-90," 0H 00M","0","-1.5"
2025,"Brown, Hunter",,686613,"R","4-Seamer / Sinker","FF","4-Seamer","SI","Sinker",1780,1125,95,12.75,"12:45",12.75,"12:45",0,655,88,1,"1:00",1.75,"1:45",-45,-45,"-0H 15M","-0.25","-1"
2025,"Ellard, Fraser",,686642,"L","4-Seamer / Sinker","FF","4-Seamer","SI","Sinker",217,169,85,10.5,"10:30",10.75,"10:45",-15,48,77,10.5,"10:30",9.5,"9:30",60,75," 0H 00M","0","1.25"
2025,"Bergert, Ryan",,686701,"R","4-Seamer / Sinker","FF","4-Seamer","SI","Sinker",644,558,95,1,"1:00",12.75,"12:45",15,86,97,1.25,"1:15",1.75,"1:45",-30,-45,"-0H 15M","-0.25","-1"
2025,"Spiers, Carson",,686730,"R","4-Seamer / Sinker","FF","4-Seamer","SI","Sinker",84,35,85,1,"1:00",12.75,"12:45",15,49,80,1.25,"1:15",2.25,"2:15",-60,-75,"-0H 15M","-0.25","-1.5"
2025,"La Sorsa, Joe",,686747,"L","4-Seamer / Sinker","FF","4-Seamer","SI","Sinker",64,25,98,10,"10:00",10.25,"10:15",-15,39,94,10.25,"10:15",9.5,"9:30",45,60,"-0H 15M","-0.25","0.75"
2025,"Pepiot, Ryan",,686752,"R","4-Seamer / Sinker","FF","4-Seamer","SI","Sinker",1241,1189,99,12.75,"12:45",12.75,"12:45",0,52,96,1,"1:00",1.5,"1:30",-30,-30,"-0H 15M","-0.25","-0.75"
2025,"Jameson, Drey",,686753,"R","4-Seamer / Sinker","FF","4-Seamer","SI","Sinker",26,10,91,1,"1:00",1,"1:00",0,16,89,1.75,"1:45",2.5,"2:30",-45,-45,"-0H 45M","-0.75","-1.5"
2025,"Kochanowicz, Jack",,686799,"R","4-Seamer / Sinker","FF","4-Seamer","SI","Sinker",1176,343,82,1.5,"1:30",1,"1:00",30,833,77,1.5,"1:30",2.75,"2:45",-75,-105," 0H 00M","0","-1.75"
2025,"Jarvis, Bryce",,686826,"R","4-Seamer / Sinker","FF","4-Seamer","SI","Sinker",201,171,97,1.5,"1:30",1.25,"1:15",15,30,95,1.75,"1:45",2,"2:00",-15,-30,"-0H 15M","-0.25","-0.75"
2025,"Varland, Louis",,686973,"R","4-Seamer / Sinker","FF","4-Seamer","SI","Sinker",540,472,92,1,"1:00",1,"1:00",0,68,94,1.25,"1:15",1.75,"1:45",-30,-30,"-0H 15M","-0.25","-0.75"
2025,"Van Belle, Brian",,687003,"R","4-Seamer / Sinker","FF","4-Seamer","SI","Sinker",42,11,79,1.25,"1:15",1,"1:00",15,31,84,1.5,"1:30",2.5,"2:30",-60,-75,"-0H 15M","-0.25","-1.5"
2025,"Sproat, Brandon",,687075,"R","4-Seamer / Sinker","FF","4-Seamer","SI","Sinker",137,40,93,1.5,"1:30",1,"1:00",30,97,85,1.5,"1:30",2.25,"2:15",-45,-75," 0H 00M","0","-1.25"
2025,"Monteverde, Patrick",,687287,"L","4-Seamer / Sinker","FF","4-Seamer","SI","Sinker",24,13,85,11,"11:00",11.25,"11:15",-15,11,90,11,"11:00",10.25,"10:15",45,60," 0H 00M","0","1"
2025,"Kelly, Kevin",,687330,"R","4-Seamer / Sinker","FF","4-Seamer","SI","Sinker",363,46,81,2,"2:00",1.75,"1:45",15,317,84,2.25,"2:15",3.25,"3:15",-60,-75,"-0H 15M","-0.25","-1.5"
2025,"Ribalta, Orlando",,687377,"R","4-Seamer / Sinker","FF","4-Seamer","SI","Sinker",279,186,87,1,"1:00",12.75,"12:45",15,93,87,1,"1:00",2,"2:00",-60,-75," 0H 00M","0","-1.25"
2025,"Gusto, Ryan",,687473,"R","4-Seamer / Sinker","FF","4-Seamer","SI","Sinker",952,769,90,12.75,"12:45",12.75,"12:45",0,183,83,1.25,"1:15",2.25,"2:15",-60,-60,"-0H 30M","-0.5","-1.5"
2025,"Gipson-Long, Sawyer",,687830,"R","4-Seamer / Sinker","FF","4-Seamer","SI","Sinker",216,131,88,1.5,"1:30",1.25,"1:15",15,85,83,1.5,"1:30",2.5,"2:30",-60,-75," 0H 00M","0","-1.25"
2025,"Kent, Zak",,687849,"R","4-Seamer / Sinker","FF","4-Seamer","SI","Sinker",110,90,52,12,"12:00",11.5,"11:30",30,20,68,12.25,"12:15",1.25,"1:15",-60,-90,"-0H 15M","-0.25","-1.75"
2025,"Walter, Brandon",,687888,"L","4-Seamer / Sinker","FF","4-Seamer","SI","Sinker",259,157,89,10.25,"10:15",10.5,"10:30",-15,102,89,10.25,"10:15",9.5,"9:30",45,60," 0H 00M","0","1"
2025,"King, Bryan",,687911,"L","4-Seamer / Sinker","FF","4-Seamer","SI","Sinker",712,655,75,11,"11:00",11.5,"11:30",-30,57,77,11,"11:00",9.75,"9:45",75,105," 0H 00M","0","1.75"
2025,"Gasser, Robert",,688107,"L","4-Seamer / Sinker","FF","4-Seamer","SI","Sinker",54,35,86,10.75,"10:45",11,"11:00",-15,19,80,10.75,"10:45",10,"10:00",45,60," 0H 00M","0","1"
2025,"Evans, Logan",,688138,"R","4-Seamer / Sinker","FF","4-Seamer","SI","Sinker",370,144,94,2,"2:00",1.75,"1:45",15,226,94,2,"2:00",2.5,"2:30",-30,-45," 0H 00M","0","-0.75"
2025,"Morgan, David",,688158,"R","4-Seamer / Sinker","FF","4-Seamer","SI","Sinker",445,281,82,1.25,"1:15",1,"1:00",15,164,88,1.75,"1:45",2.5,"2:30",-45,-60,"-0H 30M","-0.5","-1.5"
2025,"Roycroft, Chris",,688297,"R","4-Seamer / Sinker","FF","4-Seamer","SI","Sinker",290,112,68,1.75,"1:45",1.25,"1:15",30,178,93,2.25,"2:15",2.75,"2:45",-30,-60,"-0H 30M","-0.5","-1.5"
2025,"Kerkering, Orion",,689147,"R","4-Seamer / Sinker","FF","4-Seamer","SI","Sinker",557,364,97,1.5,"1:30",1.25,"1:15",15,193,92,1.5,"1:30",2,"2:00",-30,-45," 0H 00M","0","-0.75"
2025,"Brieske, Beau",,689225,"R","4-Seamer / Sinker","FF","4-Seamer","SI","Sinker",264,197,90,12.75,"12:45",12.5,"12:30",15,67,88,12.75,"12:45",1.5,"1:30",-45,-60," 0H 00M","0","-1"
2025,"Jacob, Alek",,689690,"R","4-Seamer / Sinker","FF","4-Seamer","SI","Sinker",333,247,88,1.75,"1:45",1.75,"1:45",0,86,90,2.25,"2:15",2.75,"2:45",-30,-30,"-0H 30M","-0.5","-1"
2025,"Horn, Bailey",,690544,"L","4-Seamer / Sinker","FF","4-Seamer","SI","Sinker",117,73,86,11,"11:00",11.5,"11:30",-30,44,81,11.25,"11:15",10.25,"10:15",60,90,"-0H 15M","-0.25","1.25"
2025,"Joyce, Ben",,690829,"R","4-Seamer / Sinker","FF","4-Seamer","SI","Sinker",63,35,93,1.25,"1:15",1.25,"1:15",0,28,89,1.5,"1:30",2.5,"2:30",-60,-60,"-0H 15M","-0.25","-1.25"
2025,"Fitts, Richard",,690916,"R","4-Seamer / Sinker","FF","4-Seamer","SI","Sinker",348,285,86,12.5,"12:30",12.25,"12:15",15,63,85,12.5,"12:30",1.5,"1:30",-60,-75," 0H 00M","0","-1.25"
2025,"Dobbins, Hunter",,690928,"R","4-Seamer / Sinker","FF","4-Seamer","SI","Sinker",390,377,77,12.25,"12:15",12.25,"12:15",0,13,83,12.75,"12:45",2,"2:00",-75,-75,"-0H 30M","-0.5","-1.75"
2025,"Abel, Mick",,690953,"R","4-Seamer / Sinker","FF","4-Seamer","SI","Sinker",398,311,84,1.25,"1:15",1,"1:00",15,87,78,1.25,"1:15",2,"2:00",-45,-60," 0H 00M","0","-1"
2025,"Horton, Cade",,690990,"R","4-Seamer / Sinker","FF","4-Seamer","SI","Sinker",993,897,74,12.5,"12:30",12,"12:00",30,96,71,12.5,"12:30",1.5,"1:30",-60,-90," 0H 00M","0","-1.5"
2025,"McLean, Nolan",,690997,"R","4-Seamer / Sinker","FF","4-Seamer","SI","Sinker",286,98,86,1.75,"1:45",1.25,"1:15",30,188,77,1.75,"1:45",2.75,"2:45",-60,-90," 0H 00M","0","-1.5"
2025,"Zulueta, Yosver",,691172,"R","4-Seamer / Sinker","FF","4-Seamer","SI","Sinker",80,25,96,1.75,"1:45",1.75,"1:45",0,55,94,2,"2:00",2.5,"2:30",-30,-30,"-0H 15M","-0.25","-0.75"
2025,"Lara, Andry",,691251,"R","4-Seamer / Sinker","FF","4-Seamer","SI","Sinker",155,98,98,1.5,"1:30",1.75,"1:45",-15,57,99,1.5,"1:30",2,"2:00",-30,-15," 0H 00M","0","-0.25"
2025,"Mena, Cristian",,691441,"R","4-Seamer / Sinker","FF","4-Seamer","SI","Sinker",41,29,92,12.75,"12:45",12.75,"12:45",0,12,85,12.75,"12:45",1.75,"1:45",-60,-60," 0H 00M","0","-1"
2025,"Pérez, Eury",,691587,"R","4-Seamer / Sinker","FF","4-Seamer","SI","Sinker",876,862,96,1.25,"1:15",1,"1:00",15,14,95,1.25,"1:15",2,"2:00",-45,-60," 0H 00M","0","-1"
2025,"Rodriguez, Carlos",,692230,"R","4-Seamer / Sinker","FF","4-Seamer","SI","Sinker",66,54,87,1,"1:00",12.75,"12:45",15,12,94,1.25,"1:15",2,"2:00",-45,-60,"-0H 15M","-0.25","-1.25"
2025,"Seymour, Carson",,693313,"R","4-Seamer / Sinker","FF","4-Seamer","SI","Sinker",395,137,84,1.5,"1:30",1,"1:00",30,258,76,1.5,"1:30",2.5,"2:30",-60,-90," 0H 00M","0","-1.5"
2025,"Woo, Bryan",,693433,"R","4-Seamer / Sinker","FF","4-Seamer","SI","Sinker",1938,1257,91,1.5,"1:30",1.25,"1:15",15,681,85,1.5,"1:30",2.5,"2:30",-60,-75," 0H 00M","0","-1.25"
2025,"Schlittler, Cam",,693645,"R","4-Seamer / Sinker","FF","4-Seamer","SI","Sinker",776,686,89,12.75,"12:45",12.75,"12:45",0,90,83,12.75,"12:45",1.5,"1:30",-45,-45," 0H 00M","0","-0.75"
2025,"Elder, Bryce",,693821,"R","4-Seamer / Sinker","FF","4-Seamer","SI","Sinker",1303,307,82,12.75,"12:45",12.5,"12:30",15,996,76,1,"1:00",2.25,"2:15",-75,-90,"-0H 15M","-0.25","-1.75"
2025,"Seymour, Ian",,693855,"L","4-Seamer / Sinker","FF","4-Seamer","SI","Sinker",371,317,94,11,"11:00",11.25,"11:15",-15,54,93,11,"11:00",10.25,"10:15",45,60," 0H 00M","0","1"
2025,"Palencia, Daniel",,694037,"R","4-Seamer / Sinker","FF","4-Seamer","SI","Sinker",604,594,99,1.25,"1:15",1.25,"1:15",0,10,100,1.5,"1:30",1.75,"1:45",-15,-15,"-0H 15M","-0.25","-0.5"
2025,"Pfaadt, Brandon",,694297,"R","4-Seamer / Sinker","FF","4-Seamer","SI","Sinker",1359,681,76,1.25,"1:15",12.75,"12:45",30,678,79,1.25,"1:15",2.25,"2:15",-60,-90," 0H 00M","0","-1.5"
2025,"Svanson, Matt",,694335,"R","4-Seamer / Sinker","FF","4-Seamer","SI","Sinker",470,13,88,1.5,"1:30",1.25,"1:15",15,457,87,1.25,"1:15",2,"2:00",-45,-60,"+0H 15M","0.25","-0.75"
2025,"Shuster, Jared",,694363,"L","4-Seamer / Sinker","FF","4-Seamer","SI","Sinker",102,91,93,10.25,"10:15",10.5,"10:30",-15,11,96,10.5,"10:30",9.75,"9:45",45,60,"-0H 15M","-0.25","0.75"
2025,"Waldrep, Hurston",,694462,"R","4-Seamer / Sinker","FF","4-Seamer","SI","Sinker",166,22,81,12.75,"12:45",12.75,"12:45",0,144,81,12.75,"12:45",1.75,"1:45",-60,-60," 0H 00M","0","-1"
2025,"Patrick, Chad",,694477,"R","4-Seamer / Sinker","FF","4-Seamer","SI","Sinker",912,440,91,1,"1:00",12.75,"12:45",15,472,86,1,"1:00",2,"2:00",-60,-75," 0H 00M","0","-1.25"
2025,"Roupp, Landen",,694738,"R","4-Seamer / Sinker","FF","4-Seamer","SI","Sinker",735,13,89,2,"2:00",2,"2:00",0,722,87,2,"2:00",2.75,"2:45",-45,-45," 0H 00M","0","-0.75"
2025,"Tidwell, Blade",,694918,"R","4-Seamer / Sinker","FF","4-Seamer","SI","Sinker",178,121,93,1,"1:00",12.75,"12:45",15,57,93,1,"1:00",1.75,"1:45",-45,-60," 0H 00M","0","-1"
2025,"Skenes, Paul",,694973,"R","4-Seamer / Sinker","FF","4-Seamer","SI","Sinker",1473,1186,97,2,"2:00",1.75,"1:45",15,287,96,2,"2:00",2.5,"2:30",-30,-45," 0H 00M","0","-0.75"
2025,"Lord, Brad",,695418,"R","4-Seamer / Sinker","FF","4-Seamer","SI","Sinker",1416,1032,98,2.25,"2:15",2,"2:00",15,384,99,2.25,"2:15",2.75,"2:45",-30,-45," 0H 00M","0","-0.75"
2025,"Lee, Chase",,695445,"R","4-Seamer / Sinker","FF","4-Seamer","SI","Sinker",344,158,37,2.5,"2:30",1.5,"1:30",60,186,39,2.5,"2:30",3.75,"3:45",-75,-135," 0H 00M","0","-2.25"
2025,"Petty, Chase",,695534,"R","4-Seamer / Sinker","FF","4-Seamer","SI","Sinker",78,37,99,1.75,"1:45",1.75,"1:45",0,41,97,2,"2:00",2,"2:00",0,0,"-0H 15M","-0.25","-0.25"
2025,"Jobe, Jackson",,695549,"R","4-Seamer / Sinker","FF","4-Seamer","SI","Sinker",387,273,94,1,"1:00",12.75,"12:45",15,114,88,1.25,"1:15",2,"2:00",-45,-60,"-0H 15M","-0.25","-1.25"
2025,"Black, Mason",,696131,"R","4-Seamer / Sinker","FF","4-Seamer","SI","Sinker",44,32,99,1.5,"1:30",1.25,"1:15",15,12,95,1.5,"1:30",2.25,"2:15",-45,-60," 0H 00M","0","-1"
2025,"Wicks, Jordan",,696136,"L","4-Seamer / Sinker","FF","4-Seamer","SI","Sinker",108,86,78,11.25,"11:15",11.5,"11:30",-15,22,87,11,"11:00",10,"10:00",60,75,"+0H 15M","0.25","1.5"
2025,"Rock, Joe",,697812,"L","4-Seamer / Sinker","FF","4-Seamer","SI","Sinker",97,29,95,10.25,"10:15",10.5,"10:30",-15,68,93,10.25,"10:15",9.5,"9:30",45,60," 0H 00M","0","1"
2025,"Rodriguez, Bradgley",,699134,"R","4-Seamer / Sinker","FF","4-Seamer","SI","Sinker",83,51,94,1.25,"1:15",1,"1:00",15,32,90,1,"1:00",1.75,"1:45",-45,-60,"+0H 15M","0.25","-0.75"
2025,"Taylor, Troy",,700187,"R","4-Seamer / Sinker","FF","4-Seamer","SI","Sinker",83,64,96,1.75,"1:45",1.5,"1:30",15,19,94,1.75,"1:45",2.25,"2:15",-30,-45," 0H 00M","0","-0.75"
2025,"McGreevy, Michael",,700241,"R","4-Seamer / Sinker","FF","4-Seamer","SI","Sinker",693,376,86,1.5,"1:30",1.25,"1:15",15,317,77,1.5,"1:30",2.5,"2:30",-60,-75," 0H 00M","0","-1.25"
2025,"Povich, Cade",,700249,"L","4-Seamer / Sinker","FF","4-Seamer","SI","Sinker",942,709,95,10.75,"10:45",11,"11:00",-15,233,94,10.75,"10:45",10.25,"10:15",30,45," 0H 00M","0","0.75"
2025,"Graceffo, Gordon",,700669,"R","4-Seamer / Sinker","FF","4-Seamer","SI","Sinker",342,322,94,12.75,"12:45",12.75,"12:45",0,20,95,1,"1:00",1.5,"1:30",-30,-30,"-0H 15M","-0.25","-0.75"
2025,"VanWey, Logan",,701121,"R","4-Seamer / Sinker","FF","4-Seamer","SI","Sinker",110,95,91,1.75,"1:45",1.5,"1:30",15,15,85,1.75,"1:45",2.75,"2:45",-60,-75," 0H 00M","0","-1.25"
2025,"Ohl, Pierson",,701487,"R","4-Seamer / Sinker","FF","4-Seamer","SI","Sinker",238,226,99,1,"1:00",1,"1:00",0,12,99,1,"1:00",1.25,"1:15",-15,-15," 0H 00M","0","-0.25"
2025,"Adams, Travis",,701519,"R","4-Seamer / Sinker","FF","4-Seamer","SI","Sinker",269,195,80,1,"1:00",12.75,"12:45",15,74,83,1.25,"1:15",2.25,"2:15",-60,-75,"-0H 15M","-0.25","-1.5"
2025,"Warren, Will",,701542,"R","4-Seamer / Sinker","FF","4-Seamer","SI","Sinker",1745,1165,76,1.25,"1:15",1,"1:00",15,580,73,1.5,"1:30",2.75,"2:45",-75,-90,"-0H 15M","-0.25","-1.75"
2025,"Festa, David",,701581,"R","4-Seamer / Sinker","FF","4-Seamer","SI","Sinker",390,280,87,12.75,"12:45",12.25,"12:15",30,110,93,12.75,"12:45",1.5,"1:30",-45,-75," 0H 00M","0","-1.25"
2025,"Bivens, Spencer",,702352,"R","4-Seamer / Sinker","FF","4-Seamer","SI","Sinker",552,79,89,1.25,"1:15",1,"1:00",15,473,85,1.5,"1:30",2.5,"2:30",-60,-75,"-0H 15M","-0.25","-1.5"
2025,"Loutos, Ryan",,702795,"R","4-Seamer / Sinker","FF","4-Seamer","SI","Sinker",119,107,99,1.75,"1:45",1.75,"1:45",0,12,98,1.75,"1:45",2.5,"2:30",-45,-45," 0H 00M","0","-0.75"
2025,"Messick, Parker",,800048,"L","4-Seamer / Sinker","FF","4-Seamer","SI","Sinker",309,225,93,11.25,"11:15",11.5,"11:30",-15,84,87,11,"11:00",10.25,"10:15",45,60,"+0H 15M","0.25","1.25"
2025,"Mazur, Adam",,800049,"R","4-Seamer / Sinker","FF","4-Seamer","SI","Sinker",195,116,90,12.75,"12:45",12.5,"12:30",15,79,82,12.75,"12:45",1.75,"1:45",-60,-75," 0H 00M","0","-1.25"
2025,"Montes De Oca, Christian",,801216,"R","4-Seamer / Sinker","FF","4-Seamer","SI","Sinker",28,16,92,1,"1:00",12.75,"12:45",15,12,94,1.25,"1:15",1.75,"1:45",-30,-45,"-0H 15M","-0.25","-1"
2025,"Dollander, Chase",,801403,"R","4-Seamer / Sinker","FF","4-Seamer","SI","Sinker",1039,864,94,1.75,"1:45",1.5,"1:30",15,175,86,1.75,"1:45",2.5,"2:30",-45,-60," 0H 00M","0","-1"
2025,"Sommers, Drew",,805427,"L","4-Seamer / Sinker","FF","4-Seamer","SI","Sinker",42,10,86,10,"10:00",10.25,"10:15",-15,32,83,10.25,"10:15",9.25,"9:15",60,75,"-0H 15M","-0.25","1"
2025,"Matthews, Zebby",,805673,"R","4-Seamer / Sinker","FF","4-Seamer","SI","Sinker",614,532,96,1,"1:00",1,"1:00",0,82,95,1.25,"1:15",1.75,"1:45",-30,-30,"-0H 15M","-0.25","-0.75"
2025,"Gibson, Cade",,806188,"L","4-Seamer / Sinker","FF","4-Seamer","SI","Sinker",300,88,85,10.75,"10:45",10.75,"10:45",0,212,83,10.5,"10:30",9.75,"9:45",45,45,"+0H 15M","0.25","1"
2025,"Yamamoto, Yoshinobu",,808967,"R","4-Seamer / Sinker","FF","4-Seamer","SI","Sinker",1171,966,91,1,"1:00",12.75,"12:45",15,205,87,1,"1:00",1.75,"1:45",-45,-60," 0H 00M","0","-1"
2025,"Early, Connelly",,813349,"L","4-Seamer / Sinker","FF","4-Seamer","SI","Sinker",136,95,87,10.75,"10:45",10.75,"10:45",0,41,91,10.25,"10:15",9.75,"9:45",30,30,"+0H 30M","0.5","1"
2025,"Fermin, José",,820862,"R","4-Seamer / Sinker","FF","4-Seamer","SI","Sinker",322,299,95,1,"1:00",1,"1:00",0,23,92,1,"1:00",1.75,"1:45",-45,-45," 0H 00M","0","-0.75"
2025,"Ogasawara, Shinnosuke",,829272,"L","4-Seamer / Sinker","FF","4-Seamer","SI","Sinker",267,257,91,10.75,"10:45",11.25,"11:15",-30,10,96,10.5,"10:30",10.25,"10:15",15,45,"+0H 15M","0.25","1"